INFO:root:Started
INFO:root:Started
INFO:sqlalchemy.engine.Engine:SELECT DATABASE()
INFO:sqlalchemy.engine.Engine:[raw sql] {}
INFO:sqlalchemy.engine.Engine:SELECT @@sql_mode
INFO:sqlalchemy.engine.Engine:[raw sql] {}
INFO:sqlalchemy.engine.Engine:SELECT @@lower_case_table_names
INFO:sqlalchemy.engine.Engine:[raw sql] {}
INFO:sqlalchemy.engine.Engine:BEGIN (implicit)
INFO:sqlalchemy.engine.Engine:DESCRIBE `salamcity`.`organizations`
INFO:sqlalchemy.engine.Engine:[raw sql] {}
INFO:sqlalchemy.engine.Engine:DESCRIBE `salamcity`.`events`
INFO:sqlalchemy.engine.Engine:[raw sql] {}
INFO:sqlalchemy.engine.Engine:DESCRIBE `salamcity`.`prayer_times`
INFO:sqlalchemy.engine.Engine:[raw sql] {}
INFO:sqlalchemy.engine.Engine:COMMIT
INFO:root:Database connected
INFO:sqlalchemy.engine.Engine:BEGIN (implicit)
INFO:sqlalchemy.engine.Engine:SELECT organizations.id AS organizations_id, organizations.name AS organizations_name, organizations.name_short AS organizations_name_short, organizations.location AS organizations_location, organizations.phone_number AS organizations_phone_number, organizations.email AS organizations_email, organizations.description AS organizations_description, organizations.image AS organizations_image, organizations.website AS organizations_website, organizations.facebook AS organizations_facebook, organizations.twitter AS organizations_twitter, organizations.instagram AS organizations_instagram, organizations.youtube AS organizations_youtube 
FROM organizations
INFO:sqlalchemy.engine.Engine:[generated in 0.00057s] {}
INFO:sqlalchemy.engine.Engine:ROLLBACK
INFO:werkzeug:[31m[1mWARNING: This is a development server. Do not use it in a production deployment. Use a production WSGI server instead.[0m
 * Running on http://127.0.0.1:5000
INFO:werkzeug:[33mPress CTRL+C to quit[0m
INFO:sqlalchemy.engine.Engine:BEGIN (implicit)
INFO:sqlalchemy.engine.Engine:SELECT prayer_times.id AS prayer_times_id, prayer_times.prayer_name AS prayer_times_prayer_name, prayer_times.athan_time AS prayer_times_athan_time, prayer_times.iqama_time AS prayer_times_iqama_time, prayer_times.jumuah_time AS prayer_times_jumuah_time, prayer_times.jumuah_time2 AS prayer_times_jumuah_time2, prayer_times.created_at AS prayer_times_created_at, prayer_times.organization_id AS prayer_times_organization_id, prayer_times.organization_name AS prayer_times_organization_name 
FROM prayer_times 
WHERE prayer_times.created_at >= %(created_at_1)s AND prayer_times.created_at <= %(created_at_2)s
INFO:sqlalchemy.engine.Engine:[generated in 0.00120s] {'created_at_1': datetime.datetime(2024, 3, 2, 0, 0), 'created_at_2': datetime.datetime(2024, 3, 2, 23, 59, 59)}
INFO:sqlalchemy.engine.Engine:BEGIN (implicit)
INFO:sqlalchemy.engine.Engine:SELECT prayer_times.id AS prayer_times_id, prayer_times.prayer_name AS prayer_times_prayer_name, prayer_times.athan_time AS prayer_times_athan_time, prayer_times.iqama_time AS prayer_times_iqama_time, prayer_times.jumuah_time AS prayer_times_jumuah_time, prayer_times.jumuah_time2 AS prayer_times_jumuah_time2, prayer_times.created_at AS prayer_times_created_at, prayer_times.organization_id AS prayer_times_organization_id, prayer_times.organization_name AS prayer_times_organization_name 
FROM prayer_times 
WHERE prayer_times.created_at >= %(created_at_1)s AND prayer_times.created_at <= %(created_at_2)s
INFO:sqlalchemy.engine.Engine:[cached since 0.006989s ago] {'created_at_1': datetime.datetime(2024, 3, 2, 0, 0), 'created_at_2': datetime.datetime(2024, 3, 2, 23, 59, 59)}
INFO:sqlalchemy.engine.Engine:ROLLBACK
INFO:werkzeug:127.0.0.1 - - [02/Mar/2024 21:48:56] "GET /api/v1/prayer_times HTTP/1.1" 200 -
INFO:sqlalchemy.engine.Engine:ROLLBACK
INFO:werkzeug:127.0.0.1 - - [02/Mar/2024 21:48:56] "GET /api/v1/prayer_times HTTP/1.1" 200 -
INFO:werkzeug:127.0.0.1 - - [02/Mar/2024 21:48:56] "GET /api/v1/organizations HTTP/1.1" 200 -
INFO:werkzeug:127.0.0.1 - - [02/Mar/2024 21:48:56] "GET /api/v1/organizations HTTP/1.1" 200 -
INFO:werkzeug:127.0.0.1 - - [02/Mar/2024 21:48:58] "GET /api/v1/organizations HTTP/1.1" 200 -
INFO:werkzeug:127.0.0.1 - - [02/Mar/2024 21:48:58] "GET /api/v1/organizations HTTP/1.1" 200 -
INFO:sqlalchemy.engine.Engine:BEGIN (implicit)
INFO:sqlalchemy.engine.Engine:BEGIN (implicit)
INFO:sqlalchemy.engine.Engine:SELECT events.id AS events_id, events.title AS events_title, events.link AS events_link, events.sub_links AS events_sub_links, events.image AS events_image, events.date AS events_date, events.start_time AS events_start_time, events.end_time AS events_end_time, events.location AS events_location, events.short_description AS events_short_description, events.full_description AS events_full_description, events.other_info AS events_other_info, events.cost AS events_cost, events.category AS events_category, events.created_at AS events_created_at, events.organization_id AS events_organization_id, events.organization_name AS events_organization_name 
FROM events 
WHERE events.created_at >= %(created_at_1)s AND events.created_at <= %(created_at_2)s
INFO:sqlalchemy.engine.Engine:SELECT events.id AS events_id, events.title AS events_title, events.link AS events_link, events.sub_links AS events_sub_links, events.image AS events_image, events.date AS events_date, events.start_time AS events_start_time, events.end_time AS events_end_time, events.location AS events_location, events.short_description AS events_short_description, events.full_description AS events_full_description, events.other_info AS events_other_info, events.cost AS events_cost, events.category AS events_category, events.created_at AS events_created_at, events.organization_id AS events_organization_id, events.organization_name AS events_organization_name 
FROM events 
WHERE events.created_at >= %(created_at_1)s AND events.created_at <= %(created_at_2)s
INFO:sqlalchemy.engine.Engine:[generated in 0.00160s] {'created_at_1': datetime.datetime(2024, 3, 2, 0, 0), 'created_at_2': datetime.datetime(2024, 3, 2, 23, 59, 59)}
INFO:sqlalchemy.engine.Engine:[cached since 0.002352s ago] {'created_at_1': datetime.datetime(2024, 3, 2, 0, 0), 'created_at_2': datetime.datetime(2024, 3, 2, 23, 59, 59)}
INFO:sqlalchemy.engine.Engine:ROLLBACK
INFO:sqlalchemy.engine.Engine:ROLLBACK
INFO:werkzeug:127.0.0.1 - - [02/Mar/2024 21:48:58] "GET /api/v1/events HTTP/1.1" 200 -
INFO:werkzeug:127.0.0.1 - - [02/Mar/2024 21:48:58] "GET /api/v1/events HTTP/1.1" 200 -
INFO:sqlalchemy.engine.Engine:BEGIN (implicit)
INFO:sqlalchemy.engine.Engine:SELECT organizations.id AS organizations_id, organizations.name AS organizations_name, organizations.name_short AS organizations_name_short, organizations.location AS organizations_location, organizations.phone_number AS organizations_phone_number, organizations.email AS organizations_email, organizations.description AS organizations_description, organizations.image AS organizations_image, organizations.website AS organizations_website, organizations.facebook AS organizations_facebook, organizations.twitter AS organizations_twitter, organizations.instagram AS organizations_instagram, organizations.youtube AS organizations_youtube 
FROM organizations 
WHERE organizations.id = %(id_1)s 
 LIMIT %(param_1)s
INFO:sqlalchemy.engine.Engine:[generated in 0.00080s] {'id_1': 3, 'param_1': 1}
INFO:sqlalchemy.engine.Engine:ROLLBACK
INFO:werkzeug:127.0.0.1 - - [02/Mar/2024 21:48:59] "GET /api/v1/organizations/3/image HTTP/1.1" 200 -
INFO:sqlalchemy.engine.Engine:BEGIN (implicit)
INFO:sqlalchemy.engine.Engine:SELECT organizations.id AS organizations_id, organizations.name AS organizations_name, organizations.name_short AS organizations_name_short, organizations.location AS organizations_location, organizations.phone_number AS organizations_phone_number, organizations.email AS organizations_email, organizations.description AS organizations_description, organizations.image AS organizations_image, organizations.website AS organizations_website, organizations.facebook AS organizations_facebook, organizations.twitter AS organizations_twitter, organizations.instagram AS organizations_instagram, organizations.youtube AS organizations_youtube 
FROM organizations 
WHERE organizations.id = %(id_1)s 
 LIMIT %(param_1)s
INFO:sqlalchemy.engine.Engine:[cached since 0.01284s ago] {'id_1': 3, 'param_1': 1}
INFO:sqlalchemy.engine.Engine:ROLLBACK
INFO:werkzeug:127.0.0.1 - - [02/Mar/2024 21:48:59] "GET /api/v1/organizations/3/image HTTP/1.1" 200 -
INFO:sqlalchemy.engine.Engine:BEGIN (implicit)
INFO:sqlalchemy.engine.Engine:BEGIN (implicit)
INFO:sqlalchemy.engine.Engine:SELECT organizations.id AS organizations_id, organizations.name AS organizations_name, organizations.name_short AS organizations_name_short, organizations.location AS organizations_location, organizations.phone_number AS organizations_phone_number, organizations.email AS organizations_email, organizations.description AS organizations_description, organizations.image AS organizations_image, organizations.website AS organizations_website, organizations.facebook AS organizations_facebook, organizations.twitter AS organizations_twitter, organizations.instagram AS organizations_instagram, organizations.youtube AS organizations_youtube 
FROM organizations 
WHERE organizations.id = %(id_1)s 
 LIMIT %(param_1)s
INFO:sqlalchemy.engine.Engine:[cached since 0.02932s ago] {'id_1': 3, 'param_1': 1}
INFO:sqlalchemy.engine.Engine:SELECT organizations.id AS organizations_id, organizations.name AS organizations_name, organizations.name_short AS organizations_name_short, organizations.location AS organizations_location, organizations.phone_number AS organizations_phone_number, organizations.email AS organizations_email, organizations.description AS organizations_description, organizations.image AS organizations_image, organizations.website AS organizations_website, organizations.facebook AS organizations_facebook, organizations.twitter AS organizations_twitter, organizations.instagram AS organizations_instagram, organizations.youtube AS organizations_youtube 
FROM organizations 
WHERE organizations.id = %(id_1)s 
 LIMIT %(param_1)s
INFO:sqlalchemy.engine.Engine:[cached since 0.03045s ago] {'id_1': 3, 'param_1': 1}
INFO:sqlalchemy.engine.Engine:ROLLBACK
INFO:sqlalchemy.engine.Engine:ROLLBACK
INFO:werkzeug:127.0.0.1 - - [02/Mar/2024 21:48:59] "GET /api/v1/organizations/3/image HTTP/1.1" 200 -
INFO:sqlalchemy.engine.Engine:BEGIN (implicit)
INFO:werkzeug:127.0.0.1 - - [02/Mar/2024 21:48:59] "GET /api/v1/organizations/3/image HTTP/1.1" 200 -
INFO:sqlalchemy.engine.Engine:BEGIN (implicit)
INFO:sqlalchemy.engine.Engine:SELECT organizations.id AS organizations_id, organizations.name AS organizations_name, organizations.name_short AS organizations_name_short, organizations.location AS organizations_location, organizations.phone_number AS organizations_phone_number, organizations.email AS organizations_email, organizations.description AS organizations_description, organizations.image AS organizations_image, organizations.website AS organizations_website, organizations.facebook AS organizations_facebook, organizations.twitter AS organizations_twitter, organizations.instagram AS organizations_instagram, organizations.youtube AS organizations_youtube 
FROM organizations 
WHERE organizations.id = %(id_1)s 
 LIMIT %(param_1)s
INFO:sqlalchemy.engine.Engine:SELECT organizations.id AS organizations_id, organizations.name AS organizations_name, organizations.name_short AS organizations_name_short, organizations.location AS organizations_location, organizations.phone_number AS organizations_phone_number, organizations.email AS organizations_email, organizations.description AS organizations_description, organizations.image AS organizations_image, organizations.website AS organizations_website, organizations.facebook AS organizations_facebook, organizations.twitter AS organizations_twitter, organizations.instagram AS organizations_instagram, organizations.youtube AS organizations_youtube 
FROM organizations 
WHERE organizations.id = %(id_1)s 
 LIMIT %(param_1)s
INFO:sqlalchemy.engine.Engine:[cached since 0.0425s ago] {'id_1': 3, 'param_1': 1}
INFO:sqlalchemy.engine.Engine:[cached since 0.04274s ago] {'id_1': 3, 'param_1': 1}
INFO:sqlalchemy.engine.Engine:BEGIN (implicit)
INFO:sqlalchemy.engine.Engine:ROLLBACK
INFO:sqlalchemy.engine.Engine:ROLLBACK
INFO:sqlalchemy.engine.Engine:BEGIN (implicit)
INFO:werkzeug:127.0.0.1 - - [02/Mar/2024 21:48:59] "GET /api/v1/organizations/3/image HTTP/1.1" 200 -
INFO:werkzeug:127.0.0.1 - - [02/Mar/2024 21:48:59] "GET /api/v1/organizations/3/image HTTP/1.1" 200 -
INFO:sqlalchemy.engine.Engine:SELECT organizations.id AS organizations_id, organizations.name AS organizations_name, organizations.name_short AS organizations_name_short, organizations.location AS organizations_location, organizations.phone_number AS organizations_phone_number, organizations.email AS organizations_email, organizations.description AS organizations_description, organizations.image AS organizations_image, organizations.website AS organizations_website, organizations.facebook AS organizations_facebook, organizations.twitter AS organizations_twitter, organizations.instagram AS organizations_instagram, organizations.youtube AS organizations_youtube 
FROM organizations 
WHERE organizations.id = %(id_1)s 
 LIMIT %(param_1)s
INFO:sqlalchemy.engine.Engine:SELECT organizations.id AS organizations_id, organizations.name AS organizations_name, organizations.name_short AS organizations_name_short, organizations.location AS organizations_location, organizations.phone_number AS organizations_phone_number, organizations.email AS organizations_email, organizations.description AS organizations_description, organizations.image AS organizations_image, organizations.website AS organizations_website, organizations.facebook AS organizations_facebook, organizations.twitter AS organizations_twitter, organizations.instagram AS organizations_instagram, organizations.youtube AS organizations_youtube 
FROM organizations 
WHERE organizations.id = %(id_1)s 
 LIMIT %(param_1)s
INFO:sqlalchemy.engine.Engine:[cached since 0.05631s ago] {'id_1': 3, 'param_1': 1}
INFO:sqlalchemy.engine.Engine:[cached since 0.05657s ago] {'id_1': 3, 'param_1': 1}
INFO:sqlalchemy.engine.Engine:ROLLBACK
INFO:sqlalchemy.engine.Engine:BEGIN (implicit)
INFO:werkzeug:127.0.0.1 - - [02/Mar/2024 21:48:59] "GET /api/v1/organizations/3/image HTTP/1.1" 200 -
INFO:sqlalchemy.engine.Engine:SELECT organizations.id AS organizations_id, organizations.name AS organizations_name, organizations.name_short AS organizations_name_short, organizations.location AS organizations_location, organizations.phone_number AS organizations_phone_number, organizations.email AS organizations_email, organizations.description AS organizations_description, organizations.image AS organizations_image, organizations.website AS organizations_website, organizations.facebook AS organizations_facebook, organizations.twitter AS organizations_twitter, organizations.instagram AS organizations_instagram, organizations.youtube AS organizations_youtube 
FROM organizations 
WHERE organizations.id = %(id_1)s 
 LIMIT %(param_1)s
INFO:sqlalchemy.engine.Engine:[cached since 0.06454s ago] {'id_1': 3, 'param_1': 1}
INFO:sqlalchemy.engine.Engine:ROLLBACK
INFO:sqlalchemy.engine.Engine:ROLLBACK
INFO:werkzeug:127.0.0.1 - - [02/Mar/2024 21:48:59] "GET /api/v1/organizations/3/image HTTP/1.1" 200 -
INFO:werkzeug:127.0.0.1 - - [02/Mar/2024 21:48:59] "GET /api/v1/organizations/3/image HTTP/1.1" 200 -
INFO:sqlalchemy.engine.Engine:BEGIN (implicit)
INFO:sqlalchemy.engine.Engine:SELECT organizations.id AS organizations_id, organizations.name AS organizations_name, organizations.name_short AS organizations_name_short, organizations.location AS organizations_location, organizations.phone_number AS organizations_phone_number, organizations.email AS organizations_email, organizations.description AS organizations_description, organizations.image AS organizations_image, organizations.website AS organizations_website, organizations.facebook AS organizations_facebook, organizations.twitter AS organizations_twitter, organizations.instagram AS organizations_instagram, organizations.youtube AS organizations_youtube 
FROM organizations 
WHERE organizations.id = %(id_1)s 
 LIMIT %(param_1)s
INFO:sqlalchemy.engine.Engine:[cached since 0.1083s ago] {'id_1': 3, 'param_1': 1}
INFO:sqlalchemy.engine.Engine:ROLLBACK
INFO:werkzeug:127.0.0.1 - - [02/Mar/2024 21:48:59] "GET /api/v1/organizations/3/image HTTP/1.1" 200 -
INFO:sqlalchemy.engine.Engine:BEGIN (implicit)
INFO:sqlalchemy.engine.Engine:BEGIN (implicit)
INFO:sqlalchemy.engine.Engine:SELECT events.id AS events_id, events.title AS events_title, events.link AS events_link, events.sub_links AS events_sub_links, events.image AS events_image, events.date AS events_date, events.start_time AS events_start_time, events.end_time AS events_end_time, events.location AS events_location, events.short_description AS events_short_description, events.full_description AS events_full_description, events.other_info AS events_other_info, events.cost AS events_cost, events.category AS events_category, events.created_at AS events_created_at, events.organization_id AS events_organization_id, events.organization_name AS events_organization_name 
FROM events 
WHERE events.organization_id = %(organization_id_1)s AND events.created_at >= %(created_at_1)s AND events.created_at <= %(created_at_2)s
INFO:sqlalchemy.engine.Engine:SELECT events.id AS events_id, events.title AS events_title, events.link AS events_link, events.sub_links AS events_sub_links, events.image AS events_image, events.date AS events_date, events.start_time AS events_start_time, events.end_time AS events_end_time, events.location AS events_location, events.short_description AS events_short_description, events.full_description AS events_full_description, events.other_info AS events_other_info, events.cost AS events_cost, events.category AS events_category, events.created_at AS events_created_at, events.organization_id AS events_organization_id, events.organization_name AS events_organization_name 
FROM events 
WHERE events.organization_id = %(organization_id_1)s AND events.created_at >= %(created_at_1)s AND events.created_at <= %(created_at_2)s
INFO:sqlalchemy.engine.Engine:[generated in 0.00195s] {'organization_id_1': 10, 'created_at_1': datetime.datetime(2024, 3, 3, 0, 0), 'created_at_2': datetime.datetime(2024, 3, 3, 23, 59, 59)}
INFO:sqlalchemy.engine.Engine:[cached since 0.00417s ago] {'organization_id_1': 10, 'created_at_1': datetime.datetime(2024, 3, 3, 0, 0), 'created_at_2': datetime.datetime(2024, 3, 3, 23, 59, 59)}
INFO:sqlalchemy.engine.Engine:ROLLBACK
INFO:werkzeug:127.0.0.1 - - [03/Mar/2024 08:38:42] "GET /api/v1/events/10 HTTP/1.1" 200 -
INFO:sqlalchemy.engine.Engine:ROLLBACK
INFO:werkzeug:127.0.0.1 - - [03/Mar/2024 08:38:42] "GET /api/v1/events/10 HTTP/1.1" 200 -
INFO:sqlalchemy.engine.Engine:BEGIN (implicit)
INFO:sqlalchemy.engine.Engine:SELECT events.id AS events_id, events.title AS events_title, events.link AS events_link, events.sub_links AS events_sub_links, events.image AS events_image, events.date AS events_date, events.start_time AS events_start_time, events.end_time AS events_end_time, events.location AS events_location, events.short_description AS events_short_description, events.full_description AS events_full_description, events.other_info AS events_other_info, events.cost AS events_cost, events.category AS events_category, events.created_at AS events_created_at, events.organization_id AS events_organization_id, events.organization_name AS events_organization_name 
FROM events 
WHERE events.organization_id = %(organization_id_1)s AND events.created_at >= %(created_at_1)s AND events.created_at <= %(created_at_2)s
INFO:sqlalchemy.engine.Engine:BEGIN (implicit)
INFO:sqlalchemy.engine.Engine:[cached since 0.1398s ago] {'organization_id_1': 4, 'created_at_1': datetime.datetime(2024, 3, 3, 0, 0), 'created_at_2': datetime.datetime(2024, 3, 3, 23, 59, 59)}
INFO:sqlalchemy.engine.Engine:SELECT events.id AS events_id, events.title AS events_title, events.link AS events_link, events.sub_links AS events_sub_links, events.image AS events_image, events.date AS events_date, events.start_time AS events_start_time, events.end_time AS events_end_time, events.location AS events_location, events.short_description AS events_short_description, events.full_description AS events_full_description, events.other_info AS events_other_info, events.cost AS events_cost, events.category AS events_category, events.created_at AS events_created_at, events.organization_id AS events_organization_id, events.organization_name AS events_organization_name 
FROM events 
WHERE events.organization_id = %(organization_id_1)s AND events.created_at >= %(created_at_1)s AND events.created_at <= %(created_at_2)s
INFO:sqlalchemy.engine.Engine:[cached since 0.1429s ago] {'organization_id_1': 4, 'created_at_1': datetime.datetime(2024, 3, 3, 0, 0), 'created_at_2': datetime.datetime(2024, 3, 3, 23, 59, 59)}
INFO:sqlalchemy.engine.Engine:ROLLBACK
INFO:werkzeug:127.0.0.1 - - [03/Mar/2024 08:38:42] "GET /api/v1/events/4 HTTP/1.1" 200 -
INFO:sqlalchemy.engine.Engine:ROLLBACK
INFO:werkzeug:127.0.0.1 - - [03/Mar/2024 08:38:42] "GET /api/v1/events/4 HTTP/1.1" 200 -
INFO:sqlalchemy.engine.Engine:BEGIN (implicit)
INFO:sqlalchemy.engine.Engine:SELECT events.id AS events_id, events.title AS events_title, events.link AS events_link, events.sub_links AS events_sub_links, events.image AS events_image, events.date AS events_date, events.start_time AS events_start_time, events.end_time AS events_end_time, events.location AS events_location, events.short_description AS events_short_description, events.full_description AS events_full_description, events.other_info AS events_other_info, events.cost AS events_cost, events.category AS events_category, events.created_at AS events_created_at, events.organization_id AS events_organization_id, events.organization_name AS events_organization_name 
FROM events 
WHERE events.organization_id = %(organization_id_1)s AND events.created_at >= %(created_at_1)s AND events.created_at <= %(created_at_2)s
INFO:sqlalchemy.engine.Engine:[cached since 0.3005s ago] {'organization_id_1': 10, 'created_at_1': datetime.datetime(2024, 3, 3, 0, 0), 'created_at_2': datetime.datetime(2024, 3, 3, 23, 59, 59)}
INFO:sqlalchemy.engine.Engine:BEGIN (implicit)
INFO:sqlalchemy.engine.Engine:BEGIN (implicit)
INFO:sqlalchemy.engine.Engine:SELECT events.id AS events_id, events.title AS events_title, events.link AS events_link, events.sub_links AS events_sub_links, events.image AS events_image, events.date AS events_date, events.start_time AS events_start_time, events.end_time AS events_end_time, events.location AS events_location, events.short_description AS events_short_description, events.full_description AS events_full_description, events.other_info AS events_other_info, events.cost AS events_cost, events.category AS events_category, events.created_at AS events_created_at, events.organization_id AS events_organization_id, events.organization_name AS events_organization_name 
FROM events 
WHERE events.organization_id = %(organization_id_1)s AND events.created_at >= %(created_at_1)s AND events.created_at <= %(created_at_2)s
INFO:sqlalchemy.engine.Engine:SELECT prayer_times.id AS prayer_times_id, prayer_times.prayer_name AS prayer_times_prayer_name, prayer_times.athan_time AS prayer_times_athan_time, prayer_times.iqama_time AS prayer_times_iqama_time, prayer_times.jumuah_time AS prayer_times_jumuah_time, prayer_times.jumuah_time2 AS prayer_times_jumuah_time2, prayer_times.created_at AS prayer_times_created_at, prayer_times.organization_id AS prayer_times_organization_id, prayer_times.organization_name AS prayer_times_organization_name 
FROM prayer_times 
WHERE prayer_times.organization_id = %(organization_id_1)s AND prayer_times.created_at >= %(created_at_1)s AND prayer_times.created_at <= %(created_at_2)s
INFO:sqlalchemy.engine.Engine:[cached since 0.3226s ago] {'organization_id_1': 10, 'created_at_1': datetime.datetime(2024, 3, 3, 0, 0), 'created_at_2': datetime.datetime(2024, 3, 3, 23, 59, 59)}
INFO:sqlalchemy.engine.Engine:BEGIN (implicit)
INFO:sqlalchemy.engine.Engine:[generated in 0.00272s] {'organization_id_1': 3, 'created_at_1': datetime.datetime(2024, 3, 3, 0, 0), 'created_at_2': datetime.datetime(2024, 3, 3, 23, 59, 59)}
INFO:sqlalchemy.engine.Engine:ROLLBACK
INFO:sqlalchemy.engine.Engine:SELECT prayer_times.id AS prayer_times_id, prayer_times.prayer_name AS prayer_times_prayer_name, prayer_times.athan_time AS prayer_times_athan_time, prayer_times.iqama_time AS prayer_times_iqama_time, prayer_times.jumuah_time AS prayer_times_jumuah_time, prayer_times.jumuah_time2 AS prayer_times_jumuah_time2, prayer_times.created_at AS prayer_times_created_at, prayer_times.organization_id AS prayer_times_organization_id, prayer_times.organization_name AS prayer_times_organization_name 
FROM prayer_times 
WHERE prayer_times.organization_id = %(organization_id_1)s AND prayer_times.created_at >= %(created_at_1)s AND prayer_times.created_at <= %(created_at_2)s
INFO:sqlalchemy.engine.Engine:[cached since 0.005708s ago] {'organization_id_1': 3, 'created_at_1': datetime.datetime(2024, 3, 3, 0, 0), 'created_at_2': datetime.datetime(2024, 3, 3, 23, 59, 59)}
INFO:werkzeug:127.0.0.1 - - [03/Mar/2024 08:38:42] "GET /api/v1/events/10 HTTP/1.1" 200 -
INFO:sqlalchemy.engine.Engine:ROLLBACK
INFO:sqlalchemy.engine.Engine:ROLLBACK
INFO:werkzeug:127.0.0.1 - - [03/Mar/2024 08:38:42] "GET /api/v1/prayer_times/3 HTTP/1.1" 200 -
INFO:werkzeug:127.0.0.1 - - [03/Mar/2024 08:38:42] "GET /api/v1/events/10 HTTP/1.1" 200 -
INFO:sqlalchemy.engine.Engine:ROLLBACK
INFO:werkzeug:127.0.0.1 - - [03/Mar/2024 08:38:42] "GET /api/v1/prayer_times/3 HTTP/1.1" 200 -
INFO:sqlalchemy.engine.Engine:BEGIN (implicit)
INFO:sqlalchemy.engine.Engine:SELECT events.id AS events_id, events.title AS events_title, events.link AS events_link, events.sub_links AS events_sub_links, events.image AS events_image, events.date AS events_date, events.start_time AS events_start_time, events.end_time AS events_end_time, events.location AS events_location, events.short_description AS events_short_description, events.full_description AS events_full_description, events.other_info AS events_other_info, events.cost AS events_cost, events.category AS events_category, events.created_at AS events_created_at, events.organization_id AS events_organization_id, events.organization_name AS events_organization_name 
FROM events 
WHERE events.organization_id = %(organization_id_1)s AND events.created_at >= %(created_at_1)s AND events.created_at <= %(created_at_2)s
INFO:sqlalchemy.engine.Engine:[cached since 0.4283s ago] {'organization_id_1': 4, 'created_at_1': datetime.datetime(2024, 3, 3, 0, 0), 'created_at_2': datetime.datetime(2024, 3, 3, 23, 59, 59)}
INFO:sqlalchemy.engine.Engine:BEGIN (implicit)
INFO:sqlalchemy.engine.Engine:SELECT events.id AS events_id, events.title AS events_title, events.link AS events_link, events.sub_links AS events_sub_links, events.image AS events_image, events.date AS events_date, events.start_time AS events_start_time, events.end_time AS events_end_time, events.location AS events_location, events.short_description AS events_short_description, events.full_description AS events_full_description, events.other_info AS events_other_info, events.cost AS events_cost, events.category AS events_category, events.created_at AS events_created_at, events.organization_id AS events_organization_id, events.organization_name AS events_organization_name 
FROM events 
WHERE events.organization_id = %(organization_id_1)s AND events.created_at >= %(created_at_1)s AND events.created_at <= %(created_at_2)s
INFO:sqlalchemy.engine.Engine:[cached since 0.4307s ago] {'organization_id_1': 4, 'created_at_1': datetime.datetime(2024, 3, 3, 0, 0), 'created_at_2': datetime.datetime(2024, 3, 3, 23, 59, 59)}
INFO:sqlalchemy.engine.Engine:ROLLBACK
INFO:sqlalchemy.engine.Engine:ROLLBACK
INFO:werkzeug:127.0.0.1 - - [03/Mar/2024 08:38:42] "GET /api/v1/events/4 HTTP/1.1" 200 -
INFO:werkzeug:127.0.0.1 - - [03/Mar/2024 08:38:42] "GET /api/v1/events/4 HTTP/1.1" 200 -
INFO:sqlalchemy.engine.Engine:BEGIN (implicit)
INFO:sqlalchemy.engine.Engine:SELECT events.id AS events_id, events.title AS events_title, events.link AS events_link, events.sub_links AS events_sub_links, events.image AS events_image, events.date AS events_date, events.start_time AS events_start_time, events.end_time AS events_end_time, events.location AS events_location, events.short_description AS events_short_description, events.full_description AS events_full_description, events.other_info AS events_other_info, events.cost AS events_cost, events.category AS events_category, events.created_at AS events_created_at, events.organization_id AS events_organization_id, events.organization_name AS events_organization_name 
FROM events 
WHERE events.organization_id = %(organization_id_1)s AND events.created_at >= %(created_at_1)s AND events.created_at <= %(created_at_2)s
INFO:sqlalchemy.engine.Engine:[cached since 6.133e+04s ago] {'organization_id_1': 10, 'created_at_1': datetime.datetime(2024, 3, 4, 0, 0), 'created_at_2': datetime.datetime(2024, 3, 4, 23, 59, 59)}
INFO:sqlalchemy.engine.Engine:ROLLBACK
INFO:werkzeug:127.0.0.1 - - [04/Mar/2024 01:40:49] "GET /api/v1/events/10 HTTP/1.1" 200 -
INFO:sqlalchemy.engine.Engine:BEGIN (implicit)
INFO:sqlalchemy.engine.Engine:SELECT events.id AS events_id, events.title AS events_title, events.link AS events_link, events.sub_links AS events_sub_links, events.image AS events_image, events.date AS events_date, events.start_time AS events_start_time, events.end_time AS events_end_time, events.location AS events_location, events.short_description AS events_short_description, events.full_description AS events_full_description, events.other_info AS events_other_info, events.cost AS events_cost, events.category AS events_category, events.created_at AS events_created_at, events.organization_id AS events_organization_id, events.organization_name AS events_organization_name 
FROM events 
WHERE events.organization_id = %(organization_id_1)s AND events.created_at >= %(created_at_1)s AND events.created_at <= %(created_at_2)s
INFO:sqlalchemy.engine.Engine:[cached since 6.133e+04s ago] {'organization_id_1': 10, 'created_at_1': datetime.datetime(2024, 3, 4, 0, 0), 'created_at_2': datetime.datetime(2024, 3, 4, 23, 59, 59)}
INFO:sqlalchemy.engine.Engine:ROLLBACK
INFO:werkzeug:127.0.0.1 - - [04/Mar/2024 01:40:49] "GET /api/v1/events/10 HTTP/1.1" 200 -
INFO:sqlalchemy.engine.Engine:BEGIN (implicit)
INFO:sqlalchemy.engine.Engine:SELECT events.id AS events_id, events.title AS events_title, events.link AS events_link, events.sub_links AS events_sub_links, events.image AS events_image, events.date AS events_date, events.start_time AS events_start_time, events.end_time AS events_end_time, events.location AS events_location, events.short_description AS events_short_description, events.full_description AS events_full_description, events.other_info AS events_other_info, events.cost AS events_cost, events.category AS events_category, events.created_at AS events_created_at, events.organization_id AS events_organization_id, events.organization_name AS events_organization_name 
FROM events 
WHERE events.organization_id = %(organization_id_1)s AND events.created_at >= %(created_at_1)s AND events.created_at <= %(created_at_2)s
INFO:sqlalchemy.engine.Engine:[cached since 6.133e+04s ago] {'organization_id_1': 4, 'created_at_1': datetime.datetime(2024, 3, 4, 0, 0), 'created_at_2': datetime.datetime(2024, 3, 4, 23, 59, 59)}
INFO:sqlalchemy.engine.Engine:ROLLBACK
INFO:werkzeug:127.0.0.1 - - [04/Mar/2024 01:40:49] "GET /api/v1/events/4 HTTP/1.1" 200 -
INFO:sqlalchemy.engine.Engine:BEGIN (implicit)
INFO:sqlalchemy.engine.Engine:SELECT events.id AS events_id, events.title AS events_title, events.link AS events_link, events.sub_links AS events_sub_links, events.image AS events_image, events.date AS events_date, events.start_time AS events_start_time, events.end_time AS events_end_time, events.location AS events_location, events.short_description AS events_short_description, events.full_description AS events_full_description, events.other_info AS events_other_info, events.cost AS events_cost, events.category AS events_category, events.created_at AS events_created_at, events.organization_id AS events_organization_id, events.organization_name AS events_organization_name 
FROM events 
WHERE events.organization_id = %(organization_id_1)s AND events.created_at >= %(created_at_1)s AND events.created_at <= %(created_at_2)s
INFO:sqlalchemy.engine.Engine:[cached since 6.133e+04s ago] {'organization_id_1': 4, 'created_at_1': datetime.datetime(2024, 3, 4, 0, 0), 'created_at_2': datetime.datetime(2024, 3, 4, 23, 59, 59)}
INFO:sqlalchemy.engine.Engine:ROLLBACK
INFO:werkzeug:127.0.0.1 - - [04/Mar/2024 01:40:49] "GET /api/v1/events/4 HTTP/1.1" 200 -
INFO:sqlalchemy.engine.Engine:BEGIN (implicit)
INFO:sqlalchemy.engine.Engine:SELECT events.id AS events_id, events.title AS events_title, events.link AS events_link, events.sub_links AS events_sub_links, events.image AS events_image, events.date AS events_date, events.start_time AS events_start_time, events.end_time AS events_end_time, events.location AS events_location, events.short_description AS events_short_description, events.full_description AS events_full_description, events.other_info AS events_other_info, events.cost AS events_cost, events.category AS events_category, events.created_at AS events_created_at, events.organization_id AS events_organization_id, events.organization_name AS events_organization_name 
FROM events 
WHERE events.organization_id = %(organization_id_1)s AND events.created_at >= %(created_at_1)s AND events.created_at <= %(created_at_2)s
INFO:sqlalchemy.engine.Engine:[cached since 6.133e+04s ago] {'organization_id_1': 10, 'created_at_1': datetime.datetime(2024, 3, 4, 0, 0), 'created_at_2': datetime.datetime(2024, 3, 4, 23, 59, 59)}
INFO:sqlalchemy.engine.Engine:BEGIN (implicit)
INFO:sqlalchemy.engine.Engine:BEGIN (implicit)
INFO:sqlalchemy.engine.Engine:SELECT events.id AS events_id, events.title AS events_title, events.link AS events_link, events.sub_links AS events_sub_links, events.image AS events_image, events.date AS events_date, events.start_time AS events_start_time, events.end_time AS events_end_time, events.location AS events_location, events.short_description AS events_short_description, events.full_description AS events_full_description, events.other_info AS events_other_info, events.cost AS events_cost, events.category AS events_category, events.created_at AS events_created_at, events.organization_id AS events_organization_id, events.organization_name AS events_organization_name 
FROM events 
WHERE events.organization_id = %(organization_id_1)s AND events.created_at >= %(created_at_1)s AND events.created_at <= %(created_at_2)s
INFO:sqlalchemy.engine.Engine:BEGIN (implicit)
INFO:sqlalchemy.engine.Engine:SELECT prayer_times.id AS prayer_times_id, prayer_times.prayer_name AS prayer_times_prayer_name, prayer_times.athan_time AS prayer_times_athan_time, prayer_times.iqama_time AS prayer_times_iqama_time, prayer_times.jumuah_time AS prayer_times_jumuah_time, prayer_times.jumuah_time2 AS prayer_times_jumuah_time2, prayer_times.created_at AS prayer_times_created_at, prayer_times.organization_id AS prayer_times_organization_id, prayer_times.organization_name AS prayer_times_organization_name 
FROM prayer_times 
WHERE prayer_times.organization_id = %(organization_id_1)s AND prayer_times.created_at >= %(created_at_1)s AND prayer_times.created_at <= %(created_at_2)s
INFO:sqlalchemy.engine.Engine:[cached since 6.133e+04s ago] {'organization_id_1': 10, 'created_at_1': datetime.datetime(2024, 3, 4, 0, 0), 'created_at_2': datetime.datetime(2024, 3, 4, 23, 59, 59)}
INFO:sqlalchemy.engine.Engine:SELECT prayer_times.id AS prayer_times_id, prayer_times.prayer_name AS prayer_times_prayer_name, prayer_times.athan_time AS prayer_times_athan_time, prayer_times.iqama_time AS prayer_times_iqama_time, prayer_times.jumuah_time AS prayer_times_jumuah_time, prayer_times.jumuah_time2 AS prayer_times_jumuah_time2, prayer_times.created_at AS prayer_times_created_at, prayer_times.organization_id AS prayer_times_organization_id, prayer_times.organization_name AS prayer_times_organization_name 
FROM prayer_times 
WHERE prayer_times.organization_id = %(organization_id_1)s AND prayer_times.created_at >= %(created_at_1)s AND prayer_times.created_at <= %(created_at_2)s
INFO:sqlalchemy.engine.Engine:ROLLBACK
INFO:sqlalchemy.engine.Engine:[cached since 6.133e+04s ago] {'organization_id_1': 3, 'created_at_1': datetime.datetime(2024, 3, 4, 0, 0), 'created_at_2': datetime.datetime(2024, 3, 4, 23, 59, 59)}
INFO:werkzeug:127.0.0.1 - - [04/Mar/2024 01:40:50] "GET /api/v1/events/10 HTTP/1.1" 200 -
INFO:sqlalchemy.engine.Engine:[cached since 6.133e+04s ago] {'organization_id_1': 3, 'created_at_1': datetime.datetime(2024, 3, 4, 0, 0), 'created_at_2': datetime.datetime(2024, 3, 4, 23, 59, 59)}
INFO:sqlalchemy.engine.Engine:ROLLBACK
INFO:sqlalchemy.engine.Engine:ROLLBACK
INFO:werkzeug:127.0.0.1 - - [04/Mar/2024 01:40:50] "GET /api/v1/events/10 HTTP/1.1" 200 -
INFO:werkzeug:127.0.0.1 - - [04/Mar/2024 01:40:50] "GET /api/v1/prayer_times/3 HTTP/1.1" 200 -
INFO:sqlalchemy.engine.Engine:ROLLBACK
INFO:werkzeug:127.0.0.1 - - [04/Mar/2024 01:40:50] "GET /api/v1/prayer_times/3 HTTP/1.1" 200 -
INFO:sqlalchemy.engine.Engine:BEGIN (implicit)
INFO:sqlalchemy.engine.Engine:SELECT events.id AS events_id, events.title AS events_title, events.link AS events_link, events.sub_links AS events_sub_links, events.image AS events_image, events.date AS events_date, events.start_time AS events_start_time, events.end_time AS events_end_time, events.location AS events_location, events.short_description AS events_short_description, events.full_description AS events_full_description, events.other_info AS events_other_info, events.cost AS events_cost, events.category AS events_category, events.created_at AS events_created_at, events.organization_id AS events_organization_id, events.organization_name AS events_organization_name 
FROM events 
WHERE events.organization_id = %(organization_id_1)s AND events.created_at >= %(created_at_1)s AND events.created_at <= %(created_at_2)s
INFO:sqlalchemy.engine.Engine:[cached since 6.133e+04s ago] {'organization_id_1': 4, 'created_at_1': datetime.datetime(2024, 3, 4, 0, 0), 'created_at_2': datetime.datetime(2024, 3, 4, 23, 59, 59)}
INFO:sqlalchemy.engine.Engine:ROLLBACK
INFO:werkzeug:127.0.0.1 - - [04/Mar/2024 01:40:50] "GET /api/v1/events/4 HTTP/1.1" 200 -
INFO:sqlalchemy.engine.Engine:BEGIN (implicit)
INFO:sqlalchemy.engine.Engine:SELECT events.id AS events_id, events.title AS events_title, events.link AS events_link, events.sub_links AS events_sub_links, events.image AS events_image, events.date AS events_date, events.start_time AS events_start_time, events.end_time AS events_end_time, events.location AS events_location, events.short_description AS events_short_description, events.full_description AS events_full_description, events.other_info AS events_other_info, events.cost AS events_cost, events.category AS events_category, events.created_at AS events_created_at, events.organization_id AS events_organization_id, events.organization_name AS events_organization_name 
FROM events 
WHERE events.organization_id = %(organization_id_1)s AND events.created_at >= %(created_at_1)s AND events.created_at <= %(created_at_2)s
INFO:sqlalchemy.engine.Engine:[cached since 6.133e+04s ago] {'organization_id_1': 4, 'created_at_1': datetime.datetime(2024, 3, 4, 0, 0), 'created_at_2': datetime.datetime(2024, 3, 4, 23, 59, 59)}
INFO:sqlalchemy.engine.Engine:ROLLBACK
INFO:werkzeug:127.0.0.1 - - [04/Mar/2024 01:40:50] "GET /api/v1/events/4 HTTP/1.1" 200 -
INFO:sqlalchemy.engine.Engine:BEGIN (implicit)
INFO:sqlalchemy.engine.Engine:SELECT prayer_times.id AS prayer_times_id, prayer_times.prayer_name AS prayer_times_prayer_name, prayer_times.athan_time AS prayer_times_athan_time, prayer_times.iqama_time AS prayer_times_iqama_time, prayer_times.jumuah_time AS prayer_times_jumuah_time, prayer_times.jumuah_time2 AS prayer_times_jumuah_time2, prayer_times.created_at AS prayer_times_created_at, prayer_times.organization_id AS prayer_times_organization_id, prayer_times.organization_name AS prayer_times_organization_name 
FROM prayer_times 
WHERE prayer_times.created_at >= %(created_at_1)s AND prayer_times.created_at <= %(created_at_2)s
INFO:sqlalchemy.engine.Engine:[cached since 1.006e+05s ago] {'created_at_1': datetime.datetime(2024, 3, 4, 0, 0), 'created_at_2': datetime.datetime(2024, 3, 4, 23, 59, 59)}
INFO:sqlalchemy.engine.Engine:ROLLBACK
INFO:werkzeug:127.0.0.1 - - [04/Mar/2024 01:46:00] "GET /api/v1/prayer_times HTTP/1.1" 200 -
INFO:sqlalchemy.engine.Engine:BEGIN (implicit)
INFO:sqlalchemy.engine.Engine:SELECT prayer_times.id AS prayer_times_id, prayer_times.prayer_name AS prayer_times_prayer_name, prayer_times.athan_time AS prayer_times_athan_time, prayer_times.iqama_time AS prayer_times_iqama_time, prayer_times.jumuah_time AS prayer_times_jumuah_time, prayer_times.jumuah_time2 AS prayer_times_jumuah_time2, prayer_times.created_at AS prayer_times_created_at, prayer_times.organization_id AS prayer_times_organization_id, prayer_times.organization_name AS prayer_times_organization_name 
FROM prayer_times 
WHERE prayer_times.created_at >= %(created_at_1)s AND prayer_times.created_at <= %(created_at_2)s
INFO:sqlalchemy.engine.Engine:[cached since 1.006e+05s ago] {'created_at_1': datetime.datetime(2024, 3, 4, 0, 0), 'created_at_2': datetime.datetime(2024, 3, 4, 23, 59, 59)}
INFO:sqlalchemy.engine.Engine:ROLLBACK
INFO:werkzeug:127.0.0.1 - - [04/Mar/2024 01:46:00] "GET /api/v1/prayer_times HTTP/1.1" 200 -
INFO:werkzeug:127.0.0.1 - - [04/Mar/2024 01:46:00] "GET /api/v1/organizations HTTP/1.1" 200 -
INFO:werkzeug:127.0.0.1 - - [04/Mar/2024 01:46:00] "GET /api/v1/organizations HTTP/1.1" 200 -
INFO:werkzeug:127.0.0.1 - - [04/Mar/2024 01:46:03] "GET /api/v1/organizations HTTP/1.1" 200 -
INFO:werkzeug:127.0.0.1 - - [04/Mar/2024 01:46:03] "GET /api/v1/organizations HTTP/1.1" 200 -
INFO:sqlalchemy.engine.Engine:BEGIN (implicit)
INFO:sqlalchemy.engine.Engine:SELECT events.id AS events_id, events.title AS events_title, events.link AS events_link, events.sub_links AS events_sub_links, events.image AS events_image, events.date AS events_date, events.start_time AS events_start_time, events.end_time AS events_end_time, events.location AS events_location, events.short_description AS events_short_description, events.full_description AS events_full_description, events.other_info AS events_other_info, events.cost AS events_cost, events.category AS events_category, events.created_at AS events_created_at, events.organization_id AS events_organization_id, events.organization_name AS events_organization_name 
FROM events 
WHERE events.created_at >= %(created_at_1)s AND events.created_at <= %(created_at_2)s
INFO:sqlalchemy.engine.Engine:[cached since 1.006e+05s ago] {'created_at_1': datetime.datetime(2024, 3, 4, 0, 0), 'created_at_2': datetime.datetime(2024, 3, 4, 23, 59, 59)}
INFO:sqlalchemy.engine.Engine:ROLLBACK
INFO:werkzeug:127.0.0.1 - - [04/Mar/2024 01:46:03] "GET /api/v1/events HTTP/1.1" 200 -
INFO:sqlalchemy.engine.Engine:BEGIN (implicit)
INFO:sqlalchemy.engine.Engine:SELECT events.id AS events_id, events.title AS events_title, events.link AS events_link, events.sub_links AS events_sub_links, events.image AS events_image, events.date AS events_date, events.start_time AS events_start_time, events.end_time AS events_end_time, events.location AS events_location, events.short_description AS events_short_description, events.full_description AS events_full_description, events.other_info AS events_other_info, events.cost AS events_cost, events.category AS events_category, events.created_at AS events_created_at, events.organization_id AS events_organization_id, events.organization_name AS events_organization_name 
FROM events 
WHERE events.created_at >= %(created_at_1)s AND events.created_at <= %(created_at_2)s
INFO:sqlalchemy.engine.Engine:[cached since 1.006e+05s ago] {'created_at_1': datetime.datetime(2024, 3, 4, 0, 0), 'created_at_2': datetime.datetime(2024, 3, 4, 23, 59, 59)}
INFO:sqlalchemy.engine.Engine:ROLLBACK
INFO:werkzeug:127.0.0.1 - - [04/Mar/2024 01:46:03] "GET /api/v1/events HTTP/1.1" 200 -
INFO:sqlalchemy.engine.Engine:BEGIN (implicit)
INFO:sqlalchemy.engine.Engine:SELECT organizations.id AS organizations_id, organizations.name AS organizations_name, organizations.name_short AS organizations_name_short, organizations.location AS organizations_location, organizations.phone_number AS organizations_phone_number, organizations.email AS organizations_email, organizations.description AS organizations_description, organizations.image AS organizations_image, organizations.website AS organizations_website, organizations.facebook AS organizations_facebook, organizations.twitter AS organizations_twitter, organizations.instagram AS organizations_instagram, organizations.youtube AS organizations_youtube 
FROM organizations 
WHERE organizations.id = %(id_1)s 
 LIMIT %(param_1)s
INFO:sqlalchemy.engine.Engine:[cached since 1.006e+05s ago] {'id_1': 3, 'param_1': 1}
INFO:sqlalchemy.engine.Engine:ROLLBACK
INFO:sqlalchemy.engine.Engine:BEGIN (implicit)
INFO:sqlalchemy.engine.Engine:BEGIN (implicit)
INFO:werkzeug:127.0.0.1 - - [04/Mar/2024 01:46:03] "GET /api/v1/organizations/3/image HTTP/1.1" 200 -
INFO:sqlalchemy.engine.Engine:BEGIN (implicit)
INFO:sqlalchemy.engine.Engine:BEGIN (implicit)
INFO:sqlalchemy.engine.Engine:SELECT organizations.id AS organizations_id, organizations.name AS organizations_name, organizations.name_short AS organizations_name_short, organizations.location AS organizations_location, organizations.phone_number AS organizations_phone_number, organizations.email AS organizations_email, organizations.description AS organizations_description, organizations.image AS organizations_image, organizations.website AS organizations_website, organizations.facebook AS organizations_facebook, organizations.twitter AS organizations_twitter, organizations.instagram AS organizations_instagram, organizations.youtube AS organizations_youtube 
FROM organizations 
WHERE organizations.id = %(id_1)s 
 LIMIT %(param_1)s
INFO:sqlalchemy.engine.Engine:SELECT organizations.id AS organizations_id, organizations.name AS organizations_name, organizations.name_short AS organizations_name_short, organizations.location AS organizations_location, organizations.phone_number AS organizations_phone_number, organizations.email AS organizations_email, organizations.description AS organizations_description, organizations.image AS organizations_image, organizations.website AS organizations_website, organizations.facebook AS organizations_facebook, organizations.twitter AS organizations_twitter, organizations.instagram AS organizations_instagram, organizations.youtube AS organizations_youtube 
FROM organizations 
WHERE organizations.id = %(id_1)s 
 LIMIT %(param_1)s
INFO:sqlalchemy.engine.Engine:SELECT organizations.id AS organizations_id, organizations.name AS organizations_name, organizations.name_short AS organizations_name_short, organizations.location AS organizations_location, organizations.phone_number AS organizations_phone_number, organizations.email AS organizations_email, organizations.description AS organizations_description, organizations.image AS organizations_image, organizations.website AS organizations_website, organizations.facebook AS organizations_facebook, organizations.twitter AS organizations_twitter, organizations.instagram AS organizations_instagram, organizations.youtube AS organizations_youtube 
FROM organizations 
WHERE organizations.id = %(id_1)s 
 LIMIT %(param_1)s
INFO:sqlalchemy.engine.Engine:SELECT organizations.id AS organizations_id, organizations.name AS organizations_name, organizations.name_short AS organizations_name_short, organizations.location AS organizations_location, organizations.phone_number AS organizations_phone_number, organizations.email AS organizations_email, organizations.description AS organizations_description, organizations.image AS organizations_image, organizations.website AS organizations_website, organizations.facebook AS organizations_facebook, organizations.twitter AS organizations_twitter, organizations.instagram AS organizations_instagram, organizations.youtube AS organizations_youtube 
FROM organizations 
WHERE organizations.id = %(id_1)s 
 LIMIT %(param_1)s
INFO:sqlalchemy.engine.Engine:[cached since 1.006e+05s ago] {'id_1': 3, 'param_1': 1}
INFO:sqlalchemy.engine.Engine:[cached since 1.006e+05s ago] {'id_1': 3, 'param_1': 1}
INFO:sqlalchemy.engine.Engine:[cached since 1.006e+05s ago] {'id_1': 3, 'param_1': 1}
INFO:sqlalchemy.engine.Engine:[cached since 1.006e+05s ago] {'id_1': 3, 'param_1': 1}
INFO:sqlalchemy.engine.Engine:BEGIN (implicit)
INFO:sqlalchemy.engine.Engine:ROLLBACK
INFO:werkzeug:127.0.0.1 - - [04/Mar/2024 01:46:03] "GET /api/v1/organizations/3/image HTTP/1.1" 200 -
INFO:sqlalchemy.engine.Engine:SELECT organizations.id AS organizations_id, organizations.name AS organizations_name, organizations.name_short AS organizations_name_short, organizations.location AS organizations_location, organizations.phone_number AS organizations_phone_number, organizations.email AS organizations_email, organizations.description AS organizations_description, organizations.image AS organizations_image, organizations.website AS organizations_website, organizations.facebook AS organizations_facebook, organizations.twitter AS organizations_twitter, organizations.instagram AS organizations_instagram, organizations.youtube AS organizations_youtube 
FROM organizations 
WHERE organizations.id = %(id_1)s 
 LIMIT %(param_1)s
INFO:sqlalchemy.engine.Engine:ROLLBACK
INFO:sqlalchemy.engine.Engine:ROLLBACK
INFO:sqlalchemy.engine.Engine:ROLLBACK
INFO:werkzeug:127.0.0.1 - - [04/Mar/2024 01:46:03] "GET /api/v1/organizations/3/image HTTP/1.1" 200 -
INFO:sqlalchemy.engine.Engine:[cached since 1.006e+05s ago] {'id_1': 3, 'param_1': 1}
INFO:werkzeug:127.0.0.1 - - [04/Mar/2024 01:46:03] "GET /api/v1/organizations/3/image HTTP/1.1" 200 -
INFO:sqlalchemy.engine.Engine:BEGIN (implicit)
INFO:werkzeug:127.0.0.1 - - [04/Mar/2024 01:46:03] "GET /api/v1/organizations/3/image HTTP/1.1" 200 -
INFO:sqlalchemy.engine.Engine:BEGIN (implicit)
INFO:sqlalchemy.engine.Engine:SELECT organizations.id AS organizations_id, organizations.name AS organizations_name, organizations.name_short AS organizations_name_short, organizations.location AS organizations_location, organizations.phone_number AS organizations_phone_number, organizations.email AS organizations_email, organizations.description AS organizations_description, organizations.image AS organizations_image, organizations.website AS organizations_website, organizations.facebook AS organizations_facebook, organizations.twitter AS organizations_twitter, organizations.instagram AS organizations_instagram, organizations.youtube AS organizations_youtube 
FROM organizations 
WHERE organizations.id = %(id_1)s 
 LIMIT %(param_1)s
INFO:sqlalchemy.engine.Engine:ROLLBACK
INFO:werkzeug:127.0.0.1 - - [04/Mar/2024 01:46:03] "GET /api/v1/organizations/3/image HTTP/1.1" 200 -
INFO:sqlalchemy.engine.Engine:SELECT organizations.id AS organizations_id, organizations.name AS organizations_name, organizations.name_short AS organizations_name_short, organizations.location AS organizations_location, organizations.phone_number AS organizations_phone_number, organizations.email AS organizations_email, organizations.description AS organizations_description, organizations.image AS organizations_image, organizations.website AS organizations_website, organizations.facebook AS organizations_facebook, organizations.twitter AS organizations_twitter, organizations.instagram AS organizations_instagram, organizations.youtube AS organizations_youtube 
FROM organizations 
WHERE organizations.id = %(id_1)s 
 LIMIT %(param_1)s
INFO:sqlalchemy.engine.Engine:[cached since 1.006e+05s ago] {'id_1': 3, 'param_1': 1}
INFO:sqlalchemy.engine.Engine:[cached since 1.006e+05s ago] {'id_1': 3, 'param_1': 1}
INFO:sqlalchemy.engine.Engine:ROLLBACK
INFO:werkzeug:127.0.0.1 - - [04/Mar/2024 01:46:03] "GET /api/v1/organizations/3/image HTTP/1.1" 200 -
INFO:sqlalchemy.engine.Engine:ROLLBACK
INFO:werkzeug:127.0.0.1 - - [04/Mar/2024 01:46:03] "GET /api/v1/organizations/3/image HTTP/1.1" 200 -
INFO:sqlalchemy.engine.Engine:BEGIN (implicit)
INFO:sqlalchemy.engine.Engine:SELECT organizations.id AS organizations_id, organizations.name AS organizations_name, organizations.name_short AS organizations_name_short, organizations.location AS organizations_location, organizations.phone_number AS organizations_phone_number, organizations.email AS organizations_email, organizations.description AS organizations_description, organizations.image AS organizations_image, organizations.website AS organizations_website, organizations.facebook AS organizations_facebook, organizations.twitter AS organizations_twitter, organizations.instagram AS organizations_instagram, organizations.youtube AS organizations_youtube 
FROM organizations 
WHERE organizations.id = %(id_1)s 
 LIMIT %(param_1)s
INFO:sqlalchemy.engine.Engine:BEGIN (implicit)
INFO:sqlalchemy.engine.Engine:[cached since 1.006e+05s ago] {'id_1': 3, 'param_1': 1}
INFO:sqlalchemy.engine.Engine:SELECT organizations.id AS organizations_id, organizations.name AS organizations_name, organizations.name_short AS organizations_name_short, organizations.location AS organizations_location, organizations.phone_number AS organizations_phone_number, organizations.email AS organizations_email, organizations.description AS organizations_description, organizations.image AS organizations_image, organizations.website AS organizations_website, organizations.facebook AS organizations_facebook, organizations.twitter AS organizations_twitter, organizations.instagram AS organizations_instagram, organizations.youtube AS organizations_youtube 
FROM organizations 
WHERE organizations.id = %(id_1)s 
 LIMIT %(param_1)s
INFO:sqlalchemy.engine.Engine:ROLLBACK
INFO:sqlalchemy.engine.Engine:[cached since 1.006e+05s ago] {'id_1': 3, 'param_1': 1}
INFO:werkzeug:127.0.0.1 - - [04/Mar/2024 01:46:03] "GET /api/v1/organizations/3/image HTTP/1.1" 200 -
INFO:sqlalchemy.engine.Engine:ROLLBACK
INFO:werkzeug:127.0.0.1 - - [04/Mar/2024 01:46:03] "GET /api/v1/organizations/3/image HTTP/1.1" 200 -
INFO:root:Started
INFO:sqlalchemy.engine.Engine:SELECT DATABASE()
INFO:sqlalchemy.engine.Engine:[raw sql] {}
INFO:sqlalchemy.engine.Engine:SELECT @@sql_mode
INFO:sqlalchemy.engine.Engine:[raw sql] {}
INFO:sqlalchemy.engine.Engine:SELECT @@lower_case_table_names
INFO:sqlalchemy.engine.Engine:[raw sql] {}
INFO:sqlalchemy.engine.Engine:BEGIN (implicit)
INFO:sqlalchemy.engine.Engine:DESCRIBE `salamcity`.`organizations`
INFO:sqlalchemy.engine.Engine:[raw sql] {}
INFO:sqlalchemy.engine.Engine:DESCRIBE `salamcity`.`events`
INFO:sqlalchemy.engine.Engine:[raw sql] {}
INFO:sqlalchemy.engine.Engine:DESCRIBE `salamcity`.`prayer_times`
INFO:sqlalchemy.engine.Engine:[raw sql] {}
INFO:sqlalchemy.engine.Engine:COMMIT
INFO:root:Database connected
INFO:sqlalchemy.engine.Engine:BEGIN (implicit)
INFO:sqlalchemy.engine.Engine:SELECT organizations.id AS organizations_id, organizations.name AS organizations_name, organizations.name_short AS organizations_name_short, organizations.location AS organizations_location, organizations.phone_number AS organizations_phone_number, organizations.email AS organizations_email, organizations.description AS organizations_description, organizations.image AS organizations_image, organizations.website AS organizations_website, organizations.facebook AS organizations_facebook, organizations.twitter AS organizations_twitter, organizations.instagram AS organizations_instagram, organizations.youtube AS organizations_youtube 
FROM organizations
INFO:sqlalchemy.engine.Engine:[generated in 0.00083s] {}
INFO:sqlalchemy.engine.Engine:ROLLBACK
INFO:werkzeug:[31m[1mWARNING: This is a development server. Do not use it in a production deployment. Use a production WSGI server instead.[0m
 * Running on http://127.0.0.1:5000
INFO:werkzeug:[33mPress CTRL+C to quit[0m
INFO:sqlalchemy.engine.Engine:BEGIN (implicit)
INFO:sqlalchemy.engine.Engine:SELECT events.id AS events_id, events.title AS events_title, events.link AS events_link, events.sub_links AS events_sub_links, events.image AS events_image, events.date AS events_date, events.start_time AS events_start_time, events.end_time AS events_end_time, events.location AS events_location, events.short_description AS events_short_description, events.full_description AS events_full_description, events.other_info AS events_other_info, events.cost AS events_cost, events.category AS events_category, events.created_at AS events_created_at, events.is_video AS events_is_video, events.organization_id AS events_organization_id, events.organization_name AS events_organization_name 
FROM events 
WHERE events.organization_id = %(organization_id_1)s AND events.created_at >= %(created_at_1)s AND events.created_at <= %(created_at_2)s
INFO:sqlalchemy.engine.Engine:[generated in 0.00134s] {'organization_id_1': 10, 'created_at_1': datetime.datetime(2024, 3, 8, 0, 0), 'created_at_2': datetime.datetime(2024, 3, 8, 23, 59, 59)}
INFO:sqlalchemy.engine.Engine:BEGIN (implicit)
INFO:sqlalchemy.engine.Engine:SELECT events.id AS events_id, events.title AS events_title, events.link AS events_link, events.sub_links AS events_sub_links, events.image AS events_image, events.date AS events_date, events.start_time AS events_start_time, events.end_time AS events_end_time, events.location AS events_location, events.short_description AS events_short_description, events.full_description AS events_full_description, events.other_info AS events_other_info, events.cost AS events_cost, events.category AS events_category, events.created_at AS events_created_at, events.is_video AS events_is_video, events.organization_id AS events_organization_id, events.organization_name AS events_organization_name 
FROM events 
WHERE events.organization_id = %(organization_id_1)s AND events.created_at >= %(created_at_1)s AND events.created_at <= %(created_at_2)s
INFO:sqlalchemy.engine.Engine:[cached since 0.006536s ago] {'organization_id_1': 10, 'created_at_1': datetime.datetime(2024, 3, 8, 0, 0), 'created_at_2': datetime.datetime(2024, 3, 8, 23, 59, 59)}
INFO:sqlalchemy.engine.Engine:ROLLBACK
INFO:werkzeug:127.0.0.1 - - [08/Mar/2024 20:32:45] "GET /api/v1/events/10 HTTP/1.1" 200 -
INFO:sqlalchemy.engine.Engine:ROLLBACK
INFO:werkzeug:127.0.0.1 - - [08/Mar/2024 20:32:45] "GET /api/v1/events/10 HTTP/1.1" 200 -
INFO:sqlalchemy.engine.Engine:BEGIN (implicit)
INFO:sqlalchemy.engine.Engine:SELECT events.id AS events_id, events.title AS events_title, events.link AS events_link, events.sub_links AS events_sub_links, events.image AS events_image, events.date AS events_date, events.start_time AS events_start_time, events.end_time AS events_end_time, events.location AS events_location, events.short_description AS events_short_description, events.full_description AS events_full_description, events.other_info AS events_other_info, events.cost AS events_cost, events.category AS events_category, events.created_at AS events_created_at, events.is_video AS events_is_video, events.organization_id AS events_organization_id, events.organization_name AS events_organization_name 
FROM events 
WHERE events.organization_id = %(organization_id_1)s AND events.created_at >= %(created_at_1)s AND events.created_at <= %(created_at_2)s
INFO:sqlalchemy.engine.Engine:[cached since 0.2643s ago] {'organization_id_1': 4, 'created_at_1': datetime.datetime(2024, 3, 8, 0, 0), 'created_at_2': datetime.datetime(2024, 3, 8, 23, 59, 59)}
INFO:sqlalchemy.engine.Engine:ROLLBACK
INFO:werkzeug:127.0.0.1 - - [08/Mar/2024 20:32:45] "GET /api/v1/events/4 HTTP/1.1" 200 -
INFO:sqlalchemy.engine.Engine:BEGIN (implicit)
INFO:sqlalchemy.engine.Engine:SELECT events.id AS events_id, events.title AS events_title, events.link AS events_link, events.sub_links AS events_sub_links, events.image AS events_image, events.date AS events_date, events.start_time AS events_start_time, events.end_time AS events_end_time, events.location AS events_location, events.short_description AS events_short_description, events.full_description AS events_full_description, events.other_info AS events_other_info, events.cost AS events_cost, events.category AS events_category, events.created_at AS events_created_at, events.is_video AS events_is_video, events.organization_id AS events_organization_id, events.organization_name AS events_organization_name 
FROM events 
WHERE events.organization_id = %(organization_id_1)s AND events.created_at >= %(created_at_1)s AND events.created_at <= %(created_at_2)s
INFO:sqlalchemy.engine.Engine:[cached since 0.2771s ago] {'organization_id_1': 4, 'created_at_1': datetime.datetime(2024, 3, 8, 0, 0), 'created_at_2': datetime.datetime(2024, 3, 8, 23, 59, 59)}
INFO:sqlalchemy.engine.Engine:ROLLBACK
INFO:werkzeug:127.0.0.1 - - [08/Mar/2024 20:32:45] "GET /api/v1/events/4 HTTP/1.1" 200 -
INFO:sqlalchemy.engine.Engine:BEGIN (implicit)
INFO:sqlalchemy.engine.Engine:SELECT events.id AS events_id, events.title AS events_title, events.link AS events_link, events.sub_links AS events_sub_links, events.image AS events_image, events.date AS events_date, events.start_time AS events_start_time, events.end_time AS events_end_time, events.location AS events_location, events.short_description AS events_short_description, events.full_description AS events_full_description, events.other_info AS events_other_info, events.cost AS events_cost, events.category AS events_category, events.created_at AS events_created_at, events.is_video AS events_is_video, events.organization_id AS events_organization_id, events.organization_name AS events_organization_name 
FROM events 
WHERE events.organization_id = %(organization_id_1)s AND events.created_at >= %(created_at_1)s AND events.created_at <= %(created_at_2)s
INFO:sqlalchemy.engine.Engine:BEGIN (implicit)
INFO:sqlalchemy.engine.Engine:[cached since 0.527s ago] {'organization_id_1': 10, 'created_at_1': datetime.datetime(2024, 3, 8, 0, 0), 'created_at_2': datetime.datetime(2024, 3, 8, 23, 59, 59)}
INFO:sqlalchemy.engine.Engine:SELECT events.id AS events_id, events.title AS events_title, events.link AS events_link, events.sub_links AS events_sub_links, events.image AS events_image, events.date AS events_date, events.start_time AS events_start_time, events.end_time AS events_end_time, events.location AS events_location, events.short_description AS events_short_description, events.full_description AS events_full_description, events.other_info AS events_other_info, events.cost AS events_cost, events.category AS events_category, events.created_at AS events_created_at, events.is_video AS events_is_video, events.organization_id AS events_organization_id, events.organization_name AS events_organization_name 
FROM events 
WHERE events.organization_id = %(organization_id_1)s AND events.created_at >= %(created_at_1)s AND events.created_at <= %(created_at_2)s
INFO:sqlalchemy.engine.Engine:[cached since 0.528s ago] {'organization_id_1': 10, 'created_at_1': datetime.datetime(2024, 3, 8, 0, 0), 'created_at_2': datetime.datetime(2024, 3, 8, 23, 59, 59)}
INFO:sqlalchemy.engine.Engine:ROLLBACK
INFO:sqlalchemy.engine.Engine:ROLLBACK
INFO:werkzeug:127.0.0.1 - - [08/Mar/2024 20:32:46] "GET /api/v1/events/10 HTTP/1.1" 200 -
INFO:werkzeug:127.0.0.1 - - [08/Mar/2024 20:32:46] "GET /api/v1/events/10 HTTP/1.1" 200 -
INFO:sqlalchemy.engine.Engine:BEGIN (implicit)
INFO:sqlalchemy.engine.Engine:SELECT prayer_times.id AS prayer_times_id, prayer_times.prayer_name AS prayer_times_prayer_name, prayer_times.athan_time AS prayer_times_athan_time, prayer_times.iqama_time AS prayer_times_iqama_time, prayer_times.jumuah_time AS prayer_times_jumuah_time, prayer_times.jumuah_time2 AS prayer_times_jumuah_time2, prayer_times.created_at AS prayer_times_created_at, prayer_times.organization_id AS prayer_times_organization_id, prayer_times.organization_name AS prayer_times_organization_name 
FROM prayer_times 
WHERE prayer_times.organization_id = %(organization_id_1)s AND prayer_times.created_at >= %(created_at_1)s AND prayer_times.created_at <= %(created_at_2)s
INFO:sqlalchemy.engine.Engine:[generated in 0.00169s] {'organization_id_1': 3, 'created_at_1': datetime.datetime(2024, 3, 8, 0, 0), 'created_at_2': datetime.datetime(2024, 3, 8, 23, 59, 59)}
INFO:sqlalchemy.engine.Engine:BEGIN (implicit)
INFO:sqlalchemy.engine.Engine:SELECT prayer_times.id AS prayer_times_id, prayer_times.prayer_name AS prayer_times_prayer_name, prayer_times.athan_time AS prayer_times_athan_time, prayer_times.iqama_time AS prayer_times_iqama_time, prayer_times.jumuah_time AS prayer_times_jumuah_time, prayer_times.jumuah_time2 AS prayer_times_jumuah_time2, prayer_times.created_at AS prayer_times_created_at, prayer_times.organization_id AS prayer_times_organization_id, prayer_times.organization_name AS prayer_times_organization_name 
FROM prayer_times 
WHERE prayer_times.organization_id = %(organization_id_1)s AND prayer_times.created_at >= %(created_at_1)s AND prayer_times.created_at <= %(created_at_2)s
INFO:sqlalchemy.engine.Engine:ROLLBACK
INFO:sqlalchemy.engine.Engine:[cached since 0.004801s ago] {'organization_id_1': 3, 'created_at_1': datetime.datetime(2024, 3, 8, 0, 0), 'created_at_2': datetime.datetime(2024, 3, 8, 23, 59, 59)}
INFO:werkzeug:127.0.0.1 - - [08/Mar/2024 20:32:46] "GET /api/v1/prayer_times/3 HTTP/1.1" 200 -
INFO:sqlalchemy.engine.Engine:ROLLBACK
INFO:werkzeug:127.0.0.1 - - [08/Mar/2024 20:32:46] "GET /api/v1/prayer_times/3 HTTP/1.1" 200 -
INFO:sqlalchemy.engine.Engine:BEGIN (implicit)
INFO:sqlalchemy.engine.Engine:SELECT events.id AS events_id, events.title AS events_title, events.link AS events_link, events.sub_links AS events_sub_links, events.image AS events_image, events.date AS events_date, events.start_time AS events_start_time, events.end_time AS events_end_time, events.location AS events_location, events.short_description AS events_short_description, events.full_description AS events_full_description, events.other_info AS events_other_info, events.cost AS events_cost, events.category AS events_category, events.created_at AS events_created_at, events.is_video AS events_is_video, events.organization_id AS events_organization_id, events.organization_name AS events_organization_name 
FROM events 
WHERE events.organization_id = %(organization_id_1)s AND events.created_at >= %(created_at_1)s AND events.created_at <= %(created_at_2)s
INFO:sqlalchemy.engine.Engine:[cached since 0.6135s ago] {'organization_id_1': 4, 'created_at_1': datetime.datetime(2024, 3, 8, 0, 0), 'created_at_2': datetime.datetime(2024, 3, 8, 23, 59, 59)}
INFO:sqlalchemy.engine.Engine:BEGIN (implicit)
INFO:sqlalchemy.engine.Engine:SELECT events.id AS events_id, events.title AS events_title, events.link AS events_link, events.sub_links AS events_sub_links, events.image AS events_image, events.date AS events_date, events.start_time AS events_start_time, events.end_time AS events_end_time, events.location AS events_location, events.short_description AS events_short_description, events.full_description AS events_full_description, events.other_info AS events_other_info, events.cost AS events_cost, events.category AS events_category, events.created_at AS events_created_at, events.is_video AS events_is_video, events.organization_id AS events_organization_id, events.organization_name AS events_organization_name 
FROM events 
WHERE events.organization_id = %(organization_id_1)s AND events.created_at >= %(created_at_1)s AND events.created_at <= %(created_at_2)s
INFO:sqlalchemy.engine.Engine:[cached since 0.6172s ago] {'organization_id_1': 4, 'created_at_1': datetime.datetime(2024, 3, 8, 0, 0), 'created_at_2': datetime.datetime(2024, 3, 8, 23, 59, 59)}
INFO:sqlalchemy.engine.Engine:ROLLBACK
INFO:werkzeug:127.0.0.1 - - [08/Mar/2024 20:32:46] "GET /api/v1/events/4 HTTP/1.1" 200 -
INFO:sqlalchemy.engine.Engine:ROLLBACK
INFO:werkzeug:127.0.0.1 - - [08/Mar/2024 20:32:46] "GET /api/v1/events/4 HTTP/1.1" 200 -
INFO:werkzeug:127.0.0.1 - - [08/Mar/2024 20:32:51] "GET /api/v1/organizations HTTP/1.1" 200 -
INFO:sqlalchemy.engine.Engine:BEGIN (implicit)
INFO:werkzeug:127.0.0.1 - - [08/Mar/2024 20:32:51] "GET /api/v1/organizations HTTP/1.1" 200 -
INFO:sqlalchemy.engine.Engine:SELECT events.id AS events_id, events.title AS events_title, events.link AS events_link, events.sub_links AS events_sub_links, events.image AS events_image, events.date AS events_date, events.start_time AS events_start_time, events.end_time AS events_end_time, events.location AS events_location, events.short_description AS events_short_description, events.full_description AS events_full_description, events.other_info AS events_other_info, events.cost AS events_cost, events.category AS events_category, events.created_at AS events_created_at, events.is_video AS events_is_video, events.organization_id AS events_organization_id, events.organization_name AS events_organization_name 
FROM events 
WHERE events.created_at >= %(created_at_1)s AND events.created_at <= %(created_at_2)s
INFO:sqlalchemy.engine.Engine:[generated in 0.00454s] {'created_at_1': datetime.datetime(2024, 3, 8, 0, 0), 'created_at_2': datetime.datetime(2024, 3, 8, 23, 59, 59)}
INFO:sqlalchemy.engine.Engine:BEGIN (implicit)
INFO:sqlalchemy.engine.Engine:SELECT events.id AS events_id, events.title AS events_title, events.link AS events_link, events.sub_links AS events_sub_links, events.image AS events_image, events.date AS events_date, events.start_time AS events_start_time, events.end_time AS events_end_time, events.location AS events_location, events.short_description AS events_short_description, events.full_description AS events_full_description, events.other_info AS events_other_info, events.cost AS events_cost, events.category AS events_category, events.created_at AS events_created_at, events.is_video AS events_is_video, events.organization_id AS events_organization_id, events.organization_name AS events_organization_name 
FROM events 
WHERE events.created_at >= %(created_at_1)s AND events.created_at <= %(created_at_2)s
INFO:sqlalchemy.engine.Engine:[cached since 0.007493s ago] {'created_at_1': datetime.datetime(2024, 3, 8, 0, 0), 'created_at_2': datetime.datetime(2024, 3, 8, 23, 59, 59)}
INFO:sqlalchemy.engine.Engine:ROLLBACK
INFO:werkzeug:127.0.0.1 - - [08/Mar/2024 20:32:51] "GET /api/v1/events HTTP/1.1" 200 -
INFO:sqlalchemy.engine.Engine:ROLLBACK
INFO:werkzeug:127.0.0.1 - - [08/Mar/2024 20:32:51] "GET /api/v1/events HTTP/1.1" 200 -
INFO:sqlalchemy.engine.Engine:BEGIN (implicit)
INFO:sqlalchemy.engine.Engine:SELECT organizations.id AS organizations_id, organizations.name AS organizations_name, organizations.name_short AS organizations_name_short, organizations.location AS organizations_location, organizations.phone_number AS organizations_phone_number, organizations.email AS organizations_email, organizations.description AS organizations_description, organizations.image AS organizations_image, organizations.website AS organizations_website, organizations.facebook AS organizations_facebook, organizations.twitter AS organizations_twitter, organizations.instagram AS organizations_instagram, organizations.youtube AS organizations_youtube 
FROM organizations 
WHERE organizations.id = %(id_1)s 
 LIMIT %(param_1)s
INFO:sqlalchemy.engine.Engine:BEGIN (implicit)
INFO:sqlalchemy.engine.Engine:[generated in 0.00112s] {'id_1': 3, 'param_1': 1}
INFO:sqlalchemy.engine.Engine:SELECT organizations.id AS organizations_id, organizations.name AS organizations_name, organizations.name_short AS organizations_name_short, organizations.location AS organizations_location, organizations.phone_number AS organizations_phone_number, organizations.email AS organizations_email, organizations.description AS organizations_description, organizations.image AS organizations_image, organizations.website AS organizations_website, organizations.facebook AS organizations_facebook, organizations.twitter AS organizations_twitter, organizations.instagram AS organizations_instagram, organizations.youtube AS organizations_youtube 
FROM organizations 
WHERE organizations.id = %(id_1)s 
 LIMIT %(param_1)s
INFO:sqlalchemy.engine.Engine:ROLLBACK
INFO:werkzeug:127.0.0.1 - - [08/Mar/2024 20:32:51] "GET /api/v1/organizations/3/image HTTP/1.1" 200 -
INFO:sqlalchemy.engine.Engine:[cached since 0.003799s ago] {'id_1': 3, 'param_1': 1}
INFO:sqlalchemy.engine.Engine:ROLLBACK
INFO:werkzeug:127.0.0.1 - - [08/Mar/2024 20:32:51] "GET /api/v1/organizations/3/image HTTP/1.1" 200 -
INFO:werkzeug:127.0.0.1 - - [08/Mar/2024 20:35:52] "GET /api/v1/organizations HTTP/1.1" 200 -
INFO:sqlalchemy.engine.Engine:BEGIN (implicit)
INFO:sqlalchemy.engine.Engine:SELECT events.id AS events_id, events.title AS events_title, events.link AS events_link, events.sub_links AS events_sub_links, events.image AS events_image, events.date AS events_date, events.start_time AS events_start_time, events.end_time AS events_end_time, events.location AS events_location, events.short_description AS events_short_description, events.full_description AS events_full_description, events.other_info AS events_other_info, events.cost AS events_cost, events.category AS events_category, events.created_at AS events_created_at, events.is_video AS events_is_video, events.organization_id AS events_organization_id, events.organization_name AS events_organization_name 
FROM events 
WHERE events.created_at >= %(created_at_1)s AND events.created_at <= %(created_at_2)s
INFO:sqlalchemy.engine.Engine:[cached since 180.4s ago] {'created_at_1': datetime.datetime(2024, 3, 8, 0, 0), 'created_at_2': datetime.datetime(2024, 3, 8, 23, 59, 59)}
INFO:sqlalchemy.engine.Engine:ROLLBACK
INFO:werkzeug:127.0.0.1 - - [08/Mar/2024 20:35:52] "GET /api/v1/events HTTP/1.1" 200 -
INFO:werkzeug:127.0.0.1 - - [08/Mar/2024 20:35:59] "GET /events HTTP/1.1" 200 -
INFO:werkzeug:127.0.0.1 - - [08/Mar/2024 20:36:03] "GET /react_devtools_backend_compact.js.map HTTP/1.1" 200 -
INFO:sqlalchemy.engine.Engine:BEGIN (implicit)
INFO:sqlalchemy.engine.Engine:SELECT events.id AS events_id, events.title AS events_title, events.link AS events_link, events.sub_links AS events_sub_links, events.image AS events_image, events.date AS events_date, events.start_time AS events_start_time, events.end_time AS events_end_time, events.location AS events_location, events.short_description AS events_short_description, events.full_description AS events_full_description, events.other_info AS events_other_info, events.cost AS events_cost, events.category AS events_category, events.created_at AS events_created_at, events.is_video AS events_is_video, events.organization_id AS events_organization_id, events.organization_name AS events_organization_name 
FROM events 
WHERE events.organization_id = %(organization_id_1)s AND events.created_at >= %(created_at_1)s AND events.created_at <= %(created_at_2)s
INFO:sqlalchemy.engine.Engine:[cached since 792.2s ago] {'organization_id_1': 10, 'created_at_1': datetime.datetime(2024, 3, 8, 0, 0), 'created_at_2': datetime.datetime(2024, 3, 8, 23, 59, 59)}
INFO:sqlalchemy.engine.Engine:ROLLBACK
INFO:werkzeug:127.0.0.1 - - [08/Mar/2024 20:45:57] "GET /api/v1/events/10 HTTP/1.1" 200 -
INFO:sqlalchemy.engine.Engine:BEGIN (implicit)
INFO:sqlalchemy.engine.Engine:BEGIN (implicit)
INFO:sqlalchemy.engine.Engine:SELECT events.id AS events_id, events.title AS events_title, events.link AS events_link, events.sub_links AS events_sub_links, events.image AS events_image, events.date AS events_date, events.start_time AS events_start_time, events.end_time AS events_end_time, events.location AS events_location, events.short_description AS events_short_description, events.full_description AS events_full_description, events.other_info AS events_other_info, events.cost AS events_cost, events.category AS events_category, events.created_at AS events_created_at, events.is_video AS events_is_video, events.organization_id AS events_organization_id, events.organization_name AS events_organization_name 
FROM events 
WHERE events.organization_id = %(organization_id_1)s AND events.created_at >= %(created_at_1)s AND events.created_at <= %(created_at_2)s
INFO:sqlalchemy.engine.Engine:SELECT events.id AS events_id, events.title AS events_title, events.link AS events_link, events.sub_links AS events_sub_links, events.image AS events_image, events.date AS events_date, events.start_time AS events_start_time, events.end_time AS events_end_time, events.location AS events_location, events.short_description AS events_short_description, events.full_description AS events_full_description, events.other_info AS events_other_info, events.cost AS events_cost, events.category AS events_category, events.created_at AS events_created_at, events.is_video AS events_is_video, events.organization_id AS events_organization_id, events.organization_name AS events_organization_name 
FROM events 
WHERE events.organization_id = %(organization_id_1)s AND events.created_at >= %(created_at_1)s AND events.created_at <= %(created_at_2)s
INFO:sqlalchemy.engine.Engine:[cached since 792.2s ago] {'organization_id_1': 10, 'created_at_1': datetime.datetime(2024, 3, 8, 0, 0), 'created_at_2': datetime.datetime(2024, 3, 8, 23, 59, 59)}
INFO:sqlalchemy.engine.Engine:[cached since 792.2s ago] {'organization_id_1': 4, 'created_at_1': datetime.datetime(2024, 3, 8, 0, 0), 'created_at_2': datetime.datetime(2024, 3, 8, 23, 59, 59)}
INFO:sqlalchemy.engine.Engine:ROLLBACK
INFO:sqlalchemy.engine.Engine:ROLLBACK
INFO:werkzeug:127.0.0.1 - - [08/Mar/2024 20:45:57] "GET /api/v1/events/4 HTTP/1.1" 200 -
INFO:werkzeug:127.0.0.1 - - [08/Mar/2024 20:45:57] "GET /api/v1/events/10 HTTP/1.1" 200 -
INFO:sqlalchemy.engine.Engine:BEGIN (implicit)
INFO:sqlalchemy.engine.Engine:SELECT events.id AS events_id, events.title AS events_title, events.link AS events_link, events.sub_links AS events_sub_links, events.image AS events_image, events.date AS events_date, events.start_time AS events_start_time, events.end_time AS events_end_time, events.location AS events_location, events.short_description AS events_short_description, events.full_description AS events_full_description, events.other_info AS events_other_info, events.cost AS events_cost, events.category AS events_category, events.created_at AS events_created_at, events.is_video AS events_is_video, events.organization_id AS events_organization_id, events.organization_name AS events_organization_name 
FROM events 
WHERE events.organization_id = %(organization_id_1)s AND events.created_at >= %(created_at_1)s AND events.created_at <= %(created_at_2)s
INFO:sqlalchemy.engine.Engine:[cached since 792.3s ago] {'organization_id_1': 4, 'created_at_1': datetime.datetime(2024, 3, 8, 0, 0), 'created_at_2': datetime.datetime(2024, 3, 8, 23, 59, 59)}
INFO:sqlalchemy.engine.Engine:ROLLBACK
INFO:werkzeug:127.0.0.1 - - [08/Mar/2024 20:45:57] "GET /api/v1/events/4 HTTP/1.1" 200 -
INFO:sqlalchemy.engine.Engine:BEGIN (implicit)
INFO:sqlalchemy.engine.Engine:SELECT events.id AS events_id, events.title AS events_title, events.link AS events_link, events.sub_links AS events_sub_links, events.image AS events_image, events.date AS events_date, events.start_time AS events_start_time, events.end_time AS events_end_time, events.location AS events_location, events.short_description AS events_short_description, events.full_description AS events_full_description, events.other_info AS events_other_info, events.cost AS events_cost, events.category AS events_category, events.created_at AS events_created_at, events.is_video AS events_is_video, events.organization_id AS events_organization_id, events.organization_name AS events_organization_name 
FROM events 
WHERE events.organization_id = %(organization_id_1)s AND events.created_at >= %(created_at_1)s AND events.created_at <= %(created_at_2)s
INFO:sqlalchemy.engine.Engine:BEGIN (implicit)
INFO:sqlalchemy.engine.Engine:[cached since 792.4s ago] {'organization_id_1': 10, 'created_at_1': datetime.datetime(2024, 3, 8, 0, 0), 'created_at_2': datetime.datetime(2024, 3, 8, 23, 59, 59)}
INFO:sqlalchemy.engine.Engine:SELECT prayer_times.id AS prayer_times_id, prayer_times.prayer_name AS prayer_times_prayer_name, prayer_times.athan_time AS prayer_times_athan_time, prayer_times.iqama_time AS prayer_times_iqama_time, prayer_times.jumuah_time AS prayer_times_jumuah_time, prayer_times.jumuah_time2 AS prayer_times_jumuah_time2, prayer_times.created_at AS prayer_times_created_at, prayer_times.organization_id AS prayer_times_organization_id, prayer_times.organization_name AS prayer_times_organization_name 
FROM prayer_times 
WHERE prayer_times.organization_id = %(organization_id_1)s AND prayer_times.created_at >= %(created_at_1)s AND prayer_times.created_at <= %(created_at_2)s
INFO:sqlalchemy.engine.Engine:[cached since 791.8s ago] {'organization_id_1': 3, 'created_at_1': datetime.datetime(2024, 3, 8, 0, 0), 'created_at_2': datetime.datetime(2024, 3, 8, 23, 59, 59)}
INFO:sqlalchemy.engine.Engine:ROLLBACK
INFO:werkzeug:127.0.0.1 - - [08/Mar/2024 20:45:57] "GET /api/v1/prayer_times/3 HTTP/1.1" 200 -
INFO:sqlalchemy.engine.Engine:ROLLBACK
INFO:werkzeug:127.0.0.1 - - [08/Mar/2024 20:45:57] "GET /api/v1/events/10 HTTP/1.1" 200 -
INFO:werkzeug:127.0.0.1 - - [08/Mar/2024 20:45:57] "GET /logo.png HTTP/1.1" 200 -
INFO:sqlalchemy.engine.Engine:BEGIN (implicit)
INFO:sqlalchemy.engine.Engine:SELECT prayer_times.id AS prayer_times_id, prayer_times.prayer_name AS prayer_times_prayer_name, prayer_times.athan_time AS prayer_times_athan_time, prayer_times.iqama_time AS prayer_times_iqama_time, prayer_times.jumuah_time AS prayer_times_jumuah_time, prayer_times.jumuah_time2 AS prayer_times_jumuah_time2, prayer_times.created_at AS prayer_times_created_at, prayer_times.organization_id AS prayer_times_organization_id, prayer_times.organization_name AS prayer_times_organization_name 
FROM prayer_times 
WHERE prayer_times.organization_id = %(organization_id_1)s AND prayer_times.created_at >= %(created_at_1)s AND prayer_times.created_at <= %(created_at_2)s
INFO:sqlalchemy.engine.Engine:[cached since 791.9s ago] {'organization_id_1': 3, 'created_at_1': datetime.datetime(2024, 3, 8, 0, 0), 'created_at_2': datetime.datetime(2024, 3, 8, 23, 59, 59)}
INFO:sqlalchemy.engine.Engine:ROLLBACK
INFO:werkzeug:127.0.0.1 - - [08/Mar/2024 20:45:57] "GET /api/v1/prayer_times/3 HTTP/1.1" 200 -
INFO:sqlalchemy.engine.Engine:BEGIN (implicit)
INFO:sqlalchemy.engine.Engine:SELECT events.id AS events_id, events.title AS events_title, events.link AS events_link, events.sub_links AS events_sub_links, events.image AS events_image, events.date AS events_date, events.start_time AS events_start_time, events.end_time AS events_end_time, events.location AS events_location, events.short_description AS events_short_description, events.full_description AS events_full_description, events.other_info AS events_other_info, events.cost AS events_cost, events.category AS events_category, events.created_at AS events_created_at, events.is_video AS events_is_video, events.organization_id AS events_organization_id, events.organization_name AS events_organization_name 
FROM events 
WHERE events.organization_id = %(organization_id_1)s AND events.created_at >= %(created_at_1)s AND events.created_at <= %(created_at_2)s
INFO:sqlalchemy.engine.Engine:[cached since 792.4s ago] {'organization_id_1': 10, 'created_at_1': datetime.datetime(2024, 3, 8, 0, 0), 'created_at_2': datetime.datetime(2024, 3, 8, 23, 59, 59)}
INFO:sqlalchemy.engine.Engine:ROLLBACK
INFO:werkzeug:127.0.0.1 - - [08/Mar/2024 20:45:57] "GET /api/v1/events/10 HTTP/1.1" 200 -
INFO:sqlalchemy.engine.Engine:BEGIN (implicit)
INFO:sqlalchemy.engine.Engine:SELECT events.id AS events_id, events.title AS events_title, events.link AS events_link, events.sub_links AS events_sub_links, events.image AS events_image, events.date AS events_date, events.start_time AS events_start_time, events.end_time AS events_end_time, events.location AS events_location, events.short_description AS events_short_description, events.full_description AS events_full_description, events.other_info AS events_other_info, events.cost AS events_cost, events.category AS events_category, events.created_at AS events_created_at, events.is_video AS events_is_video, events.organization_id AS events_organization_id, events.organization_name AS events_organization_name 
FROM events 
WHERE events.organization_id = %(organization_id_1)s AND events.created_at >= %(created_at_1)s AND events.created_at <= %(created_at_2)s
INFO:sqlalchemy.engine.Engine:[cached since 792.5s ago] {'organization_id_1': 4, 'created_at_1': datetime.datetime(2024, 3, 8, 0, 0), 'created_at_2': datetime.datetime(2024, 3, 8, 23, 59, 59)}
INFO:sqlalchemy.engine.Engine:ROLLBACK
INFO:werkzeug:127.0.0.1 - - [08/Mar/2024 20:45:57] "GET /api/v1/events/4 HTTP/1.1" 200 -
INFO:sqlalchemy.engine.Engine:BEGIN (implicit)
INFO:sqlalchemy.engine.Engine:SELECT events.id AS events_id, events.title AS events_title, events.link AS events_link, events.sub_links AS events_sub_links, events.image AS events_image, events.date AS events_date, events.start_time AS events_start_time, events.end_time AS events_end_time, events.location AS events_location, events.short_description AS events_short_description, events.full_description AS events_full_description, events.other_info AS events_other_info, events.cost AS events_cost, events.category AS events_category, events.created_at AS events_created_at, events.is_video AS events_is_video, events.organization_id AS events_organization_id, events.organization_name AS events_organization_name 
FROM events 
WHERE events.organization_id = %(organization_id_1)s AND events.created_at >= %(created_at_1)s AND events.created_at <= %(created_at_2)s
INFO:sqlalchemy.engine.Engine:[cached since 792.6s ago] {'organization_id_1': 4, 'created_at_1': datetime.datetime(2024, 3, 8, 0, 0), 'created_at_2': datetime.datetime(2024, 3, 8, 23, 59, 59)}
INFO:sqlalchemy.engine.Engine:ROLLBACK
INFO:werkzeug:127.0.0.1 - - [08/Mar/2024 20:45:58] "GET /api/v1/events/4 HTTP/1.1" 200 -
INFO:werkzeug:127.0.0.1 - - [08/Mar/2024 20:46:00] "GET /api/v1/organizations HTTP/1.1" 200 -
INFO:sqlalchemy.engine.Engine:BEGIN (implicit)
INFO:sqlalchemy.engine.Engine:SELECT events.id AS events_id, events.title AS events_title, events.link AS events_link, events.sub_links AS events_sub_links, events.image AS events_image, events.date AS events_date, events.start_time AS events_start_time, events.end_time AS events_end_time, events.location AS events_location, events.short_description AS events_short_description, events.full_description AS events_full_description, events.other_info AS events_other_info, events.cost AS events_cost, events.category AS events_category, events.created_at AS events_created_at, events.is_video AS events_is_video, events.organization_id AS events_organization_id, events.organization_name AS events_organization_name 
FROM events 
WHERE events.created_at >= %(created_at_1)s AND events.created_at <= %(created_at_2)s
INFO:sqlalchemy.engine.Engine:[cached since 789.1s ago] {'created_at_1': datetime.datetime(2024, 3, 8, 0, 0), 'created_at_2': datetime.datetime(2024, 3, 8, 23, 59, 59)}
INFO:sqlalchemy.engine.Engine:ROLLBACK
INFO:werkzeug:127.0.0.1 - - [08/Mar/2024 20:46:00] "GET /api/v1/events HTTP/1.1" 200 -
INFO:werkzeug:127.0.0.1 - - [08/Mar/2024 20:46:00] "GET /logo.png HTTP/1.1" 200 -
INFO:werkzeug:127.0.0.1 - - [08/Mar/2024 20:46:00] "GET /api/v1/organizations HTTP/1.1" 200 -
INFO:sqlalchemy.engine.Engine:BEGIN (implicit)
INFO:sqlalchemy.engine.Engine:SELECT events.id AS events_id, events.title AS events_title, events.link AS events_link, events.sub_links AS events_sub_links, events.image AS events_image, events.date AS events_date, events.start_time AS events_start_time, events.end_time AS events_end_time, events.location AS events_location, events.short_description AS events_short_description, events.full_description AS events_full_description, events.other_info AS events_other_info, events.cost AS events_cost, events.category AS events_category, events.created_at AS events_created_at, events.is_video AS events_is_video, events.organization_id AS events_organization_id, events.organization_name AS events_organization_name 
FROM events 
WHERE events.created_at >= %(created_at_1)s AND events.created_at <= %(created_at_2)s
INFO:sqlalchemy.engine.Engine:[cached since 789.1s ago] {'created_at_1': datetime.datetime(2024, 3, 8, 0, 0), 'created_at_2': datetime.datetime(2024, 3, 8, 23, 59, 59)}
INFO:sqlalchemy.engine.Engine:ROLLBACK
INFO:werkzeug:127.0.0.1 - - [08/Mar/2024 20:46:00] "GET /api/v1/events HTTP/1.1" 200 -
INFO:sqlalchemy.engine.Engine:BEGIN (implicit)
INFO:sqlalchemy.engine.Engine:SELECT organizations.id AS organizations_id, organizations.name AS organizations_name, organizations.name_short AS organizations_name_short, organizations.location AS organizations_location, organizations.phone_number AS organizations_phone_number, organizations.email AS organizations_email, organizations.description AS organizations_description, organizations.image AS organizations_image, organizations.website AS organizations_website, organizations.facebook AS organizations_facebook, organizations.twitter AS organizations_twitter, organizations.instagram AS organizations_instagram, organizations.youtube AS organizations_youtube 
FROM organizations 
WHERE organizations.id = %(id_1)s 
 LIMIT %(param_1)s
INFO:sqlalchemy.engine.Engine:[cached since 789s ago] {'id_1': 3, 'param_1': 1}
INFO:sqlalchemy.engine.Engine:ROLLBACK
INFO:werkzeug:127.0.0.1 - - [08/Mar/2024 20:46:00] "GET /api/v1/organizations/3/image HTTP/1.1" 200 -
INFO:sqlalchemy.engine.Engine:BEGIN (implicit)
INFO:sqlalchemy.engine.Engine:SELECT organizations.id AS organizations_id, organizations.name AS organizations_name, organizations.name_short AS organizations_name_short, organizations.location AS organizations_location, organizations.phone_number AS organizations_phone_number, organizations.email AS organizations_email, organizations.description AS organizations_description, organizations.image AS organizations_image, organizations.website AS organizations_website, organizations.facebook AS organizations_facebook, organizations.twitter AS organizations_twitter, organizations.instagram AS organizations_instagram, organizations.youtube AS organizations_youtube 
FROM organizations 
WHERE organizations.id = %(id_1)s 
 LIMIT %(param_1)s
INFO:sqlalchemy.engine.Engine:[cached since 789s ago] {'id_1': 3, 'param_1': 1}
INFO:sqlalchemy.engine.Engine:ROLLBACK
INFO:werkzeug:127.0.0.1 - - [08/Mar/2024 20:46:01] "GET /api/v1/organizations/3/image HTTP/1.1" 200 -
INFO:sqlalchemy.engine.Engine:BEGIN (implicit)
INFO:sqlalchemy.engine.Engine:SELECT organizations.id AS organizations_id, organizations.name AS organizations_name, organizations.name_short AS organizations_name_short, organizations.location AS organizations_location, organizations.phone_number AS organizations_phone_number, organizations.email AS organizations_email, organizations.description AS organizations_description, organizations.image AS organizations_image, organizations.website AS organizations_website, organizations.facebook AS organizations_facebook, organizations.twitter AS organizations_twitter, organizations.instagram AS organizations_instagram, organizations.youtube AS organizations_youtube 
FROM organizations 
WHERE organizations.id = %(id_1)s 
 LIMIT %(param_1)s
INFO:sqlalchemy.engine.Engine:[cached since 942s ago] {'id_1': 3, 'param_1': 1}
INFO:sqlalchemy.engine.Engine:ROLLBACK
INFO:werkzeug:127.0.0.1 - - [08/Mar/2024 20:48:33] "GET /api/v1/organizations/3/image HTTP/1.1" 200 -
INFO:sqlalchemy.engine.Engine:BEGIN (implicit)
INFO:sqlalchemy.engine.Engine:SELECT organizations.id AS organizations_id, organizations.name AS organizations_name, organizations.name_short AS organizations_name_short, organizations.location AS organizations_location, organizations.phone_number AS organizations_phone_number, organizations.email AS organizations_email, organizations.description AS organizations_description, organizations.image AS organizations_image, organizations.website AS organizations_website, organizations.facebook AS organizations_facebook, organizations.twitter AS organizations_twitter, organizations.instagram AS organizations_instagram, organizations.youtube AS organizations_youtube 
FROM organizations 
WHERE organizations.id = %(id_1)s 
 LIMIT %(param_1)s
INFO:sqlalchemy.engine.Engine:[cached since 942s ago] {'id_1': 3, 'param_1': 1}
INFO:sqlalchemy.engine.Engine:ROLLBACK
INFO:werkzeug:127.0.0.1 - - [08/Mar/2024 20:48:33] "GET /api/v1/organizations/3/image HTTP/1.1" 200 -
INFO:werkzeug:127.0.0.1 - - [08/Mar/2024 20:48:34] "GET /api/v1/organizations HTTP/1.1" 200 -
INFO:sqlalchemy.engine.Engine:BEGIN (implicit)
INFO:sqlalchemy.engine.Engine:SELECT events.id AS events_id, events.title AS events_title, events.link AS events_link, events.sub_links AS events_sub_links, events.image AS events_image, events.date AS events_date, events.start_time AS events_start_time, events.end_time AS events_end_time, events.location AS events_location, events.short_description AS events_short_description, events.full_description AS events_full_description, events.other_info AS events_other_info, events.cost AS events_cost, events.category AS events_category, events.created_at AS events_created_at, events.is_video AS events_is_video, events.organization_id AS events_organization_id, events.organization_name AS events_organization_name 
FROM events 
WHERE events.created_at >= %(created_at_1)s AND events.created_at <= %(created_at_2)s
INFO:sqlalchemy.engine.Engine:[cached since 942.8s ago] {'created_at_1': datetime.datetime(2024, 3, 8, 0, 0), 'created_at_2': datetime.datetime(2024, 3, 8, 23, 59, 59)}
INFO:sqlalchemy.engine.Engine:ROLLBACK
INFO:werkzeug:127.0.0.1 - - [08/Mar/2024 20:48:34] "GET /api/v1/events HTTP/1.1" 200 -
INFO:sqlalchemy.engine.Engine:BEGIN (implicit)
INFO:sqlalchemy.engine.Engine:SELECT organizations.id AS organizations_id, organizations.name AS organizations_name, organizations.name_short AS organizations_name_short, organizations.location AS organizations_location, organizations.phone_number AS organizations_phone_number, organizations.email AS organizations_email, organizations.description AS organizations_description, organizations.image AS organizations_image, organizations.website AS organizations_website, organizations.facebook AS organizations_facebook, organizations.twitter AS organizations_twitter, organizations.instagram AS organizations_instagram, organizations.youtube AS organizations_youtube 
FROM organizations 
WHERE organizations.id = %(id_1)s 
 LIMIT %(param_1)s
INFO:sqlalchemy.engine.Engine:[cached since 1022s ago] {'id_1': 3, 'param_1': 1}
INFO:sqlalchemy.engine.Engine:ROLLBACK
INFO:werkzeug:127.0.0.1 - - [08/Mar/2024 20:49:54] "GET /api/v1/organizations/3/image HTTP/1.1" 200 -
INFO:sqlalchemy.engine.Engine:BEGIN (implicit)
INFO:sqlalchemy.engine.Engine:BEGIN (implicit)
INFO:sqlalchemy.engine.Engine:SELECT organizations.id AS organizations_id, organizations.name AS organizations_name, organizations.name_short AS organizations_name_short, organizations.location AS organizations_location, organizations.phone_number AS organizations_phone_number, organizations.email AS organizations_email, organizations.description AS organizations_description, organizations.image AS organizations_image, organizations.website AS organizations_website, organizations.facebook AS organizations_facebook, organizations.twitter AS organizations_twitter, organizations.instagram AS organizations_instagram, organizations.youtube AS organizations_youtube 
FROM organizations 
WHERE organizations.id = %(id_1)s 
 LIMIT %(param_1)s
INFO:sqlalchemy.engine.Engine:SELECT organizations.id AS organizations_id, organizations.name AS organizations_name, organizations.name_short AS organizations_name_short, organizations.location AS organizations_location, organizations.phone_number AS organizations_phone_number, organizations.email AS organizations_email, organizations.description AS organizations_description, organizations.image AS organizations_image, organizations.website AS organizations_website, organizations.facebook AS organizations_facebook, organizations.twitter AS organizations_twitter, organizations.instagram AS organizations_instagram, organizations.youtube AS organizations_youtube 
FROM organizations 
WHERE organizations.id = %(id_1)s 
 LIMIT %(param_1)s
INFO:sqlalchemy.engine.Engine:[cached since 1022s ago] {'id_1': 3, 'param_1': 1}
INFO:sqlalchemy.engine.Engine:[cached since 1022s ago] {'id_1': 3, 'param_1': 1}
INFO:sqlalchemy.engine.Engine:BEGIN (implicit)
INFO:sqlalchemy.engine.Engine:ROLLBACK
INFO:sqlalchemy.engine.Engine:ROLLBACK
INFO:werkzeug:127.0.0.1 - - [08/Mar/2024 20:49:54] "GET /api/v1/organizations/3/image HTTP/1.1" 200 -
INFO:sqlalchemy.engine.Engine:SELECT organizations.id AS organizations_id, organizations.name AS organizations_name, organizations.name_short AS organizations_name_short, organizations.location AS organizations_location, organizations.phone_number AS organizations_phone_number, organizations.email AS organizations_email, organizations.description AS organizations_description, organizations.image AS organizations_image, organizations.website AS organizations_website, organizations.facebook AS organizations_facebook, organizations.twitter AS organizations_twitter, organizations.instagram AS organizations_instagram, organizations.youtube AS organizations_youtube 
FROM organizations 
WHERE organizations.id = %(id_1)s 
 LIMIT %(param_1)s
INFO:werkzeug:127.0.0.1 - - [08/Mar/2024 20:49:54] "GET /api/v1/organizations/3/image HTTP/1.1" 200 -
INFO:sqlalchemy.engine.Engine:[cached since 1022s ago] {'id_1': 3, 'param_1': 1}
INFO:sqlalchemy.engine.Engine:ROLLBACK
INFO:werkzeug:127.0.0.1 - - [08/Mar/2024 20:49:54] "GET /api/v1/organizations/3/image HTTP/1.1" 200 -
INFO:sqlalchemy.engine.Engine:BEGIN (implicit)
INFO:sqlalchemy.engine.Engine:SELECT organizations.id AS organizations_id, organizations.name AS organizations_name, organizations.name_short AS organizations_name_short, organizations.location AS organizations_location, organizations.phone_number AS organizations_phone_number, organizations.email AS organizations_email, organizations.description AS organizations_description, organizations.image AS organizations_image, organizations.website AS organizations_website, organizations.facebook AS organizations_facebook, organizations.twitter AS organizations_twitter, organizations.instagram AS organizations_instagram, organizations.youtube AS organizations_youtube 
FROM organizations 
WHERE organizations.id = %(id_1)s 
 LIMIT %(param_1)s
INFO:sqlalchemy.engine.Engine:BEGIN (implicit)
INFO:sqlalchemy.engine.Engine:[cached since 1047s ago] {'id_1': 3, 'param_1': 1}
INFO:sqlalchemy.engine.Engine:SELECT organizations.id AS organizations_id, organizations.name AS organizations_name, organizations.name_short AS organizations_name_short, organizations.location AS organizations_location, organizations.phone_number AS organizations_phone_number, organizations.email AS organizations_email, organizations.description AS organizations_description, organizations.image AS organizations_image, organizations.website AS organizations_website, organizations.facebook AS organizations_facebook, organizations.twitter AS organizations_twitter, organizations.instagram AS organizations_instagram, organizations.youtube AS organizations_youtube 
FROM organizations 
WHERE organizations.id = %(id_1)s 
 LIMIT %(param_1)s
INFO:sqlalchemy.engine.Engine:ROLLBACK
INFO:sqlalchemy.engine.Engine:[cached since 1047s ago] {'id_1': 3, 'param_1': 1}
INFO:werkzeug:127.0.0.1 - - [08/Mar/2024 20:50:19] "GET /api/v1/organizations/3/image HTTP/1.1" 200 -
INFO:sqlalchemy.engine.Engine:ROLLBACK
INFO:werkzeug:127.0.0.1 - - [08/Mar/2024 20:50:19] "GET /api/v1/organizations/3/image HTTP/1.1" 200 -
INFO:werkzeug:127.0.0.1 - - [10/Mar/2024 11:47:38] "GET /api/v1/organizations HTTP/1.1" 200 -
INFO:sqlalchemy.engine.Engine:BEGIN (implicit)
INFO:sqlalchemy.engine.Engine:SELECT events.id AS events_id, events.title AS events_title, events.link AS events_link, events.sub_links AS events_sub_links, events.image AS events_image, events.date AS events_date, events.start_time AS events_start_time, events.end_time AS events_end_time, events.location AS events_location, events.short_description AS events_short_description, events.full_description AS events_full_description, events.other_info AS events_other_info, events.cost AS events_cost, events.category AS events_category, events.created_at AS events_created_at, events.is_video AS events_is_video, events.organization_id AS events_organization_id, events.organization_name AS events_organization_name 
FROM events 
WHERE events.created_at >= %(created_at_1)s AND events.created_at <= %(created_at_2)s
INFO:sqlalchemy.engine.Engine:[cached since 1.377e+05s ago] {'created_at_1': datetime.datetime(2024, 3, 10, 0, 0), 'created_at_2': datetime.datetime(2024, 3, 10, 23, 59, 59)}
INFO:werkzeug:127.0.0.1 - - [10/Mar/2024 11:47:38] "GET /api/v1/organizations HTTP/1.1" 200 -
INFO:sqlalchemy.engine.Engine:ROLLBACK
INFO:werkzeug:127.0.0.1 - - [10/Mar/2024 11:47:38] "GET /api/v1/events HTTP/1.1" 200 -
INFO:sqlalchemy.engine.Engine:BEGIN (implicit)
INFO:sqlalchemy.engine.Engine:SELECT events.id AS events_id, events.title AS events_title, events.link AS events_link, events.sub_links AS events_sub_links, events.image AS events_image, events.date AS events_date, events.start_time AS events_start_time, events.end_time AS events_end_time, events.location AS events_location, events.short_description AS events_short_description, events.full_description AS events_full_description, events.other_info AS events_other_info, events.cost AS events_cost, events.category AS events_category, events.created_at AS events_created_at, events.is_video AS events_is_video, events.organization_id AS events_organization_id, events.organization_name AS events_organization_name 
FROM events 
WHERE events.created_at >= %(created_at_1)s AND events.created_at <= %(created_at_2)s
INFO:sqlalchemy.engine.Engine:[cached since 1.377e+05s ago] {'created_at_1': datetime.datetime(2024, 3, 10, 0, 0), 'created_at_2': datetime.datetime(2024, 3, 10, 23, 59, 59)}
INFO:sqlalchemy.engine.Engine:ROLLBACK
INFO:werkzeug:127.0.0.1 - - [10/Mar/2024 11:47:38] "GET /api/v1/events HTTP/1.1" 200 -
INFO:sqlalchemy.engine.Engine:BEGIN (implicit)
INFO:sqlalchemy.engine.Engine:SELECT events.id AS events_id, events.title AS events_title, events.link AS events_link, events.sub_links AS events_sub_links, events.image AS events_image, events.date AS events_date, events.start_time AS events_start_time, events.end_time AS events_end_time, events.location AS events_location, events.short_description AS events_short_description, events.full_description AS events_full_description, events.other_info AS events_other_info, events.cost AS events_cost, events.category AS events_category, events.created_at AS events_created_at, events.is_video AS events_is_video, events.organization_id AS events_organization_id, events.organization_name AS events_organization_name 
FROM events 
WHERE events.organization_id = %(organization_id_1)s AND events.created_at >= %(created_at_1)s AND events.created_at <= %(created_at_2)s
INFO:sqlalchemy.engine.Engine:[cached since 1.377e+05s ago] {'organization_id_1': 10, 'created_at_1': datetime.datetime(2024, 3, 10, 0, 0), 'created_at_2': datetime.datetime(2024, 3, 10, 23, 59, 59)}
INFO:sqlalchemy.engine.Engine:ROLLBACK
INFO:werkzeug:127.0.0.1 - - [10/Mar/2024 11:47:41] "GET /api/v1/events/10 HTTP/1.1" 200 -
INFO:sqlalchemy.engine.Engine:BEGIN (implicit)
INFO:sqlalchemy.engine.Engine:SELECT events.id AS events_id, events.title AS events_title, events.link AS events_link, events.sub_links AS events_sub_links, events.image AS events_image, events.date AS events_date, events.start_time AS events_start_time, events.end_time AS events_end_time, events.location AS events_location, events.short_description AS events_short_description, events.full_description AS events_full_description, events.other_info AS events_other_info, events.cost AS events_cost, events.category AS events_category, events.created_at AS events_created_at, events.is_video AS events_is_video, events.organization_id AS events_organization_id, events.organization_name AS events_organization_name 
FROM events 
WHERE events.organization_id = %(organization_id_1)s AND events.created_at >= %(created_at_1)s AND events.created_at <= %(created_at_2)s
INFO:sqlalchemy.engine.Engine:[cached since 1.377e+05s ago] {'organization_id_1': 10, 'created_at_1': datetime.datetime(2024, 3, 10, 0, 0), 'created_at_2': datetime.datetime(2024, 3, 10, 23, 59, 59)}
INFO:sqlalchemy.engine.Engine:ROLLBACK
INFO:werkzeug:127.0.0.1 - - [10/Mar/2024 11:47:41] "GET /api/v1/events/10 HTTP/1.1" 200 -
INFO:sqlalchemy.engine.Engine:BEGIN (implicit)
INFO:sqlalchemy.engine.Engine:SELECT events.id AS events_id, events.title AS events_title, events.link AS events_link, events.sub_links AS events_sub_links, events.image AS events_image, events.date AS events_date, events.start_time AS events_start_time, events.end_time AS events_end_time, events.location AS events_location, events.short_description AS events_short_description, events.full_description AS events_full_description, events.other_info AS events_other_info, events.cost AS events_cost, events.category AS events_category, events.created_at AS events_created_at, events.is_video AS events_is_video, events.organization_id AS events_organization_id, events.organization_name AS events_organization_name 
FROM events 
WHERE events.organization_id = %(organization_id_1)s AND events.created_at >= %(created_at_1)s AND events.created_at <= %(created_at_2)s
INFO:sqlalchemy.engine.Engine:[cached since 1.377e+05s ago] {'organization_id_1': 4, 'created_at_1': datetime.datetime(2024, 3, 10, 0, 0), 'created_at_2': datetime.datetime(2024, 3, 10, 23, 59, 59)}
INFO:sqlalchemy.engine.Engine:ROLLBACK
INFO:werkzeug:127.0.0.1 - - [10/Mar/2024 11:47:42] "GET /api/v1/events/4 HTTP/1.1" 200 -
INFO:sqlalchemy.engine.Engine:BEGIN (implicit)
INFO:sqlalchemy.engine.Engine:SELECT events.id AS events_id, events.title AS events_title, events.link AS events_link, events.sub_links AS events_sub_links, events.image AS events_image, events.date AS events_date, events.start_time AS events_start_time, events.end_time AS events_end_time, events.location AS events_location, events.short_description AS events_short_description, events.full_description AS events_full_description, events.other_info AS events_other_info, events.cost AS events_cost, events.category AS events_category, events.created_at AS events_created_at, events.is_video AS events_is_video, events.organization_id AS events_organization_id, events.organization_name AS events_organization_name 
FROM events 
WHERE events.organization_id = %(organization_id_1)s AND events.created_at >= %(created_at_1)s AND events.created_at <= %(created_at_2)s
INFO:sqlalchemy.engine.Engine:[cached since 1.377e+05s ago] {'organization_id_1': 4, 'created_at_1': datetime.datetime(2024, 3, 10, 0, 0), 'created_at_2': datetime.datetime(2024, 3, 10, 23, 59, 59)}
INFO:sqlalchemy.engine.Engine:ROLLBACK
INFO:werkzeug:127.0.0.1 - - [10/Mar/2024 11:47:42] "GET /api/v1/events/4 HTTP/1.1" 200 -
INFO:sqlalchemy.engine.Engine:BEGIN (implicit)
INFO:sqlalchemy.engine.Engine:BEGIN (implicit)
INFO:sqlalchemy.engine.Engine:BEGIN (implicit)
INFO:sqlalchemy.engine.Engine:SELECT events.id AS events_id, events.title AS events_title, events.link AS events_link, events.sub_links AS events_sub_links, events.image AS events_image, events.date AS events_date, events.start_time AS events_start_time, events.end_time AS events_end_time, events.location AS events_location, events.short_description AS events_short_description, events.full_description AS events_full_description, events.other_info AS events_other_info, events.cost AS events_cost, events.category AS events_category, events.created_at AS events_created_at, events.is_video AS events_is_video, events.organization_id AS events_organization_id, events.organization_name AS events_organization_name 
FROM events 
WHERE events.organization_id = %(organization_id_1)s AND events.created_at >= %(created_at_1)s AND events.created_at <= %(created_at_2)s
INFO:sqlalchemy.engine.Engine:SELECT prayer_times.id AS prayer_times_id, prayer_times.prayer_name AS prayer_times_prayer_name, prayer_times.athan_time AS prayer_times_athan_time, prayer_times.iqama_time AS prayer_times_iqama_time, prayer_times.jumuah_time AS prayer_times_jumuah_time, prayer_times.jumuah_time2 AS prayer_times_jumuah_time2, prayer_times.created_at AS prayer_times_created_at, prayer_times.organization_id AS prayer_times_organization_id, prayer_times.organization_name AS prayer_times_organization_name 
FROM prayer_times 
WHERE prayer_times.organization_id = %(organization_id_1)s AND prayer_times.created_at >= %(created_at_1)s AND prayer_times.created_at <= %(created_at_2)s
INFO:sqlalchemy.engine.Engine:SELECT prayer_times.id AS prayer_times_id, prayer_times.prayer_name AS prayer_times_prayer_name, prayer_times.athan_time AS prayer_times_athan_time, prayer_times.iqama_time AS prayer_times_iqama_time, prayer_times.jumuah_time AS prayer_times_jumuah_time, prayer_times.jumuah_time2 AS prayer_times_jumuah_time2, prayer_times.created_at AS prayer_times_created_at, prayer_times.organization_id AS prayer_times_organization_id, prayer_times.organization_name AS prayer_times_organization_name 
FROM prayer_times 
WHERE prayer_times.organization_id = %(organization_id_1)s AND prayer_times.created_at >= %(created_at_1)s AND prayer_times.created_at <= %(created_at_2)s
INFO:sqlalchemy.engine.Engine:BEGIN (implicit)
INFO:sqlalchemy.engine.Engine:[cached since 1.377e+05s ago] {'organization_id_1': 10, 'created_at_1': datetime.datetime(2024, 3, 10, 0, 0), 'created_at_2': datetime.datetime(2024, 3, 10, 23, 59, 59)}
INFO:sqlalchemy.engine.Engine:[cached since 1.377e+05s ago] {'organization_id_1': 3, 'created_at_1': datetime.datetime(2024, 3, 10, 0, 0), 'created_at_2': datetime.datetime(2024, 3, 10, 23, 59, 59)}
INFO:sqlalchemy.engine.Engine:[cached since 1.377e+05s ago] {'organization_id_1': 3, 'created_at_1': datetime.datetime(2024, 3, 10, 0, 0), 'created_at_2': datetime.datetime(2024, 3, 10, 23, 59, 59)}
INFO:sqlalchemy.engine.Engine:SELECT events.id AS events_id, events.title AS events_title, events.link AS events_link, events.sub_links AS events_sub_links, events.image AS events_image, events.date AS events_date, events.start_time AS events_start_time, events.end_time AS events_end_time, events.location AS events_location, events.short_description AS events_short_description, events.full_description AS events_full_description, events.other_info AS events_other_info, events.cost AS events_cost, events.category AS events_category, events.created_at AS events_created_at, events.is_video AS events_is_video, events.organization_id AS events_organization_id, events.organization_name AS events_organization_name 
FROM events 
WHERE events.organization_id = %(organization_id_1)s AND events.created_at >= %(created_at_1)s AND events.created_at <= %(created_at_2)s
INFO:sqlalchemy.engine.Engine:[cached since 1.377e+05s ago] {'organization_id_1': 10, 'created_at_1': datetime.datetime(2024, 3, 10, 0, 0), 'created_at_2': datetime.datetime(2024, 3, 10, 23, 59, 59)}
INFO:sqlalchemy.engine.Engine:ROLLBACK
INFO:sqlalchemy.engine.Engine:ROLLBACK
INFO:werkzeug:127.0.0.1 - - [10/Mar/2024 11:47:42] "GET /api/v1/prayer_times/3 HTTP/1.1" 200 -
INFO:sqlalchemy.engine.Engine:ROLLBACK
INFO:werkzeug:127.0.0.1 - - [10/Mar/2024 11:47:42] "GET /api/v1/prayer_times/3 HTTP/1.1" 200 -
INFO:sqlalchemy.engine.Engine:ROLLBACK
INFO:werkzeug:127.0.0.1 - - [10/Mar/2024 11:47:42] "GET /api/v1/events/10 HTTP/1.1" 200 -
INFO:werkzeug:127.0.0.1 - - [10/Mar/2024 11:47:42] "GET /api/v1/events/10 HTTP/1.1" 200 -
INFO:sqlalchemy.engine.Engine:BEGIN (implicit)
INFO:sqlalchemy.engine.Engine:BEGIN (implicit)
INFO:sqlalchemy.engine.Engine:SELECT events.id AS events_id, events.title AS events_title, events.link AS events_link, events.sub_links AS events_sub_links, events.image AS events_image, events.date AS events_date, events.start_time AS events_start_time, events.end_time AS events_end_time, events.location AS events_location, events.short_description AS events_short_description, events.full_description AS events_full_description, events.other_info AS events_other_info, events.cost AS events_cost, events.category AS events_category, events.created_at AS events_created_at, events.is_video AS events_is_video, events.organization_id AS events_organization_id, events.organization_name AS events_organization_name 
FROM events 
WHERE events.organization_id = %(organization_id_1)s AND events.created_at >= %(created_at_1)s AND events.created_at <= %(created_at_2)s
INFO:sqlalchemy.engine.Engine:SELECT events.id AS events_id, events.title AS events_title, events.link AS events_link, events.sub_links AS events_sub_links, events.image AS events_image, events.date AS events_date, events.start_time AS events_start_time, events.end_time AS events_end_time, events.location AS events_location, events.short_description AS events_short_description, events.full_description AS events_full_description, events.other_info AS events_other_info, events.cost AS events_cost, events.category AS events_category, events.created_at AS events_created_at, events.is_video AS events_is_video, events.organization_id AS events_organization_id, events.organization_name AS events_organization_name 
FROM events 
WHERE events.organization_id = %(organization_id_1)s AND events.created_at >= %(created_at_1)s AND events.created_at <= %(created_at_2)s
INFO:sqlalchemy.engine.Engine:[cached since 1.377e+05s ago] {'organization_id_1': 4, 'created_at_1': datetime.datetime(2024, 3, 10, 0, 0), 'created_at_2': datetime.datetime(2024, 3, 10, 23, 59, 59)}
INFO:sqlalchemy.engine.Engine:[cached since 1.377e+05s ago] {'organization_id_1': 4, 'created_at_1': datetime.datetime(2024, 3, 10, 0, 0), 'created_at_2': datetime.datetime(2024, 3, 10, 23, 59, 59)}
INFO:sqlalchemy.engine.Engine:ROLLBACK
INFO:sqlalchemy.engine.Engine:ROLLBACK
INFO:werkzeug:127.0.0.1 - - [10/Mar/2024 11:47:42] "GET /api/v1/events/4 HTTP/1.1" 200 -
INFO:werkzeug:127.0.0.1 - - [10/Mar/2024 11:47:42] "GET /api/v1/events/4 HTTP/1.1" 200 -
INFO:sqlalchemy.engine.Engine:BEGIN (implicit)
INFO:sqlalchemy.engine.Engine:SELECT prayer_times.id AS prayer_times_id, prayer_times.prayer_name AS prayer_times_prayer_name, prayer_times.athan_time AS prayer_times_athan_time, prayer_times.iqama_time AS prayer_times_iqama_time, prayer_times.jumuah_time AS prayer_times_jumuah_time, prayer_times.jumuah_time2 AS prayer_times_jumuah_time2, prayer_times.created_at AS prayer_times_created_at, prayer_times.organization_id AS prayer_times_organization_id, prayer_times.organization_name AS prayer_times_organization_name 
FROM prayer_times 
WHERE prayer_times.created_at >= %(created_at_1)s AND prayer_times.created_at <= %(created_at_2)s
INFO:sqlalchemy.engine.Engine:BEGIN (implicit)
INFO:sqlalchemy.engine.Engine:[generated in 0.00161s] {'created_at_1': datetime.datetime(2024, 3, 10, 0, 0), 'created_at_2': datetime.datetime(2024, 3, 10, 23, 59, 59)}
INFO:sqlalchemy.engine.Engine:SELECT prayer_times.id AS prayer_times_id, prayer_times.prayer_name AS prayer_times_prayer_name, prayer_times.athan_time AS prayer_times_athan_time, prayer_times.iqama_time AS prayer_times_iqama_time, prayer_times.jumuah_time AS prayer_times_jumuah_time, prayer_times.jumuah_time2 AS prayer_times_jumuah_time2, prayer_times.created_at AS prayer_times_created_at, prayer_times.organization_id AS prayer_times_organization_id, prayer_times.organization_name AS prayer_times_organization_name 
FROM prayer_times 
WHERE prayer_times.created_at >= %(created_at_1)s AND prayer_times.created_at <= %(created_at_2)s
INFO:sqlalchemy.engine.Engine:[cached since 0.002774s ago] {'created_at_1': datetime.datetime(2024, 3, 10, 0, 0), 'created_at_2': datetime.datetime(2024, 3, 10, 23, 59, 59)}
INFO:sqlalchemy.engine.Engine:ROLLBACK
INFO:sqlalchemy.engine.Engine:ROLLBACK
INFO:werkzeug:127.0.0.1 - - [10/Mar/2024 11:47:44] "GET /api/v1/prayer_times HTTP/1.1" 200 -
INFO:werkzeug:127.0.0.1 - - [10/Mar/2024 11:47:44] "GET /api/v1/prayer_times HTTP/1.1" 200 -
INFO:werkzeug:127.0.0.1 - - [10/Mar/2024 11:47:44] "GET /api/v1/organizations HTTP/1.1" 200 -
INFO:werkzeug:127.0.0.1 - - [10/Mar/2024 11:47:44] "GET /api/v1/organizations HTTP/1.1" 200 -
INFO:sqlalchemy.engine.Engine:BEGIN (implicit)
INFO:sqlalchemy.engine.Engine:SELECT events.id AS events_id, events.title AS events_title, events.link AS events_link, events.sub_links AS events_sub_links, events.image AS events_image, events.date AS events_date, events.start_time AS events_start_time, events.end_time AS events_end_time, events.location AS events_location, events.short_description AS events_short_description, events.full_description AS events_full_description, events.other_info AS events_other_info, events.cost AS events_cost, events.category AS events_category, events.created_at AS events_created_at, events.is_video AS events_is_video, events.organization_id AS events_organization_id, events.organization_name AS events_organization_name 
FROM events 
WHERE events.organization_id = %(organization_id_1)s AND events.created_at >= %(created_at_1)s AND events.created_at <= %(created_at_2)s
INFO:sqlalchemy.engine.Engine:[cached since 1.652e+05s ago] {'organization_id_1': 10, 'created_at_1': datetime.datetime(2024, 3, 10, 0, 0), 'created_at_2': datetime.datetime(2024, 3, 10, 23, 59, 59)}
INFO:sqlalchemy.engine.Engine:BEGIN (implicit)
INFO:sqlalchemy.engine.Engine:SELECT events.id AS events_id, events.title AS events_title, events.link AS events_link, events.sub_links AS events_sub_links, events.image AS events_image, events.date AS events_date, events.start_time AS events_start_time, events.end_time AS events_end_time, events.location AS events_location, events.short_description AS events_short_description, events.full_description AS events_full_description, events.other_info AS events_other_info, events.cost AS events_cost, events.category AS events_category, events.created_at AS events_created_at, events.is_video AS events_is_video, events.organization_id AS events_organization_id, events.organization_name AS events_organization_name 
FROM events 
WHERE events.organization_id = %(organization_id_1)s AND events.created_at >= %(created_at_1)s AND events.created_at <= %(created_at_2)s
INFO:sqlalchemy.engine.Engine:[cached since 1.652e+05s ago] {'organization_id_1': 10, 'created_at_1': datetime.datetime(2024, 3, 10, 0, 0), 'created_at_2': datetime.datetime(2024, 3, 10, 23, 59, 59)}
INFO:sqlalchemy.engine.Engine:ROLLBACK
INFO:sqlalchemy.engine.Engine:ROLLBACK
INFO:werkzeug:127.0.0.1 - - [10/Mar/2024 19:26:05] "GET /api/v1/events/10 HTTP/1.1" 200 -
INFO:werkzeug:127.0.0.1 - - [10/Mar/2024 19:26:05] "GET /api/v1/events/10 HTTP/1.1" 200 -
INFO:sqlalchemy.engine.Engine:BEGIN (implicit)
INFO:sqlalchemy.engine.Engine:SELECT events.id AS events_id, events.title AS events_title, events.link AS events_link, events.sub_links AS events_sub_links, events.image AS events_image, events.date AS events_date, events.start_time AS events_start_time, events.end_time AS events_end_time, events.location AS events_location, events.short_description AS events_short_description, events.full_description AS events_full_description, events.other_info AS events_other_info, events.cost AS events_cost, events.category AS events_category, events.created_at AS events_created_at, events.is_video AS events_is_video, events.organization_id AS events_organization_id, events.organization_name AS events_organization_name 
FROM events 
WHERE events.organization_id = %(organization_id_1)s AND events.created_at >= %(created_at_1)s AND events.created_at <= %(created_at_2)s
INFO:sqlalchemy.engine.Engine:BEGIN (implicit)
INFO:sqlalchemy.engine.Engine:[cached since 1.652e+05s ago] {'organization_id_1': 4, 'created_at_1': datetime.datetime(2024, 3, 10, 0, 0), 'created_at_2': datetime.datetime(2024, 3, 10, 23, 59, 59)}
INFO:sqlalchemy.engine.Engine:SELECT events.id AS events_id, events.title AS events_title, events.link AS events_link, events.sub_links AS events_sub_links, events.image AS events_image, events.date AS events_date, events.start_time AS events_start_time, events.end_time AS events_end_time, events.location AS events_location, events.short_description AS events_short_description, events.full_description AS events_full_description, events.other_info AS events_other_info, events.cost AS events_cost, events.category AS events_category, events.created_at AS events_created_at, events.is_video AS events_is_video, events.organization_id AS events_organization_id, events.organization_name AS events_organization_name 
FROM events 
WHERE events.organization_id = %(organization_id_1)s AND events.created_at >= %(created_at_1)s AND events.created_at <= %(created_at_2)s
INFO:sqlalchemy.engine.Engine:[cached since 1.652e+05s ago] {'organization_id_1': 4, 'created_at_1': datetime.datetime(2024, 3, 10, 0, 0), 'created_at_2': datetime.datetime(2024, 3, 10, 23, 59, 59)}
INFO:sqlalchemy.engine.Engine:ROLLBACK
INFO:sqlalchemy.engine.Engine:ROLLBACK
INFO:werkzeug:127.0.0.1 - - [10/Mar/2024 19:26:05] "GET /api/v1/events/4 HTTP/1.1" 200 -
INFO:werkzeug:127.0.0.1 - - [10/Mar/2024 19:26:05] "GET /api/v1/events/4 HTTP/1.1" 200 -
INFO:sqlalchemy.engine.Engine:BEGIN (implicit)
INFO:sqlalchemy.engine.Engine:SELECT prayer_times.id AS prayer_times_id, prayer_times.prayer_name AS prayer_times_prayer_name, prayer_times.athan_time AS prayer_times_athan_time, prayer_times.iqama_time AS prayer_times_iqama_time, prayer_times.jumuah_time AS prayer_times_jumuah_time, prayer_times.jumuah_time2 AS prayer_times_jumuah_time2, prayer_times.created_at AS prayer_times_created_at, prayer_times.organization_id AS prayer_times_organization_id, prayer_times.organization_name AS prayer_times_organization_name 
FROM prayer_times 
WHERE prayer_times.organization_id = %(organization_id_1)s AND prayer_times.created_at >= %(created_at_1)s AND prayer_times.created_at <= %(created_at_2)s
INFO:sqlalchemy.engine.Engine:[cached since 1.652e+05s ago] {'organization_id_1': 3, 'created_at_1': datetime.datetime(2024, 3, 10, 0, 0), 'created_at_2': datetime.datetime(2024, 3, 10, 23, 59, 59)}
INFO:sqlalchemy.engine.Engine:ROLLBACK
INFO:werkzeug:127.0.0.1 - - [10/Mar/2024 19:26:05] "GET /api/v1/prayer_times/3 HTTP/1.1" 200 -
INFO:sqlalchemy.engine.Engine:BEGIN (implicit)
INFO:sqlalchemy.engine.Engine:BEGIN (implicit)
INFO:sqlalchemy.engine.Engine:BEGIN (implicit)
INFO:sqlalchemy.engine.Engine:SELECT events.id AS events_id, events.title AS events_title, events.link AS events_link, events.sub_links AS events_sub_links, events.image AS events_image, events.date AS events_date, events.start_time AS events_start_time, events.end_time AS events_end_time, events.location AS events_location, events.short_description AS events_short_description, events.full_description AS events_full_description, events.other_info AS events_other_info, events.cost AS events_cost, events.category AS events_category, events.created_at AS events_created_at, events.is_video AS events_is_video, events.organization_id AS events_organization_id, events.organization_name AS events_organization_name 
FROM events 
WHERE events.organization_id = %(organization_id_1)s AND events.created_at >= %(created_at_1)s AND events.created_at <= %(created_at_2)s
INFO:sqlalchemy.engine.Engine:SELECT events.id AS events_id, events.title AS events_title, events.link AS events_link, events.sub_links AS events_sub_links, events.image AS events_image, events.date AS events_date, events.start_time AS events_start_time, events.end_time AS events_end_time, events.location AS events_location, events.short_description AS events_short_description, events.full_description AS events_full_description, events.other_info AS events_other_info, events.cost AS events_cost, events.category AS events_category, events.created_at AS events_created_at, events.is_video AS events_is_video, events.organization_id AS events_organization_id, events.organization_name AS events_organization_name 
FROM events 
WHERE events.organization_id = %(organization_id_1)s AND events.created_at >= %(created_at_1)s AND events.created_at <= %(created_at_2)s
INFO:sqlalchemy.engine.Engine:SELECT prayer_times.id AS prayer_times_id, prayer_times.prayer_name AS prayer_times_prayer_name, prayer_times.athan_time AS prayer_times_athan_time, prayer_times.iqama_time AS prayer_times_iqama_time, prayer_times.jumuah_time AS prayer_times_jumuah_time, prayer_times.jumuah_time2 AS prayer_times_jumuah_time2, prayer_times.created_at AS prayer_times_created_at, prayer_times.organization_id AS prayer_times_organization_id, prayer_times.organization_name AS prayer_times_organization_name 
FROM prayer_times 
WHERE prayer_times.organization_id = %(organization_id_1)s AND prayer_times.created_at >= %(created_at_1)s AND prayer_times.created_at <= %(created_at_2)s
INFO:sqlalchemy.engine.Engine:[cached since 1.652e+05s ago] {'organization_id_1': 10, 'created_at_1': datetime.datetime(2024, 3, 10, 0, 0), 'created_at_2': datetime.datetime(2024, 3, 10, 23, 59, 59)}
INFO:sqlalchemy.engine.Engine:[cached since 1.652e+05s ago] {'organization_id_1': 10, 'created_at_1': datetime.datetime(2024, 3, 10, 0, 0), 'created_at_2': datetime.datetime(2024, 3, 10, 23, 59, 59)}
INFO:sqlalchemy.engine.Engine:[cached since 1.652e+05s ago] {'organization_id_1': 3, 'created_at_1': datetime.datetime(2024, 3, 10, 0, 0), 'created_at_2': datetime.datetime(2024, 3, 10, 23, 59, 59)}
INFO:sqlalchemy.engine.Engine:ROLLBACK
INFO:sqlalchemy.engine.Engine:ROLLBACK
INFO:sqlalchemy.engine.Engine:ROLLBACK
INFO:werkzeug:127.0.0.1 - - [10/Mar/2024 19:26:05] "GET /api/v1/events/10 HTTP/1.1" 200 -
INFO:werkzeug:127.0.0.1 - - [10/Mar/2024 19:26:05] "GET /api/v1/prayer_times/3 HTTP/1.1" 200 -
INFO:werkzeug:127.0.0.1 - - [10/Mar/2024 19:26:05] "GET /api/v1/events/10 HTTP/1.1" 200 -
INFO:sqlalchemy.engine.Engine:BEGIN (implicit)
INFO:sqlalchemy.engine.Engine:SELECT events.id AS events_id, events.title AS events_title, events.link AS events_link, events.sub_links AS events_sub_links, events.image AS events_image, events.date AS events_date, events.start_time AS events_start_time, events.end_time AS events_end_time, events.location AS events_location, events.short_description AS events_short_description, events.full_description AS events_full_description, events.other_info AS events_other_info, events.cost AS events_cost, events.category AS events_category, events.created_at AS events_created_at, events.is_video AS events_is_video, events.organization_id AS events_organization_id, events.organization_name AS events_organization_name 
FROM events 
WHERE events.organization_id = %(organization_id_1)s AND events.created_at >= %(created_at_1)s AND events.created_at <= %(created_at_2)s
INFO:sqlalchemy.engine.Engine:[cached since 1.652e+05s ago] {'organization_id_1': 4, 'created_at_1': datetime.datetime(2024, 3, 10, 0, 0), 'created_at_2': datetime.datetime(2024, 3, 10, 23, 59, 59)}
INFO:sqlalchemy.engine.Engine:BEGIN (implicit)
INFO:sqlalchemy.engine.Engine:SELECT events.id AS events_id, events.title AS events_title, events.link AS events_link, events.sub_links AS events_sub_links, events.image AS events_image, events.date AS events_date, events.start_time AS events_start_time, events.end_time AS events_end_time, events.location AS events_location, events.short_description AS events_short_description, events.full_description AS events_full_description, events.other_info AS events_other_info, events.cost AS events_cost, events.category AS events_category, events.created_at AS events_created_at, events.is_video AS events_is_video, events.organization_id AS events_organization_id, events.organization_name AS events_organization_name 
FROM events 
WHERE events.organization_id = %(organization_id_1)s AND events.created_at >= %(created_at_1)s AND events.created_at <= %(created_at_2)s
INFO:sqlalchemy.engine.Engine:[cached since 1.652e+05s ago] {'organization_id_1': 4, 'created_at_1': datetime.datetime(2024, 3, 10, 0, 0), 'created_at_2': datetime.datetime(2024, 3, 10, 23, 59, 59)}
INFO:sqlalchemy.engine.Engine:ROLLBACK
INFO:werkzeug:127.0.0.1 - - [10/Mar/2024 19:26:05] "GET /api/v1/events/4 HTTP/1.1" 200 -
INFO:sqlalchemy.engine.Engine:ROLLBACK
INFO:werkzeug:127.0.0.1 - - [10/Mar/2024 19:26:05] "GET /api/v1/events/4 HTTP/1.1" 200 -
INFO:werkzeug:127.0.0.1 - - [10/Mar/2024 19:26:12] "GET /api/v1/organizations HTTP/1.1" 200 -
INFO:sqlalchemy.engine.Engine:BEGIN (implicit)
INFO:sqlalchemy.engine.Engine:SELECT events.id AS events_id, events.title AS events_title, events.link AS events_link, events.sub_links AS events_sub_links, events.image AS events_image, events.date AS events_date, events.start_time AS events_start_time, events.end_time AS events_end_time, events.location AS events_location, events.short_description AS events_short_description, events.full_description AS events_full_description, events.other_info AS events_other_info, events.cost AS events_cost, events.category AS events_category, events.created_at AS events_created_at, events.is_video AS events_is_video, events.organization_id AS events_organization_id, events.organization_name AS events_organization_name 
FROM events 
WHERE events.created_at >= %(created_at_1)s AND events.created_at <= %(created_at_2)s
INFO:sqlalchemy.engine.Engine:[cached since 1.652e+05s ago] {'created_at_1': datetime.datetime(2024, 3, 10, 0, 0), 'created_at_2': datetime.datetime(2024, 3, 10, 23, 59, 59)}
INFO:werkzeug:127.0.0.1 - - [10/Mar/2024 19:26:12] "GET /api/v1/organizations HTTP/1.1" 200 -
INFO:sqlalchemy.engine.Engine:ROLLBACK
INFO:werkzeug:127.0.0.1 - - [10/Mar/2024 19:26:12] "GET /api/v1/events HTTP/1.1" 200 -
INFO:sqlalchemy.engine.Engine:BEGIN (implicit)
INFO:sqlalchemy.engine.Engine:SELECT events.id AS events_id, events.title AS events_title, events.link AS events_link, events.sub_links AS events_sub_links, events.image AS events_image, events.date AS events_date, events.start_time AS events_start_time, events.end_time AS events_end_time, events.location AS events_location, events.short_description AS events_short_description, events.full_description AS events_full_description, events.other_info AS events_other_info, events.cost AS events_cost, events.category AS events_category, events.created_at AS events_created_at, events.is_video AS events_is_video, events.organization_id AS events_organization_id, events.organization_name AS events_organization_name 
FROM events 
WHERE events.created_at >= %(created_at_1)s AND events.created_at <= %(created_at_2)s
INFO:sqlalchemy.engine.Engine:[cached since 1.652e+05s ago] {'created_at_1': datetime.datetime(2024, 3, 10, 0, 0), 'created_at_2': datetime.datetime(2024, 3, 10, 23, 59, 59)}
INFO:sqlalchemy.engine.Engine:ROLLBACK
INFO:werkzeug:127.0.0.1 - - [10/Mar/2024 19:26:12] "GET /api/v1/events HTTP/1.1" 200 -
INFO:sqlalchemy.engine.Engine:BEGIN (implicit)
INFO:sqlalchemy.engine.Engine:SELECT organizations.id AS organizations_id, organizations.name AS organizations_name, organizations.name_short AS organizations_name_short, organizations.location AS organizations_location, organizations.phone_number AS organizations_phone_number, organizations.email AS organizations_email, organizations.description AS organizations_description, organizations.image AS organizations_image, organizations.website AS organizations_website, organizations.facebook AS organizations_facebook, organizations.twitter AS organizations_twitter, organizations.instagram AS organizations_instagram, organizations.youtube AS organizations_youtube 
FROM organizations 
WHERE organizations.id = %(id_1)s 
 LIMIT %(param_1)s
INFO:sqlalchemy.engine.Engine:[cached since 1.652e+05s ago] {'id_1': 3, 'param_1': 1}
INFO:sqlalchemy.engine.Engine:BEGIN (implicit)
INFO:sqlalchemy.engine.Engine:ROLLBACK
INFO:sqlalchemy.engine.Engine:SELECT organizations.id AS organizations_id, organizations.name AS organizations_name, organizations.name_short AS organizations_name_short, organizations.location AS organizations_location, organizations.phone_number AS organizations_phone_number, organizations.email AS organizations_email, organizations.description AS organizations_description, organizations.image AS organizations_image, organizations.website AS organizations_website, organizations.facebook AS organizations_facebook, organizations.twitter AS organizations_twitter, organizations.instagram AS organizations_instagram, organizations.youtube AS organizations_youtube 
FROM organizations 
WHERE organizations.id = %(id_1)s 
 LIMIT %(param_1)s
INFO:werkzeug:127.0.0.1 - - [10/Mar/2024 19:26:12] "GET /api/v1/organizations/3/image HTTP/1.1" 200 -
INFO:sqlalchemy.engine.Engine:[cached since 1.652e+05s ago] {'id_1': 3, 'param_1': 1}
INFO:sqlalchemy.engine.Engine:ROLLBACK
INFO:werkzeug:127.0.0.1 - - [10/Mar/2024 19:26:12] "GET /api/v1/organizations/3/image HTTP/1.1" 200 -
INFO:sqlalchemy.engine.Engine:BEGIN (implicit)
INFO:sqlalchemy.engine.Engine:SELECT organizations.id AS organizations_id, organizations.name AS organizations_name, organizations.name_short AS organizations_name_short, organizations.location AS organizations_location, organizations.phone_number AS organizations_phone_number, organizations.email AS organizations_email, organizations.description AS organizations_description, organizations.image AS organizations_image, organizations.website AS organizations_website, organizations.facebook AS organizations_facebook, organizations.twitter AS organizations_twitter, organizations.instagram AS organizations_instagram, organizations.youtube AS organizations_youtube 
FROM organizations 
WHERE organizations.id = %(id_1)s 
 LIMIT %(param_1)s
INFO:sqlalchemy.engine.Engine:[cached since 1.652e+05s ago] {'id_1': 3, 'param_1': 1}
INFO:sqlalchemy.engine.Engine:ROLLBACK
INFO:werkzeug:127.0.0.1 - - [10/Mar/2024 19:26:12] "GET /api/v1/organizations/3/image HTTP/1.1" 200 -
INFO:sqlalchemy.engine.Engine:BEGIN (implicit)
INFO:sqlalchemy.engine.Engine:SELECT organizations.id AS organizations_id, organizations.name AS organizations_name, organizations.name_short AS organizations_name_short, organizations.location AS organizations_location, organizations.phone_number AS organizations_phone_number, organizations.email AS organizations_email, organizations.description AS organizations_description, organizations.image AS organizations_image, organizations.website AS organizations_website, organizations.facebook AS organizations_facebook, organizations.twitter AS organizations_twitter, organizations.instagram AS organizations_instagram, organizations.youtube AS organizations_youtube 
FROM organizations 
WHERE organizations.id = %(id_1)s 
 LIMIT %(param_1)s
INFO:sqlalchemy.engine.Engine:[cached since 1.652e+05s ago] {'id_1': 3, 'param_1': 1}
INFO:sqlalchemy.engine.Engine:ROLLBACK
INFO:werkzeug:127.0.0.1 - - [10/Mar/2024 19:26:12] "GET /api/v1/organizations/3/image HTTP/1.1" 200 -
INFO:sqlalchemy.engine.Engine:BEGIN (implicit)
INFO:sqlalchemy.engine.Engine:SELECT organizations.id AS organizations_id, organizations.name AS organizations_name, organizations.name_short AS organizations_name_short, organizations.location AS organizations_location, organizations.phone_number AS organizations_phone_number, organizations.email AS organizations_email, organizations.description AS organizations_description, organizations.image AS organizations_image, organizations.website AS organizations_website, organizations.facebook AS organizations_facebook, organizations.twitter AS organizations_twitter, organizations.instagram AS organizations_instagram, organizations.youtube AS organizations_youtube 
FROM organizations 
WHERE organizations.id = %(id_1)s 
 LIMIT %(param_1)s
INFO:sqlalchemy.engine.Engine:BEGIN (implicit)
INFO:sqlalchemy.engine.Engine:[cached since 1.652e+05s ago] {'id_1': 3, 'param_1': 1}
INFO:sqlalchemy.engine.Engine:SELECT organizations.id AS organizations_id, organizations.name AS organizations_name, organizations.name_short AS organizations_name_short, organizations.location AS organizations_location, organizations.phone_number AS organizations_phone_number, organizations.email AS organizations_email, organizations.description AS organizations_description, organizations.image AS organizations_image, organizations.website AS organizations_website, organizations.facebook AS organizations_facebook, organizations.twitter AS organizations_twitter, organizations.instagram AS organizations_instagram, organizations.youtube AS organizations_youtube 
FROM organizations 
WHERE organizations.id = %(id_1)s 
 LIMIT %(param_1)s
INFO:sqlalchemy.engine.Engine:[cached since 1.652e+05s ago] {'id_1': 3, 'param_1': 1}
INFO:sqlalchemy.engine.Engine:ROLLBACK
INFO:werkzeug:127.0.0.1 - - [10/Mar/2024 19:26:12] "GET /api/v1/organizations/3/image HTTP/1.1" 200 -
INFO:sqlalchemy.engine.Engine:ROLLBACK
INFO:werkzeug:127.0.0.1 - - [10/Mar/2024 19:26:12] "GET /api/v1/organizations/3/image HTTP/1.1" 200 -
INFO:werkzeug:127.0.0.1 - - [10/Mar/2024 19:26:19] "GET /api/v1/organizations HTTP/1.1" 200 -
INFO:werkzeug:127.0.0.1 - - [10/Mar/2024 19:26:19] "GET /api/v1/organizations HTTP/1.1" 200 -
INFO:sqlalchemy.engine.Engine:BEGIN (implicit)
INFO:sqlalchemy.engine.Engine:SELECT events.id AS events_id, events.title AS events_title, events.link AS events_link, events.sub_links AS events_sub_links, events.image AS events_image, events.date AS events_date, events.start_time AS events_start_time, events.end_time AS events_end_time, events.location AS events_location, events.short_description AS events_short_description, events.full_description AS events_full_description, events.other_info AS events_other_info, events.cost AS events_cost, events.category AS events_category, events.created_at AS events_created_at, events.is_video AS events_is_video, events.organization_id AS events_organization_id, events.organization_name AS events_organization_name 
FROM events 
WHERE events.created_at >= %(created_at_1)s AND events.created_at <= %(created_at_2)s
INFO:sqlalchemy.engine.Engine:BEGIN (implicit)
INFO:sqlalchemy.engine.Engine:[cached since 1.652e+05s ago] {'created_at_1': datetime.datetime(2024, 3, 10, 0, 0), 'created_at_2': datetime.datetime(2024, 3, 10, 23, 59, 59)}
INFO:sqlalchemy.engine.Engine:SELECT events.id AS events_id, events.title AS events_title, events.link AS events_link, events.sub_links AS events_sub_links, events.image AS events_image, events.date AS events_date, events.start_time AS events_start_time, events.end_time AS events_end_time, events.location AS events_location, events.short_description AS events_short_description, events.full_description AS events_full_description, events.other_info AS events_other_info, events.cost AS events_cost, events.category AS events_category, events.created_at AS events_created_at, events.is_video AS events_is_video, events.organization_id AS events_organization_id, events.organization_name AS events_organization_name 
FROM events 
WHERE events.created_at >= %(created_at_1)s AND events.created_at <= %(created_at_2)s
INFO:sqlalchemy.engine.Engine:[cached since 1.652e+05s ago] {'created_at_1': datetime.datetime(2024, 3, 10, 0, 0), 'created_at_2': datetime.datetime(2024, 3, 10, 23, 59, 59)}
INFO:sqlalchemy.engine.Engine:ROLLBACK
INFO:sqlalchemy.engine.Engine:ROLLBACK
INFO:werkzeug:127.0.0.1 - - [10/Mar/2024 19:26:19] "GET /api/v1/events HTTP/1.1" 200 -
INFO:werkzeug:127.0.0.1 - - [10/Mar/2024 19:26:19] "GET /api/v1/events HTTP/1.1" 200 -
INFO:sqlalchemy.engine.Engine:BEGIN (implicit)
INFO:sqlalchemy.engine.Engine:SELECT organizations.id AS organizations_id, organizations.name AS organizations_name, organizations.name_short AS organizations_name_short, organizations.location AS organizations_location, organizations.phone_number AS organizations_phone_number, organizations.email AS organizations_email, organizations.description AS organizations_description, organizations.image AS organizations_image, organizations.website AS organizations_website, organizations.facebook AS organizations_facebook, organizations.twitter AS organizations_twitter, organizations.instagram AS organizations_instagram, organizations.youtube AS organizations_youtube 
FROM organizations 
WHERE organizations.id = %(id_1)s 
 LIMIT %(param_1)s
INFO:sqlalchemy.engine.Engine:[cached since 1.652e+05s ago] {'id_1': 3, 'param_1': 1}
INFO:sqlalchemy.engine.Engine:ROLLBACK
INFO:werkzeug:127.0.0.1 - - [10/Mar/2024 19:26:20] "GET /api/v1/organizations/3/image HTTP/1.1" 200 -
INFO:sqlalchemy.engine.Engine:BEGIN (implicit)
INFO:sqlalchemy.engine.Engine:SELECT organizations.id AS organizations_id, organizations.name AS organizations_name, organizations.name_short AS organizations_name_short, organizations.location AS organizations_location, organizations.phone_number AS organizations_phone_number, organizations.email AS organizations_email, organizations.description AS organizations_description, organizations.image AS organizations_image, organizations.website AS organizations_website, organizations.facebook AS organizations_facebook, organizations.twitter AS organizations_twitter, organizations.instagram AS organizations_instagram, organizations.youtube AS organizations_youtube 
FROM organizations 
WHERE organizations.id = %(id_1)s 
 LIMIT %(param_1)s
INFO:sqlalchemy.engine.Engine:[cached since 1.652e+05s ago] {'id_1': 3, 'param_1': 1}
INFO:sqlalchemy.engine.Engine:ROLLBACK
INFO:werkzeug:127.0.0.1 - - [10/Mar/2024 19:26:20] "GET /api/v1/organizations/3/image HTTP/1.1" 200 -
INFO:sqlalchemy.engine.Engine:BEGIN (implicit)
INFO:sqlalchemy.engine.Engine:SELECT organizations.id AS organizations_id, organizations.name AS organizations_name, organizations.name_short AS organizations_name_short, organizations.location AS organizations_location, organizations.phone_number AS organizations_phone_number, organizations.email AS organizations_email, organizations.description AS organizations_description, organizations.image AS organizations_image, organizations.website AS organizations_website, organizations.facebook AS organizations_facebook, organizations.twitter AS organizations_twitter, organizations.instagram AS organizations_instagram, organizations.youtube AS organizations_youtube 
FROM organizations 
WHERE organizations.id = %(id_1)s 
 LIMIT %(param_1)s
INFO:sqlalchemy.engine.Engine:[cached since 1.652e+05s ago] {'id_1': 3, 'param_1': 1}
INFO:sqlalchemy.engine.Engine:BEGIN (implicit)
INFO:sqlalchemy.engine.Engine:SELECT organizations.id AS organizations_id, organizations.name AS organizations_name, organizations.name_short AS organizations_name_short, organizations.location AS organizations_location, organizations.phone_number AS organizations_phone_number, organizations.email AS organizations_email, organizations.description AS organizations_description, organizations.image AS organizations_image, organizations.website AS organizations_website, organizations.facebook AS organizations_facebook, organizations.twitter AS organizations_twitter, organizations.instagram AS organizations_instagram, organizations.youtube AS organizations_youtube 
FROM organizations 
WHERE organizations.id = %(id_1)s 
 LIMIT %(param_1)s
INFO:sqlalchemy.engine.Engine:BEGIN (implicit)
INFO:sqlalchemy.engine.Engine:ROLLBACK
INFO:sqlalchemy.engine.Engine:[cached since 1.652e+05s ago] {'id_1': 3, 'param_1': 1}
INFO:sqlalchemy.engine.Engine:BEGIN (implicit)
INFO:werkzeug:127.0.0.1 - - [10/Mar/2024 19:26:20] "GET /api/v1/organizations/3/image HTTP/1.1" 200 -
INFO:sqlalchemy.engine.Engine:SELECT organizations.id AS organizations_id, organizations.name AS organizations_name, organizations.name_short AS organizations_name_short, organizations.location AS organizations_location, organizations.phone_number AS organizations_phone_number, organizations.email AS organizations_email, organizations.description AS organizations_description, organizations.image AS organizations_image, organizations.website AS organizations_website, organizations.facebook AS organizations_facebook, organizations.twitter AS organizations_twitter, organizations.instagram AS organizations_instagram, organizations.youtube AS organizations_youtube 
FROM organizations 
WHERE organizations.id = %(id_1)s 
 LIMIT %(param_1)s
INFO:sqlalchemy.engine.Engine:SELECT organizations.id AS organizations_id, organizations.name AS organizations_name, organizations.name_short AS organizations_name_short, organizations.location AS organizations_location, organizations.phone_number AS organizations_phone_number, organizations.email AS organizations_email, organizations.description AS organizations_description, organizations.image AS organizations_image, organizations.website AS organizations_website, organizations.facebook AS organizations_facebook, organizations.twitter AS organizations_twitter, organizations.instagram AS organizations_instagram, organizations.youtube AS organizations_youtube 
FROM organizations 
WHERE organizations.id = %(id_1)s 
 LIMIT %(param_1)s
INFO:sqlalchemy.engine.Engine:[cached since 1.652e+05s ago] {'id_1': 3, 'param_1': 1}
INFO:sqlalchemy.engine.Engine:[cached since 1.652e+05s ago] {'id_1': 3, 'param_1': 1}
INFO:sqlalchemy.engine.Engine:ROLLBACK
INFO:werkzeug:127.0.0.1 - - [10/Mar/2024 19:26:20] "GET /api/v1/organizations/3/image HTTP/1.1" 200 -
INFO:sqlalchemy.engine.Engine:ROLLBACK
INFO:werkzeug:127.0.0.1 - - [10/Mar/2024 19:26:20] "GET /api/v1/organizations/3/image HTTP/1.1" 200 -
INFO:sqlalchemy.engine.Engine:ROLLBACK
INFO:werkzeug:127.0.0.1 - - [10/Mar/2024 19:26:20] "GET /api/v1/organizations/3/image HTTP/1.1" 200 -
INFO:sqlalchemy.engine.Engine:BEGIN (implicit)
INFO:sqlalchemy.engine.Engine:SELECT events.id AS events_id, events.title AS events_title, events.link AS events_link, events.sub_links AS events_sub_links, events.image AS events_image, events.date AS events_date, events.start_time AS events_start_time, events.end_time AS events_end_time, events.location AS events_location, events.short_description AS events_short_description, events.full_description AS events_full_description, events.other_info AS events_other_info, events.cost AS events_cost, events.category AS events_category, events.created_at AS events_created_at, events.is_video AS events_is_video, events.organization_id AS events_organization_id, events.organization_name AS events_organization_name 
FROM events 
WHERE events.organization_id = %(organization_id_1)s AND events.created_at >= %(created_at_1)s AND events.created_at <= %(created_at_2)s
INFO:sqlalchemy.engine.Engine:[cached since 1.652e+05s ago] {'organization_id_1': 10, 'created_at_1': datetime.datetime(2024, 3, 10, 0, 0), 'created_at_2': datetime.datetime(2024, 3, 10, 23, 59, 59)}
INFO:sqlalchemy.engine.Engine:BEGIN (implicit)
INFO:sqlalchemy.engine.Engine:SELECT events.id AS events_id, events.title AS events_title, events.link AS events_link, events.sub_links AS events_sub_links, events.image AS events_image, events.date AS events_date, events.start_time AS events_start_time, events.end_time AS events_end_time, events.location AS events_location, events.short_description AS events_short_description, events.full_description AS events_full_description, events.other_info AS events_other_info, events.cost AS events_cost, events.category AS events_category, events.created_at AS events_created_at, events.is_video AS events_is_video, events.organization_id AS events_organization_id, events.organization_name AS events_organization_name 
FROM events 
WHERE events.organization_id = %(organization_id_1)s AND events.created_at >= %(created_at_1)s AND events.created_at <= %(created_at_2)s
INFO:sqlalchemy.engine.Engine:[cached since 1.652e+05s ago] {'organization_id_1': 10, 'created_at_1': datetime.datetime(2024, 3, 10, 0, 0), 'created_at_2': datetime.datetime(2024, 3, 10, 23, 59, 59)}
INFO:sqlalchemy.engine.Engine:ROLLBACK
INFO:sqlalchemy.engine.Engine:ROLLBACK
INFO:werkzeug:127.0.0.1 - - [10/Mar/2024 19:26:40] "GET /api/v1/events/10 HTTP/1.1" 200 -
INFO:werkzeug:127.0.0.1 - - [10/Mar/2024 19:26:40] "GET /api/v1/events/10 HTTP/1.1" 200 -
INFO:sqlalchemy.engine.Engine:BEGIN (implicit)
INFO:sqlalchemy.engine.Engine:SELECT events.id AS events_id, events.title AS events_title, events.link AS events_link, events.sub_links AS events_sub_links, events.image AS events_image, events.date AS events_date, events.start_time AS events_start_time, events.end_time AS events_end_time, events.location AS events_location, events.short_description AS events_short_description, events.full_description AS events_full_description, events.other_info AS events_other_info, events.cost AS events_cost, events.category AS events_category, events.created_at AS events_created_at, events.is_video AS events_is_video, events.organization_id AS events_organization_id, events.organization_name AS events_organization_name 
FROM events 
WHERE events.organization_id = %(organization_id_1)s AND events.created_at >= %(created_at_1)s AND events.created_at <= %(created_at_2)s
INFO:sqlalchemy.engine.Engine:[cached since 1.652e+05s ago] {'organization_id_1': 4, 'created_at_1': datetime.datetime(2024, 3, 10, 0, 0), 'created_at_2': datetime.datetime(2024, 3, 10, 23, 59, 59)}
INFO:sqlalchemy.engine.Engine:BEGIN (implicit)
INFO:sqlalchemy.engine.Engine:SELECT events.id AS events_id, events.title AS events_title, events.link AS events_link, events.sub_links AS events_sub_links, events.image AS events_image, events.date AS events_date, events.start_time AS events_start_time, events.end_time AS events_end_time, events.location AS events_location, events.short_description AS events_short_description, events.full_description AS events_full_description, events.other_info AS events_other_info, events.cost AS events_cost, events.category AS events_category, events.created_at AS events_created_at, events.is_video AS events_is_video, events.organization_id AS events_organization_id, events.organization_name AS events_organization_name 
FROM events 
WHERE events.organization_id = %(organization_id_1)s AND events.created_at >= %(created_at_1)s AND events.created_at <= %(created_at_2)s
INFO:sqlalchemy.engine.Engine:[cached since 1.652e+05s ago] {'organization_id_1': 4, 'created_at_1': datetime.datetime(2024, 3, 10, 0, 0), 'created_at_2': datetime.datetime(2024, 3, 10, 23, 59, 59)}
INFO:sqlalchemy.engine.Engine:ROLLBACK
INFO:werkzeug:127.0.0.1 - - [10/Mar/2024 19:26:40] "GET /api/v1/events/4 HTTP/1.1" 200 -
INFO:sqlalchemy.engine.Engine:ROLLBACK
INFO:werkzeug:127.0.0.1 - - [10/Mar/2024 19:26:40] "GET /api/v1/events/4 HTTP/1.1" 200 -
INFO:sqlalchemy.engine.Engine:BEGIN (implicit)
INFO:sqlalchemy.engine.Engine:SELECT events.id AS events_id, events.title AS events_title, events.link AS events_link, events.sub_links AS events_sub_links, events.image AS events_image, events.date AS events_date, events.start_time AS events_start_time, events.end_time AS events_end_time, events.location AS events_location, events.short_description AS events_short_description, events.full_description AS events_full_description, events.other_info AS events_other_info, events.cost AS events_cost, events.category AS events_category, events.created_at AS events_created_at, events.is_video AS events_is_video, events.organization_id AS events_organization_id, events.organization_name AS events_organization_name 
FROM events 
WHERE events.organization_id = %(organization_id_1)s AND events.created_at >= %(created_at_1)s AND events.created_at <= %(created_at_2)s
INFO:sqlalchemy.engine.Engine:[cached since 1.652e+05s ago] {'organization_id_1': 10, 'created_at_1': datetime.datetime(2024, 3, 10, 0, 0), 'created_at_2': datetime.datetime(2024, 3, 10, 23, 59, 59)}
INFO:sqlalchemy.engine.Engine:BEGIN (implicit)
INFO:sqlalchemy.engine.Engine:SELECT events.id AS events_id, events.title AS events_title, events.link AS events_link, events.sub_links AS events_sub_links, events.image AS events_image, events.date AS events_date, events.start_time AS events_start_time, events.end_time AS events_end_time, events.location AS events_location, events.short_description AS events_short_description, events.full_description AS events_full_description, events.other_info AS events_other_info, events.cost AS events_cost, events.category AS events_category, events.created_at AS events_created_at, events.is_video AS events_is_video, events.organization_id AS events_organization_id, events.organization_name AS events_organization_name 
FROM events 
WHERE events.organization_id = %(organization_id_1)s AND events.created_at >= %(created_at_1)s AND events.created_at <= %(created_at_2)s
INFO:sqlalchemy.engine.Engine:[cached since 1.652e+05s ago] {'organization_id_1': 10, 'created_at_1': datetime.datetime(2024, 3, 10, 0, 0), 'created_at_2': datetime.datetime(2024, 3, 10, 23, 59, 59)}
INFO:sqlalchemy.engine.Engine:BEGIN (implicit)
INFO:sqlalchemy.engine.Engine:SELECT prayer_times.id AS prayer_times_id, prayer_times.prayer_name AS prayer_times_prayer_name, prayer_times.athan_time AS prayer_times_athan_time, prayer_times.iqama_time AS prayer_times_iqama_time, prayer_times.jumuah_time AS prayer_times_jumuah_time, prayer_times.jumuah_time2 AS prayer_times_jumuah_time2, prayer_times.created_at AS prayer_times_created_at, prayer_times.organization_id AS prayer_times_organization_id, prayer_times.organization_name AS prayer_times_organization_name 
FROM prayer_times 
WHERE prayer_times.organization_id = %(organization_id_1)s AND prayer_times.created_at >= %(created_at_1)s AND prayer_times.created_at <= %(created_at_2)s
INFO:sqlalchemy.engine.Engine:ROLLBACK
INFO:sqlalchemy.engine.Engine:[cached since 1.652e+05s ago] {'organization_id_1': 3, 'created_at_1': datetime.datetime(2024, 3, 10, 0, 0), 'created_at_2': datetime.datetime(2024, 3, 10, 23, 59, 59)}
INFO:werkzeug:127.0.0.1 - - [10/Mar/2024 19:26:40] "GET /api/v1/events/10 HTTP/1.1" 200 -
INFO:sqlalchemy.engine.Engine:ROLLBACK
INFO:sqlalchemy.engine.Engine:BEGIN (implicit)
INFO:werkzeug:127.0.0.1 - - [10/Mar/2024 19:26:40] "GET /api/v1/events/10 HTTP/1.1" 200 -
INFO:sqlalchemy.engine.Engine:SELECT prayer_times.id AS prayer_times_id, prayer_times.prayer_name AS prayer_times_prayer_name, prayer_times.athan_time AS prayer_times_athan_time, prayer_times.iqama_time AS prayer_times_iqama_time, prayer_times.jumuah_time AS prayer_times_jumuah_time, prayer_times.jumuah_time2 AS prayer_times_jumuah_time2, prayer_times.created_at AS prayer_times_created_at, prayer_times.organization_id AS prayer_times_organization_id, prayer_times.organization_name AS prayer_times_organization_name 
FROM prayer_times 
WHERE prayer_times.organization_id = %(organization_id_1)s AND prayer_times.created_at >= %(created_at_1)s AND prayer_times.created_at <= %(created_at_2)s
INFO:sqlalchemy.engine.Engine:[cached since 1.652e+05s ago] {'organization_id_1': 3, 'created_at_1': datetime.datetime(2024, 3, 10, 0, 0), 'created_at_2': datetime.datetime(2024, 3, 10, 23, 59, 59)}
INFO:sqlalchemy.engine.Engine:ROLLBACK
INFO:werkzeug:127.0.0.1 - - [10/Mar/2024 19:26:40] "GET /api/v1/prayer_times/3 HTTP/1.1" 200 -
INFO:sqlalchemy.engine.Engine:ROLLBACK
INFO:werkzeug:127.0.0.1 - - [10/Mar/2024 19:26:40] "GET /api/v1/prayer_times/3 HTTP/1.1" 200 -
INFO:sqlalchemy.engine.Engine:BEGIN (implicit)
INFO:sqlalchemy.engine.Engine:SELECT events.id AS events_id, events.title AS events_title, events.link AS events_link, events.sub_links AS events_sub_links, events.image AS events_image, events.date AS events_date, events.start_time AS events_start_time, events.end_time AS events_end_time, events.location AS events_location, events.short_description AS events_short_description, events.full_description AS events_full_description, events.other_info AS events_other_info, events.cost AS events_cost, events.category AS events_category, events.created_at AS events_created_at, events.is_video AS events_is_video, events.organization_id AS events_organization_id, events.organization_name AS events_organization_name 
FROM events 
WHERE events.organization_id = %(organization_id_1)s AND events.created_at >= %(created_at_1)s AND events.created_at <= %(created_at_2)s
INFO:sqlalchemy.engine.Engine:[cached since 1.652e+05s ago] {'organization_id_1': 4, 'created_at_1': datetime.datetime(2024, 3, 10, 0, 0), 'created_at_2': datetime.datetime(2024, 3, 10, 23, 59, 59)}
INFO:sqlalchemy.engine.Engine:ROLLBACK
INFO:werkzeug:127.0.0.1 - - [10/Mar/2024 19:26:40] "GET /api/v1/events/4 HTTP/1.1" 200 -
INFO:sqlalchemy.engine.Engine:BEGIN (implicit)
INFO:sqlalchemy.engine.Engine:SELECT events.id AS events_id, events.title AS events_title, events.link AS events_link, events.sub_links AS events_sub_links, events.image AS events_image, events.date AS events_date, events.start_time AS events_start_time, events.end_time AS events_end_time, events.location AS events_location, events.short_description AS events_short_description, events.full_description AS events_full_description, events.other_info AS events_other_info, events.cost AS events_cost, events.category AS events_category, events.created_at AS events_created_at, events.is_video AS events_is_video, events.organization_id AS events_organization_id, events.organization_name AS events_organization_name 
FROM events 
WHERE events.organization_id = %(organization_id_1)s AND events.created_at >= %(created_at_1)s AND events.created_at <= %(created_at_2)s
INFO:sqlalchemy.engine.Engine:[cached since 1.652e+05s ago] {'organization_id_1': 4, 'created_at_1': datetime.datetime(2024, 3, 10, 0, 0), 'created_at_2': datetime.datetime(2024, 3, 10, 23, 59, 59)}
INFO:sqlalchemy.engine.Engine:ROLLBACK
INFO:werkzeug:127.0.0.1 - - [10/Mar/2024 19:26:40] "GET /api/v1/events/4 HTTP/1.1" 200 -
INFO:sqlalchemy.engine.Engine:BEGIN (implicit)
INFO:sqlalchemy.engine.Engine:SELECT events.id AS events_id, events.title AS events_title, events.link AS events_link, events.sub_links AS events_sub_links, events.image AS events_image, events.date AS events_date, events.start_time AS events_start_time, events.end_time AS events_end_time, events.location AS events_location, events.short_description AS events_short_description, events.full_description AS events_full_description, events.other_info AS events_other_info, events.cost AS events_cost, events.category AS events_category, events.created_at AS events_created_at, events.is_video AS events_is_video, events.organization_id AS events_organization_id, events.organization_name AS events_organization_name 
FROM events 
WHERE events.organization_id = %(organization_id_1)s AND events.created_at >= %(created_at_1)s AND events.created_at <= %(created_at_2)s
INFO:sqlalchemy.engine.Engine:[cached since 1.653e+05s ago] {'organization_id_1': 10, 'created_at_1': datetime.datetime(2024, 3, 10, 0, 0), 'created_at_2': datetime.datetime(2024, 3, 10, 23, 59, 59)}
INFO:sqlalchemy.engine.Engine:ROLLBACK
INFO:werkzeug:127.0.0.1 - - [10/Mar/2024 19:27:04] "GET /api/v1/events/10 HTTP/1.1" 200 -
INFO:sqlalchemy.engine.Engine:BEGIN (implicit)
INFO:sqlalchemy.engine.Engine:SELECT events.id AS events_id, events.title AS events_title, events.link AS events_link, events.sub_links AS events_sub_links, events.image AS events_image, events.date AS events_date, events.start_time AS events_start_time, events.end_time AS events_end_time, events.location AS events_location, events.short_description AS events_short_description, events.full_description AS events_full_description, events.other_info AS events_other_info, events.cost AS events_cost, events.category AS events_category, events.created_at AS events_created_at, events.is_video AS events_is_video, events.organization_id AS events_organization_id, events.organization_name AS events_organization_name 
FROM events 
WHERE events.organization_id = %(organization_id_1)s AND events.created_at >= %(created_at_1)s AND events.created_at <= %(created_at_2)s
INFO:sqlalchemy.engine.Engine:[cached since 1.653e+05s ago] {'organization_id_1': 10, 'created_at_1': datetime.datetime(2024, 3, 10, 0, 0), 'created_at_2': datetime.datetime(2024, 3, 10, 23, 59, 59)}
INFO:sqlalchemy.engine.Engine:ROLLBACK
INFO:werkzeug:127.0.0.1 - - [10/Mar/2024 19:27:04] "GET /api/v1/events/10 HTTP/1.1" 200 -
INFO:sqlalchemy.engine.Engine:BEGIN (implicit)
INFO:sqlalchemy.engine.Engine:SELECT events.id AS events_id, events.title AS events_title, events.link AS events_link, events.sub_links AS events_sub_links, events.image AS events_image, events.date AS events_date, events.start_time AS events_start_time, events.end_time AS events_end_time, events.location AS events_location, events.short_description AS events_short_description, events.full_description AS events_full_description, events.other_info AS events_other_info, events.cost AS events_cost, events.category AS events_category, events.created_at AS events_created_at, events.is_video AS events_is_video, events.organization_id AS events_organization_id, events.organization_name AS events_organization_name 
FROM events 
WHERE events.organization_id = %(organization_id_1)s AND events.created_at >= %(created_at_1)s AND events.created_at <= %(created_at_2)s
INFO:sqlalchemy.engine.Engine:BEGIN (implicit)
INFO:sqlalchemy.engine.Engine:[cached since 1.653e+05s ago] {'organization_id_1': 4, 'created_at_1': datetime.datetime(2024, 3, 10, 0, 0), 'created_at_2': datetime.datetime(2024, 3, 10, 23, 59, 59)}
INFO:sqlalchemy.engine.Engine:SELECT events.id AS events_id, events.title AS events_title, events.link AS events_link, events.sub_links AS events_sub_links, events.image AS events_image, events.date AS events_date, events.start_time AS events_start_time, events.end_time AS events_end_time, events.location AS events_location, events.short_description AS events_short_description, events.full_description AS events_full_description, events.other_info AS events_other_info, events.cost AS events_cost, events.category AS events_category, events.created_at AS events_created_at, events.is_video AS events_is_video, events.organization_id AS events_organization_id, events.organization_name AS events_organization_name 
FROM events 
WHERE events.organization_id = %(organization_id_1)s AND events.created_at >= %(created_at_1)s AND events.created_at <= %(created_at_2)s
INFO:sqlalchemy.engine.Engine:[cached since 1.653e+05s ago] {'organization_id_1': 4, 'created_at_1': datetime.datetime(2024, 3, 10, 0, 0), 'created_at_2': datetime.datetime(2024, 3, 10, 23, 59, 59)}
INFO:sqlalchemy.engine.Engine:ROLLBACK
INFO:sqlalchemy.engine.Engine:ROLLBACK
INFO:werkzeug:127.0.0.1 - - [10/Mar/2024 19:27:04] "GET /api/v1/events/4 HTTP/1.1" 200 -
INFO:werkzeug:127.0.0.1 - - [10/Mar/2024 19:27:04] "GET /api/v1/events/4 HTTP/1.1" 200 -
INFO:sqlalchemy.engine.Engine:BEGIN (implicit)
INFO:sqlalchemy.engine.Engine:BEGIN (implicit)
INFO:sqlalchemy.engine.Engine:SELECT events.id AS events_id, events.title AS events_title, events.link AS events_link, events.sub_links AS events_sub_links, events.image AS events_image, events.date AS events_date, events.start_time AS events_start_time, events.end_time AS events_end_time, events.location AS events_location, events.short_description AS events_short_description, events.full_description AS events_full_description, events.other_info AS events_other_info, events.cost AS events_cost, events.category AS events_category, events.created_at AS events_created_at, events.is_video AS events_is_video, events.organization_id AS events_organization_id, events.organization_name AS events_organization_name 
FROM events 
WHERE events.organization_id = %(organization_id_1)s AND events.created_at >= %(created_at_1)s AND events.created_at <= %(created_at_2)s
INFO:sqlalchemy.engine.Engine:SELECT events.id AS events_id, events.title AS events_title, events.link AS events_link, events.sub_links AS events_sub_links, events.image AS events_image, events.date AS events_date, events.start_time AS events_start_time, events.end_time AS events_end_time, events.location AS events_location, events.short_description AS events_short_description, events.full_description AS events_full_description, events.other_info AS events_other_info, events.cost AS events_cost, events.category AS events_category, events.created_at AS events_created_at, events.is_video AS events_is_video, events.organization_id AS events_organization_id, events.organization_name AS events_organization_name 
FROM events 
WHERE events.organization_id = %(organization_id_1)s AND events.created_at >= %(created_at_1)s AND events.created_at <= %(created_at_2)s
INFO:sqlalchemy.engine.Engine:[cached since 1.653e+05s ago] {'organization_id_1': 10, 'created_at_1': datetime.datetime(2024, 3, 10, 0, 0), 'created_at_2': datetime.datetime(2024, 3, 10, 23, 59, 59)}
INFO:sqlalchemy.engine.Engine:BEGIN (implicit)
INFO:sqlalchemy.engine.Engine:[cached since 1.653e+05s ago] {'organization_id_1': 10, 'created_at_1': datetime.datetime(2024, 3, 10, 0, 0), 'created_at_2': datetime.datetime(2024, 3, 10, 23, 59, 59)}
INFO:sqlalchemy.engine.Engine:SELECT prayer_times.id AS prayer_times_id, prayer_times.prayer_name AS prayer_times_prayer_name, prayer_times.athan_time AS prayer_times_athan_time, prayer_times.iqama_time AS prayer_times_iqama_time, prayer_times.jumuah_time AS prayer_times_jumuah_time, prayer_times.jumuah_time2 AS prayer_times_jumuah_time2, prayer_times.created_at AS prayer_times_created_at, prayer_times.organization_id AS prayer_times_organization_id, prayer_times.organization_name AS prayer_times_organization_name 
FROM prayer_times 
WHERE prayer_times.organization_id = %(organization_id_1)s AND prayer_times.created_at >= %(created_at_1)s AND prayer_times.created_at <= %(created_at_2)s
INFO:sqlalchemy.engine.Engine:[cached since 1.653e+05s ago] {'organization_id_1': 3, 'created_at_1': datetime.datetime(2024, 3, 10, 0, 0), 'created_at_2': datetime.datetime(2024, 3, 10, 23, 59, 59)}
INFO:sqlalchemy.engine.Engine:ROLLBACK
INFO:sqlalchemy.engine.Engine:ROLLBACK
INFO:werkzeug:127.0.0.1 - - [10/Mar/2024 19:27:04] "GET /api/v1/prayer_times/3 HTTP/1.1" 200 -
INFO:werkzeug:127.0.0.1 - - [10/Mar/2024 19:27:04] "GET /api/v1/events/10 HTTP/1.1" 200 -
INFO:sqlalchemy.engine.Engine:ROLLBACK
INFO:werkzeug:127.0.0.1 - - [10/Mar/2024 19:27:04] "GET /api/v1/events/10 HTTP/1.1" 200 -
INFO:sqlalchemy.engine.Engine:BEGIN (implicit)
INFO:sqlalchemy.engine.Engine:SELECT prayer_times.id AS prayer_times_id, prayer_times.prayer_name AS prayer_times_prayer_name, prayer_times.athan_time AS prayer_times_athan_time, prayer_times.iqama_time AS prayer_times_iqama_time, prayer_times.jumuah_time AS prayer_times_jumuah_time, prayer_times.jumuah_time2 AS prayer_times_jumuah_time2, prayer_times.created_at AS prayer_times_created_at, prayer_times.organization_id AS prayer_times_organization_id, prayer_times.organization_name AS prayer_times_organization_name 
FROM prayer_times 
WHERE prayer_times.organization_id = %(organization_id_1)s AND prayer_times.created_at >= %(created_at_1)s AND prayer_times.created_at <= %(created_at_2)s
INFO:sqlalchemy.engine.Engine:[cached since 1.653e+05s ago] {'organization_id_1': 3, 'created_at_1': datetime.datetime(2024, 3, 10, 0, 0), 'created_at_2': datetime.datetime(2024, 3, 10, 23, 59, 59)}
INFO:sqlalchemy.engine.Engine:ROLLBACK
INFO:werkzeug:127.0.0.1 - - [10/Mar/2024 19:27:04] "GET /api/v1/prayer_times/3 HTTP/1.1" 200 -
INFO:sqlalchemy.engine.Engine:BEGIN (implicit)
INFO:sqlalchemy.engine.Engine:SELECT events.id AS events_id, events.title AS events_title, events.link AS events_link, events.sub_links AS events_sub_links, events.image AS events_image, events.date AS events_date, events.start_time AS events_start_time, events.end_time AS events_end_time, events.location AS events_location, events.short_description AS events_short_description, events.full_description AS events_full_description, events.other_info AS events_other_info, events.cost AS events_cost, events.category AS events_category, events.created_at AS events_created_at, events.is_video AS events_is_video, events.organization_id AS events_organization_id, events.organization_name AS events_organization_name 
FROM events 
WHERE events.organization_id = %(organization_id_1)s AND events.created_at >= %(created_at_1)s AND events.created_at <= %(created_at_2)s
INFO:sqlalchemy.engine.Engine:[cached since 1.653e+05s ago] {'organization_id_1': 4, 'created_at_1': datetime.datetime(2024, 3, 10, 0, 0), 'created_at_2': datetime.datetime(2024, 3, 10, 23, 59, 59)}
INFO:sqlalchemy.engine.Engine:BEGIN (implicit)
INFO:sqlalchemy.engine.Engine:SELECT events.id AS events_id, events.title AS events_title, events.link AS events_link, events.sub_links AS events_sub_links, events.image AS events_image, events.date AS events_date, events.start_time AS events_start_time, events.end_time AS events_end_time, events.location AS events_location, events.short_description AS events_short_description, events.full_description AS events_full_description, events.other_info AS events_other_info, events.cost AS events_cost, events.category AS events_category, events.created_at AS events_created_at, events.is_video AS events_is_video, events.organization_id AS events_organization_id, events.organization_name AS events_organization_name 
FROM events 
WHERE events.organization_id = %(organization_id_1)s AND events.created_at >= %(created_at_1)s AND events.created_at <= %(created_at_2)s
INFO:sqlalchemy.engine.Engine:[cached since 1.653e+05s ago] {'organization_id_1': 4, 'created_at_1': datetime.datetime(2024, 3, 10, 0, 0), 'created_at_2': datetime.datetime(2024, 3, 10, 23, 59, 59)}
INFO:sqlalchemy.engine.Engine:ROLLBACK
INFO:werkzeug:127.0.0.1 - - [10/Mar/2024 19:27:04] "GET /api/v1/events/4 HTTP/1.1" 200 -
INFO:sqlalchemy.engine.Engine:ROLLBACK
INFO:werkzeug:127.0.0.1 - - [10/Mar/2024 19:27:04] "GET /api/v1/events/4 HTTP/1.1" 200 -
INFO:sqlalchemy.engine.Engine:BEGIN (implicit)
INFO:sqlalchemy.engine.Engine:SELECT prayer_times.id AS prayer_times_id, prayer_times.prayer_name AS prayer_times_prayer_name, prayer_times.athan_time AS prayer_times_athan_time, prayer_times.iqama_time AS prayer_times_iqama_time, prayer_times.jumuah_time AS prayer_times_jumuah_time, prayer_times.jumuah_time2 AS prayer_times_jumuah_time2, prayer_times.created_at AS prayer_times_created_at, prayer_times.organization_id AS prayer_times_organization_id, prayer_times.organization_name AS prayer_times_organization_name 
FROM prayer_times 
WHERE prayer_times.created_at >= %(created_at_1)s AND prayer_times.created_at <= %(created_at_2)s
INFO:sqlalchemy.engine.Engine:[cached since 2.756e+04s ago] {'created_at_1': datetime.datetime(2024, 3, 10, 0, 0), 'created_at_2': datetime.datetime(2024, 3, 10, 23, 59, 59)}
INFO:sqlalchemy.engine.Engine:ROLLBACK
INFO:werkzeug:127.0.0.1 - - [10/Mar/2024 19:27:06] "GET /api/v1/prayer_times HTTP/1.1" 200 -
INFO:sqlalchemy.engine.Engine:BEGIN (implicit)
INFO:sqlalchemy.engine.Engine:SELECT prayer_times.id AS prayer_times_id, prayer_times.prayer_name AS prayer_times_prayer_name, prayer_times.athan_time AS prayer_times_athan_time, prayer_times.iqama_time AS prayer_times_iqama_time, prayer_times.jumuah_time AS prayer_times_jumuah_time, prayer_times.jumuah_time2 AS prayer_times_jumuah_time2, prayer_times.created_at AS prayer_times_created_at, prayer_times.organization_id AS prayer_times_organization_id, prayer_times.organization_name AS prayer_times_organization_name 
FROM prayer_times 
WHERE prayer_times.created_at >= %(created_at_1)s AND prayer_times.created_at <= %(created_at_2)s
INFO:sqlalchemy.engine.Engine:[cached since 2.756e+04s ago] {'created_at_1': datetime.datetime(2024, 3, 10, 0, 0), 'created_at_2': datetime.datetime(2024, 3, 10, 23, 59, 59)}
INFO:sqlalchemy.engine.Engine:ROLLBACK
INFO:werkzeug:127.0.0.1 - - [10/Mar/2024 19:27:06] "GET /api/v1/prayer_times HTTP/1.1" 200 -
INFO:werkzeug:127.0.0.1 - - [10/Mar/2024 19:27:06] "GET /api/v1/organizations HTTP/1.1" 200 -
INFO:werkzeug:127.0.0.1 - - [10/Mar/2024 19:27:06] "GET /api/v1/organizations HTTP/1.1" 200 -
INFO:sqlalchemy.engine.Engine:BEGIN (implicit)
INFO:sqlalchemy.engine.Engine:SELECT events.id AS events_id, events.title AS events_title, events.link AS events_link, events.sub_links AS events_sub_links, events.image AS events_image, events.date AS events_date, events.start_time AS events_start_time, events.end_time AS events_end_time, events.location AS events_location, events.short_description AS events_short_description, events.full_description AS events_full_description, events.other_info AS events_other_info, events.cost AS events_cost, events.category AS events_category, events.created_at AS events_created_at, events.is_video AS events_is_video, events.organization_id AS events_organization_id, events.organization_name AS events_organization_name 
FROM events 
WHERE events.organization_id = %(organization_id_1)s AND events.created_at >= %(created_at_1)s AND events.created_at <= %(created_at_2)s
INFO:sqlalchemy.engine.Engine:[cached since 1.653e+05s ago] {'organization_id_1': 10, 'created_at_1': datetime.datetime(2024, 3, 10, 0, 0), 'created_at_2': datetime.datetime(2024, 3, 10, 23, 59, 59)}
INFO:sqlalchemy.engine.Engine:ROLLBACK
INFO:werkzeug:127.0.0.1 - - [10/Mar/2024 19:27:30] "GET /api/v1/events/10 HTTP/1.1" 200 -
INFO:sqlalchemy.engine.Engine:BEGIN (implicit)
INFO:sqlalchemy.engine.Engine:SELECT events.id AS events_id, events.title AS events_title, events.link AS events_link, events.sub_links AS events_sub_links, events.image AS events_image, events.date AS events_date, events.start_time AS events_start_time, events.end_time AS events_end_time, events.location AS events_location, events.short_description AS events_short_description, events.full_description AS events_full_description, events.other_info AS events_other_info, events.cost AS events_cost, events.category AS events_category, events.created_at AS events_created_at, events.is_video AS events_is_video, events.organization_id AS events_organization_id, events.organization_name AS events_organization_name 
FROM events 
WHERE events.organization_id = %(organization_id_1)s AND events.created_at >= %(created_at_1)s AND events.created_at <= %(created_at_2)s
INFO:sqlalchemy.engine.Engine:[cached since 1.653e+05s ago] {'organization_id_1': 10, 'created_at_1': datetime.datetime(2024, 3, 10, 0, 0), 'created_at_2': datetime.datetime(2024, 3, 10, 23, 59, 59)}
INFO:sqlalchemy.engine.Engine:ROLLBACK
INFO:werkzeug:127.0.0.1 - - [10/Mar/2024 19:27:30] "GET /api/v1/events/10 HTTP/1.1" 200 -
INFO:sqlalchemy.engine.Engine:BEGIN (implicit)
INFO:sqlalchemy.engine.Engine:SELECT events.id AS events_id, events.title AS events_title, events.link AS events_link, events.sub_links AS events_sub_links, events.image AS events_image, events.date AS events_date, events.start_time AS events_start_time, events.end_time AS events_end_time, events.location AS events_location, events.short_description AS events_short_description, events.full_description AS events_full_description, events.other_info AS events_other_info, events.cost AS events_cost, events.category AS events_category, events.created_at AS events_created_at, events.is_video AS events_is_video, events.organization_id AS events_organization_id, events.organization_name AS events_organization_name 
FROM events 
WHERE events.organization_id = %(organization_id_1)s AND events.created_at >= %(created_at_1)s AND events.created_at <= %(created_at_2)s
INFO:sqlalchemy.engine.Engine:[cached since 1.653e+05s ago] {'organization_id_1': 4, 'created_at_1': datetime.datetime(2024, 3, 10, 0, 0), 'created_at_2': datetime.datetime(2024, 3, 10, 23, 59, 59)}
INFO:sqlalchemy.engine.Engine:ROLLBACK
INFO:werkzeug:127.0.0.1 - - [10/Mar/2024 19:27:30] "GET /api/v1/events/4 HTTP/1.1" 200 -
INFO:sqlalchemy.engine.Engine:BEGIN (implicit)
INFO:sqlalchemy.engine.Engine:SELECT events.id AS events_id, events.title AS events_title, events.link AS events_link, events.sub_links AS events_sub_links, events.image AS events_image, events.date AS events_date, events.start_time AS events_start_time, events.end_time AS events_end_time, events.location AS events_location, events.short_description AS events_short_description, events.full_description AS events_full_description, events.other_info AS events_other_info, events.cost AS events_cost, events.category AS events_category, events.created_at AS events_created_at, events.is_video AS events_is_video, events.organization_id AS events_organization_id, events.organization_name AS events_organization_name 
FROM events 
WHERE events.organization_id = %(organization_id_1)s AND events.created_at >= %(created_at_1)s AND events.created_at <= %(created_at_2)s
INFO:sqlalchemy.engine.Engine:[cached since 1.653e+05s ago] {'organization_id_1': 4, 'created_at_1': datetime.datetime(2024, 3, 10, 0, 0), 'created_at_2': datetime.datetime(2024, 3, 10, 23, 59, 59)}
INFO:sqlalchemy.engine.Engine:ROLLBACK
INFO:werkzeug:127.0.0.1 - - [10/Mar/2024 19:27:31] "GET /api/v1/events/4 HTTP/1.1" 200 -
INFO:sqlalchemy.engine.Engine:BEGIN (implicit)
INFO:sqlalchemy.engine.Engine:SELECT events.id AS events_id, events.title AS events_title, events.link AS events_link, events.sub_links AS events_sub_links, events.image AS events_image, events.date AS events_date, events.start_time AS events_start_time, events.end_time AS events_end_time, events.location AS events_location, events.short_description AS events_short_description, events.full_description AS events_full_description, events.other_info AS events_other_info, events.cost AS events_cost, events.category AS events_category, events.created_at AS events_created_at, events.is_video AS events_is_video, events.organization_id AS events_organization_id, events.organization_name AS events_organization_name 
FROM events 
WHERE events.organization_id = %(organization_id_1)s AND events.created_at >= %(created_at_1)s AND events.created_at <= %(created_at_2)s
INFO:sqlalchemy.engine.Engine:BEGIN (implicit)
INFO:sqlalchemy.engine.Engine:[cached since 1.653e+05s ago] {'organization_id_1': 10, 'created_at_1': datetime.datetime(2024, 3, 10, 0, 0), 'created_at_2': datetime.datetime(2024, 3, 10, 23, 59, 59)}
INFO:sqlalchemy.engine.Engine:SELECT events.id AS events_id, events.title AS events_title, events.link AS events_link, events.sub_links AS events_sub_links, events.image AS events_image, events.date AS events_date, events.start_time AS events_start_time, events.end_time AS events_end_time, events.location AS events_location, events.short_description AS events_short_description, events.full_description AS events_full_description, events.other_info AS events_other_info, events.cost AS events_cost, events.category AS events_category, events.created_at AS events_created_at, events.is_video AS events_is_video, events.organization_id AS events_organization_id, events.organization_name AS events_organization_name 
FROM events 
WHERE events.organization_id = %(organization_id_1)s AND events.created_at >= %(created_at_1)s AND events.created_at <= %(created_at_2)s
INFO:sqlalchemy.engine.Engine:[cached since 1.653e+05s ago] {'organization_id_1': 10, 'created_at_1': datetime.datetime(2024, 3, 10, 0, 0), 'created_at_2': datetime.datetime(2024, 3, 10, 23, 59, 59)}
INFO:sqlalchemy.engine.Engine:ROLLBACK
INFO:werkzeug:127.0.0.1 - - [10/Mar/2024 19:27:31] "GET /api/v1/events/10 HTTP/1.1" 200 -
INFO:sqlalchemy.engine.Engine:ROLLBACK
INFO:sqlalchemy.engine.Engine:BEGIN (implicit)
INFO:werkzeug:127.0.0.1 - - [10/Mar/2024 19:27:31] "GET /api/v1/events/10 HTTP/1.1" 200 -
INFO:sqlalchemy.engine.Engine:SELECT prayer_times.id AS prayer_times_id, prayer_times.prayer_name AS prayer_times_prayer_name, prayer_times.athan_time AS prayer_times_athan_time, prayer_times.iqama_time AS prayer_times_iqama_time, prayer_times.jumuah_time AS prayer_times_jumuah_time, prayer_times.jumuah_time2 AS prayer_times_jumuah_time2, prayer_times.created_at AS prayer_times_created_at, prayer_times.organization_id AS prayer_times_organization_id, prayer_times.organization_name AS prayer_times_organization_name 
FROM prayer_times 
WHERE prayer_times.organization_id = %(organization_id_1)s AND prayer_times.created_at >= %(created_at_1)s AND prayer_times.created_at <= %(created_at_2)s
INFO:sqlalchemy.engine.Engine:[cached since 1.653e+05s ago] {'organization_id_1': 3, 'created_at_1': datetime.datetime(2024, 3, 10, 0, 0), 'created_at_2': datetime.datetime(2024, 3, 10, 23, 59, 59)}
INFO:sqlalchemy.engine.Engine:BEGIN (implicit)
INFO:sqlalchemy.engine.Engine:SELECT prayer_times.id AS prayer_times_id, prayer_times.prayer_name AS prayer_times_prayer_name, prayer_times.athan_time AS prayer_times_athan_time, prayer_times.iqama_time AS prayer_times_iqama_time, prayer_times.jumuah_time AS prayer_times_jumuah_time, prayer_times.jumuah_time2 AS prayer_times_jumuah_time2, prayer_times.created_at AS prayer_times_created_at, prayer_times.organization_id AS prayer_times_organization_id, prayer_times.organization_name AS prayer_times_organization_name 
FROM prayer_times 
WHERE prayer_times.organization_id = %(organization_id_1)s AND prayer_times.created_at >= %(created_at_1)s AND prayer_times.created_at <= %(created_at_2)s
INFO:sqlalchemy.engine.Engine:[cached since 1.653e+05s ago] {'organization_id_1': 3, 'created_at_1': datetime.datetime(2024, 3, 10, 0, 0), 'created_at_2': datetime.datetime(2024, 3, 10, 23, 59, 59)}
INFO:sqlalchemy.engine.Engine:ROLLBACK
INFO:werkzeug:127.0.0.1 - - [10/Mar/2024 19:27:31] "GET /api/v1/prayer_times/3 HTTP/1.1" 200 -
INFO:sqlalchemy.engine.Engine:ROLLBACK
INFO:werkzeug:127.0.0.1 - - [10/Mar/2024 19:27:31] "GET /api/v1/prayer_times/3 HTTP/1.1" 200 -
INFO:sqlalchemy.engine.Engine:BEGIN (implicit)
INFO:sqlalchemy.engine.Engine:SELECT events.id AS events_id, events.title AS events_title, events.link AS events_link, events.sub_links AS events_sub_links, events.image AS events_image, events.date AS events_date, events.start_time AS events_start_time, events.end_time AS events_end_time, events.location AS events_location, events.short_description AS events_short_description, events.full_description AS events_full_description, events.other_info AS events_other_info, events.cost AS events_cost, events.category AS events_category, events.created_at AS events_created_at, events.is_video AS events_is_video, events.organization_id AS events_organization_id, events.organization_name AS events_organization_name 
FROM events 
WHERE events.organization_id = %(organization_id_1)s AND events.created_at >= %(created_at_1)s AND events.created_at <= %(created_at_2)s
INFO:sqlalchemy.engine.Engine:[cached since 1.653e+05s ago] {'organization_id_1': 4, 'created_at_1': datetime.datetime(2024, 3, 10, 0, 0), 'created_at_2': datetime.datetime(2024, 3, 10, 23, 59, 59)}
INFO:sqlalchemy.engine.Engine:BEGIN (implicit)
INFO:sqlalchemy.engine.Engine:SELECT events.id AS events_id, events.title AS events_title, events.link AS events_link, events.sub_links AS events_sub_links, events.image AS events_image, events.date AS events_date, events.start_time AS events_start_time, events.end_time AS events_end_time, events.location AS events_location, events.short_description AS events_short_description, events.full_description AS events_full_description, events.other_info AS events_other_info, events.cost AS events_cost, events.category AS events_category, events.created_at AS events_created_at, events.is_video AS events_is_video, events.organization_id AS events_organization_id, events.organization_name AS events_organization_name 
FROM events 
WHERE events.organization_id = %(organization_id_1)s AND events.created_at >= %(created_at_1)s AND events.created_at <= %(created_at_2)s
INFO:sqlalchemy.engine.Engine:[cached since 1.653e+05s ago] {'organization_id_1': 4, 'created_at_1': datetime.datetime(2024, 3, 10, 0, 0), 'created_at_2': datetime.datetime(2024, 3, 10, 23, 59, 59)}
INFO:sqlalchemy.engine.Engine:ROLLBACK
INFO:werkzeug:127.0.0.1 - - [10/Mar/2024 19:27:31] "GET /api/v1/events/4 HTTP/1.1" 200 -
INFO:sqlalchemy.engine.Engine:ROLLBACK
INFO:werkzeug:127.0.0.1 - - [10/Mar/2024 19:27:31] "GET /api/v1/events/4 HTTP/1.1" 200 -
INFO:sqlalchemy.engine.Engine:BEGIN (implicit)
INFO:sqlalchemy.engine.Engine:SELECT prayer_times.id AS prayer_times_id, prayer_times.prayer_name AS prayer_times_prayer_name, prayer_times.athan_time AS prayer_times_athan_time, prayer_times.iqama_time AS prayer_times_iqama_time, prayer_times.jumuah_time AS prayer_times_jumuah_time, prayer_times.jumuah_time2 AS prayer_times_jumuah_time2, prayer_times.created_at AS prayer_times_created_at, prayer_times.organization_id AS prayer_times_organization_id, prayer_times.organization_name AS prayer_times_organization_name 
FROM prayer_times 
WHERE prayer_times.created_at >= %(created_at_1)s AND prayer_times.created_at <= %(created_at_2)s
INFO:sqlalchemy.engine.Engine:[cached since 2.759e+04s ago] {'created_at_1': datetime.datetime(2024, 3, 10, 0, 0), 'created_at_2': datetime.datetime(2024, 3, 10, 23, 59, 59)}
INFO:sqlalchemy.engine.Engine:ROLLBACK
INFO:sqlalchemy.engine.Engine:BEGIN (implicit)
INFO:werkzeug:127.0.0.1 - - [10/Mar/2024 19:27:33] "GET /api/v1/prayer_times HTTP/1.1" 200 -
INFO:sqlalchemy.engine.Engine:SELECT prayer_times.id AS prayer_times_id, prayer_times.prayer_name AS prayer_times_prayer_name, prayer_times.athan_time AS prayer_times_athan_time, prayer_times.iqama_time AS prayer_times_iqama_time, prayer_times.jumuah_time AS prayer_times_jumuah_time, prayer_times.jumuah_time2 AS prayer_times_jumuah_time2, prayer_times.created_at AS prayer_times_created_at, prayer_times.organization_id AS prayer_times_organization_id, prayer_times.organization_name AS prayer_times_organization_name 
FROM prayer_times 
WHERE prayer_times.created_at >= %(created_at_1)s AND prayer_times.created_at <= %(created_at_2)s
INFO:sqlalchemy.engine.Engine:[cached since 2.759e+04s ago] {'created_at_1': datetime.datetime(2024, 3, 10, 0, 0), 'created_at_2': datetime.datetime(2024, 3, 10, 23, 59, 59)}
INFO:sqlalchemy.engine.Engine:ROLLBACK
INFO:werkzeug:127.0.0.1 - - [10/Mar/2024 19:27:33] "GET /api/v1/prayer_times HTTP/1.1" 200 -
INFO:werkzeug:127.0.0.1 - - [10/Mar/2024 19:27:33] "GET /api/v1/organizations HTTP/1.1" 200 -
INFO:werkzeug:127.0.0.1 - - [10/Mar/2024 19:27:33] "GET /api/v1/organizations HTTP/1.1" 200 -
INFO:sqlalchemy.engine.Engine:BEGIN (implicit)
INFO:sqlalchemy.engine.Engine:BEGIN (implicit)
INFO:sqlalchemy.engine.Engine:SELECT events.id AS events_id, events.title AS events_title, events.link AS events_link, events.sub_links AS events_sub_links, events.image AS events_image, events.date AS events_date, events.start_time AS events_start_time, events.end_time AS events_end_time, events.location AS events_location, events.short_description AS events_short_description, events.full_description AS events_full_description, events.other_info AS events_other_info, events.cost AS events_cost, events.category AS events_category, events.created_at AS events_created_at, events.is_video AS events_is_video, events.organization_id AS events_organization_id, events.organization_name AS events_organization_name 
FROM events 
WHERE events.organization_id = %(organization_id_1)s AND events.created_at >= %(created_at_1)s AND events.created_at <= %(created_at_2)s
INFO:sqlalchemy.engine.Engine:SELECT events.id AS events_id, events.title AS events_title, events.link AS events_link, events.sub_links AS events_sub_links, events.image AS events_image, events.date AS events_date, events.start_time AS events_start_time, events.end_time AS events_end_time, events.location AS events_location, events.short_description AS events_short_description, events.full_description AS events_full_description, events.other_info AS events_other_info, events.cost AS events_cost, events.category AS events_category, events.created_at AS events_created_at, events.is_video AS events_is_video, events.organization_id AS events_organization_id, events.organization_name AS events_organization_name 
FROM events 
WHERE events.organization_id = %(organization_id_1)s AND events.created_at >= %(created_at_1)s AND events.created_at <= %(created_at_2)s
INFO:sqlalchemy.engine.Engine:[cached since 2.677e+05s ago] {'organization_id_1': 10, 'created_at_1': datetime.datetime(2024, 3, 11, 0, 0), 'created_at_2': datetime.datetime(2024, 3, 11, 23, 59, 59)}
INFO:sqlalchemy.engine.Engine:[cached since 2.677e+05s ago] {'organization_id_1': 10, 'created_at_1': datetime.datetime(2024, 3, 11, 0, 0), 'created_at_2': datetime.datetime(2024, 3, 11, 23, 59, 59)}
INFO:sqlalchemy.engine.Engine:ROLLBACK
INFO:sqlalchemy.engine.Engine:ROLLBACK
INFO:werkzeug:127.0.0.1 - - [11/Mar/2024 23:54:35] "GET /api/v1/events/10 HTTP/1.1" 200 -
INFO:werkzeug:127.0.0.1 - - [11/Mar/2024 23:54:35] "GET /api/v1/events/10 HTTP/1.1" 200 -
INFO:werkzeug:127.0.0.1 - - [11/Mar/2024 23:54:35] "GET /logo.png HTTP/1.1" 200 -
INFO:sqlalchemy.engine.Engine:BEGIN (implicit)
INFO:sqlalchemy.engine.Engine:SELECT events.id AS events_id, events.title AS events_title, events.link AS events_link, events.sub_links AS events_sub_links, events.image AS events_image, events.date AS events_date, events.start_time AS events_start_time, events.end_time AS events_end_time, events.location AS events_location, events.short_description AS events_short_description, events.full_description AS events_full_description, events.other_info AS events_other_info, events.cost AS events_cost, events.category AS events_category, events.created_at AS events_created_at, events.is_video AS events_is_video, events.organization_id AS events_organization_id, events.organization_name AS events_organization_name 
FROM events 
WHERE events.organization_id = %(organization_id_1)s AND events.created_at >= %(created_at_1)s AND events.created_at <= %(created_at_2)s
INFO:sqlalchemy.engine.Engine:BEGIN (implicit)
INFO:sqlalchemy.engine.Engine:[cached since 2.677e+05s ago] {'organization_id_1': 4, 'created_at_1': datetime.datetime(2024, 3, 11, 0, 0), 'created_at_2': datetime.datetime(2024, 3, 11, 23, 59, 59)}
INFO:sqlalchemy.engine.Engine:SELECT events.id AS events_id, events.title AS events_title, events.link AS events_link, events.sub_links AS events_sub_links, events.image AS events_image, events.date AS events_date, events.start_time AS events_start_time, events.end_time AS events_end_time, events.location AS events_location, events.short_description AS events_short_description, events.full_description AS events_full_description, events.other_info AS events_other_info, events.cost AS events_cost, events.category AS events_category, events.created_at AS events_created_at, events.is_video AS events_is_video, events.organization_id AS events_organization_id, events.organization_name AS events_organization_name 
FROM events 
WHERE events.organization_id = %(organization_id_1)s AND events.created_at >= %(created_at_1)s AND events.created_at <= %(created_at_2)s
INFO:sqlalchemy.engine.Engine:[cached since 2.677e+05s ago] {'organization_id_1': 4, 'created_at_1': datetime.datetime(2024, 3, 11, 0, 0), 'created_at_2': datetime.datetime(2024, 3, 11, 23, 59, 59)}
INFO:sqlalchemy.engine.Engine:ROLLBACK
INFO:werkzeug:127.0.0.1 - - [11/Mar/2024 23:54:35] "GET /api/v1/events/4 HTTP/1.1" 200 -
INFO:sqlalchemy.engine.Engine:ROLLBACK
INFO:werkzeug:127.0.0.1 - - [11/Mar/2024 23:54:35] "GET /api/v1/events/4 HTTP/1.1" 200 -
INFO:sqlalchemy.engine.Engine:BEGIN (implicit)
INFO:sqlalchemy.engine.Engine:SELECT events.id AS events_id, events.title AS events_title, events.link AS events_link, events.sub_links AS events_sub_links, events.image AS events_image, events.date AS events_date, events.start_time AS events_start_time, events.end_time AS events_end_time, events.location AS events_location, events.short_description AS events_short_description, events.full_description AS events_full_description, events.other_info AS events_other_info, events.cost AS events_cost, events.category AS events_category, events.created_at AS events_created_at, events.is_video AS events_is_video, events.organization_id AS events_organization_id, events.organization_name AS events_organization_name 
FROM events 
WHERE events.organization_id = %(organization_id_1)s AND events.created_at >= %(created_at_1)s AND events.created_at <= %(created_at_2)s
INFO:sqlalchemy.engine.Engine:[cached since 2.677e+05s ago] {'organization_id_1': 10, 'created_at_1': datetime.datetime(2024, 3, 11, 0, 0), 'created_at_2': datetime.datetime(2024, 3, 11, 23, 59, 59)}
INFO:sqlalchemy.engine.Engine:BEGIN (implicit)
INFO:sqlalchemy.engine.Engine:SELECT prayer_times.id AS prayer_times_id, prayer_times.prayer_name AS prayer_times_prayer_name, prayer_times.athan_time AS prayer_times_athan_time, prayer_times.iqama_time AS prayer_times_iqama_time, prayer_times.jumuah_time AS prayer_times_jumuah_time, prayer_times.jumuah_time2 AS prayer_times_jumuah_time2, prayer_times.created_at AS prayer_times_created_at, prayer_times.organization_id AS prayer_times_organization_id, prayer_times.organization_name AS prayer_times_organization_name 
FROM prayer_times 
WHERE prayer_times.organization_id = %(organization_id_1)s AND prayer_times.created_at >= %(created_at_1)s AND prayer_times.created_at <= %(created_at_2)s
INFO:sqlalchemy.engine.Engine:[cached since 2.677e+05s ago] {'organization_id_1': 3, 'created_at_1': datetime.datetime(2024, 3, 11, 0, 0), 'created_at_2': datetime.datetime(2024, 3, 11, 23, 59, 59)}
INFO:sqlalchemy.engine.Engine:ROLLBACK
INFO:sqlalchemy.engine.Engine:BEGIN (implicit)
INFO:werkzeug:127.0.0.1 - - [11/Mar/2024 23:54:35] "GET /api/v1/events/10 HTTP/1.1" 200 -
INFO:sqlalchemy.engine.Engine:BEGIN (implicit)
INFO:sqlalchemy.engine.Engine:SELECT prayer_times.id AS prayer_times_id, prayer_times.prayer_name AS prayer_times_prayer_name, prayer_times.athan_time AS prayer_times_athan_time, prayer_times.iqama_time AS prayer_times_iqama_time, prayer_times.jumuah_time AS prayer_times_jumuah_time, prayer_times.jumuah_time2 AS prayer_times_jumuah_time2, prayer_times.created_at AS prayer_times_created_at, prayer_times.organization_id AS prayer_times_organization_id, prayer_times.organization_name AS prayer_times_organization_name 
FROM prayer_times 
WHERE prayer_times.organization_id = %(organization_id_1)s AND prayer_times.created_at >= %(created_at_1)s AND prayer_times.created_at <= %(created_at_2)s
INFO:sqlalchemy.engine.Engine:ROLLBACK
INFO:werkzeug:127.0.0.1 - - [11/Mar/2024 23:54:35] "GET /api/v1/prayer_times/3 HTTP/1.1" 200 -
INFO:sqlalchemy.engine.Engine:SELECT events.id AS events_id, events.title AS events_title, events.link AS events_link, events.sub_links AS events_sub_links, events.image AS events_image, events.date AS events_date, events.start_time AS events_start_time, events.end_time AS events_end_time, events.location AS events_location, events.short_description AS events_short_description, events.full_description AS events_full_description, events.other_info AS events_other_info, events.cost AS events_cost, events.category AS events_category, events.created_at AS events_created_at, events.is_video AS events_is_video, events.organization_id AS events_organization_id, events.organization_name AS events_organization_name 
FROM events 
WHERE events.organization_id = %(organization_id_1)s AND events.created_at >= %(created_at_1)s AND events.created_at <= %(created_at_2)s
INFO:sqlalchemy.engine.Engine:[cached since 2.677e+05s ago] {'organization_id_1': 3, 'created_at_1': datetime.datetime(2024, 3, 11, 0, 0), 'created_at_2': datetime.datetime(2024, 3, 11, 23, 59, 59)}
INFO:sqlalchemy.engine.Engine:[cached since 2.677e+05s ago] {'organization_id_1': 10, 'created_at_1': datetime.datetime(2024, 3, 11, 0, 0), 'created_at_2': datetime.datetime(2024, 3, 11, 23, 59, 59)}
INFO:sqlalchemy.engine.Engine:ROLLBACK
INFO:werkzeug:127.0.0.1 - - [11/Mar/2024 23:54:35] "GET /api/v1/prayer_times/3 HTTP/1.1" 200 -
INFO:sqlalchemy.engine.Engine:ROLLBACK
INFO:werkzeug:127.0.0.1 - - [11/Mar/2024 23:54:35] "GET /api/v1/events/10 HTTP/1.1" 200 -
INFO:sqlalchemy.engine.Engine:BEGIN (implicit)
INFO:sqlalchemy.engine.Engine:SELECT events.id AS events_id, events.title AS events_title, events.link AS events_link, events.sub_links AS events_sub_links, events.image AS events_image, events.date AS events_date, events.start_time AS events_start_time, events.end_time AS events_end_time, events.location AS events_location, events.short_description AS events_short_description, events.full_description AS events_full_description, events.other_info AS events_other_info, events.cost AS events_cost, events.category AS events_category, events.created_at AS events_created_at, events.is_video AS events_is_video, events.organization_id AS events_organization_id, events.organization_name AS events_organization_name 
FROM events 
WHERE events.organization_id = %(organization_id_1)s AND events.created_at >= %(created_at_1)s AND events.created_at <= %(created_at_2)s
INFO:sqlalchemy.engine.Engine:[cached since 2.677e+05s ago] {'organization_id_1': 4, 'created_at_1': datetime.datetime(2024, 3, 11, 0, 0), 'created_at_2': datetime.datetime(2024, 3, 11, 23, 59, 59)}
INFO:sqlalchemy.engine.Engine:ROLLBACK
INFO:sqlalchemy.engine.Engine:BEGIN (implicit)
INFO:werkzeug:127.0.0.1 - - [11/Mar/2024 23:54:35] "GET /api/v1/events/4 HTTP/1.1" 200 -
INFO:sqlalchemy.engine.Engine:SELECT events.id AS events_id, events.title AS events_title, events.link AS events_link, events.sub_links AS events_sub_links, events.image AS events_image, events.date AS events_date, events.start_time AS events_start_time, events.end_time AS events_end_time, events.location AS events_location, events.short_description AS events_short_description, events.full_description AS events_full_description, events.other_info AS events_other_info, events.cost AS events_cost, events.category AS events_category, events.created_at AS events_created_at, events.is_video AS events_is_video, events.organization_id AS events_organization_id, events.organization_name AS events_organization_name 
FROM events 
WHERE events.organization_id = %(organization_id_1)s AND events.created_at >= %(created_at_1)s AND events.created_at <= %(created_at_2)s
INFO:sqlalchemy.engine.Engine:[cached since 2.677e+05s ago] {'organization_id_1': 4, 'created_at_1': datetime.datetime(2024, 3, 11, 0, 0), 'created_at_2': datetime.datetime(2024, 3, 11, 23, 59, 59)}
INFO:sqlalchemy.engine.Engine:ROLLBACK
INFO:werkzeug:127.0.0.1 - - [11/Mar/2024 23:54:35] "GET /api/v1/events/4 HTTP/1.1" 200 -
INFO:sqlalchemy.engine.Engine:BEGIN (implicit)
INFO:sqlalchemy.engine.Engine:SELECT events.id AS events_id, events.title AS events_title, events.link AS events_link, events.sub_links AS events_sub_links, events.image AS events_image, events.date AS events_date, events.start_time AS events_start_time, events.end_time AS events_end_time, events.location AS events_location, events.short_description AS events_short_description, events.full_description AS events_full_description, events.other_info AS events_other_info, events.cost AS events_cost, events.category AS events_category, events.created_at AS events_created_at, events.is_video AS events_is_video, events.organization_id AS events_organization_id, events.organization_name AS events_organization_name 
FROM events 
WHERE events.organization_id = %(organization_id_1)s AND events.created_at >= %(created_at_1)s AND events.created_at <= %(created_at_2)s
INFO:sqlalchemy.engine.Engine:[cached since 2.678e+05s ago] {'organization_id_1': 10, 'created_at_1': datetime.datetime(2024, 3, 11, 0, 0), 'created_at_2': datetime.datetime(2024, 3, 11, 23, 59, 59)}
INFO:sqlalchemy.engine.Engine:BEGIN (implicit)
INFO:sqlalchemy.engine.Engine:SELECT prayer_times.id AS prayer_times_id, prayer_times.prayer_name AS prayer_times_prayer_name, prayer_times.athan_time AS prayer_times_athan_time, prayer_times.iqama_time AS prayer_times_iqama_time, prayer_times.jumuah_time AS prayer_times_jumuah_time, prayer_times.jumuah_time2 AS prayer_times_jumuah_time2, prayer_times.created_at AS prayer_times_created_at, prayer_times.organization_id AS prayer_times_organization_id, prayer_times.organization_name AS prayer_times_organization_name 
FROM prayer_times 
WHERE prayer_times.organization_id = %(organization_id_1)s AND prayer_times.created_at >= %(created_at_1)s AND prayer_times.created_at <= %(created_at_2)s
INFO:sqlalchemy.engine.Engine:[cached since 2.678e+05s ago] {'organization_id_1': 3, 'created_at_1': datetime.datetime(2024, 3, 11, 0, 0), 'created_at_2': datetime.datetime(2024, 3, 11, 23, 59, 59)}
INFO:sqlalchemy.engine.Engine:ROLLBACK
INFO:werkzeug:127.0.0.1 - - [11/Mar/2024 23:55:15] "GET /api/v1/prayer_times/3 HTTP/1.1" 200 -
INFO:sqlalchemy.engine.Engine:ROLLBACK
INFO:werkzeug:127.0.0.1 - - [11/Mar/2024 23:55:15] "GET /api/v1/events/10 HTTP/1.1" 200 -
INFO:sqlalchemy.engine.Engine:BEGIN (implicit)
INFO:sqlalchemy.engine.Engine:SELECT events.id AS events_id, events.title AS events_title, events.link AS events_link, events.sub_links AS events_sub_links, events.image AS events_image, events.date AS events_date, events.start_time AS events_start_time, events.end_time AS events_end_time, events.location AS events_location, events.short_description AS events_short_description, events.full_description AS events_full_description, events.other_info AS events_other_info, events.cost AS events_cost, events.category AS events_category, events.created_at AS events_created_at, events.is_video AS events_is_video, events.organization_id AS events_organization_id, events.organization_name AS events_organization_name 
FROM events 
WHERE events.organization_id = %(organization_id_1)s AND events.created_at >= %(created_at_1)s AND events.created_at <= %(created_at_2)s
INFO:sqlalchemy.engine.Engine:[cached since 2.678e+05s ago] {'organization_id_1': 4, 'created_at_1': datetime.datetime(2024, 3, 11, 0, 0), 'created_at_2': datetime.datetime(2024, 3, 11, 23, 59, 59)}
INFO:sqlalchemy.engine.Engine:ROLLBACK
INFO:werkzeug:127.0.0.1 - - [11/Mar/2024 23:55:15] "GET /api/v1/events/4 HTTP/1.1" 200 -
INFO:sqlalchemy.engine.Engine:BEGIN (implicit)
INFO:sqlalchemy.engine.Engine:SELECT events.id AS events_id, events.title AS events_title, events.link AS events_link, events.sub_links AS events_sub_links, events.image AS events_image, events.date AS events_date, events.start_time AS events_start_time, events.end_time AS events_end_time, events.location AS events_location, events.short_description AS events_short_description, events.full_description AS events_full_description, events.other_info AS events_other_info, events.cost AS events_cost, events.category AS events_category, events.created_at AS events_created_at, events.is_video AS events_is_video, events.organization_id AS events_organization_id, events.organization_name AS events_organization_name 
FROM events 
WHERE events.organization_id = %(organization_id_1)s AND events.created_at >= %(created_at_1)s AND events.created_at <= %(created_at_2)s
INFO:sqlalchemy.engine.Engine:BEGIN (implicit)
INFO:sqlalchemy.engine.Engine:[cached since 2.678e+05s ago] {'organization_id_1': 10, 'created_at_1': datetime.datetime(2024, 3, 11, 0, 0), 'created_at_2': datetime.datetime(2024, 3, 11, 23, 59, 59)}
INFO:sqlalchemy.engine.Engine:SELECT prayer_times.id AS prayer_times_id, prayer_times.prayer_name AS prayer_times_prayer_name, prayer_times.athan_time AS prayer_times_athan_time, prayer_times.iqama_time AS prayer_times_iqama_time, prayer_times.jumuah_time AS prayer_times_jumuah_time, prayer_times.jumuah_time2 AS prayer_times_jumuah_time2, prayer_times.created_at AS prayer_times_created_at, prayer_times.organization_id AS prayer_times_organization_id, prayer_times.organization_name AS prayer_times_organization_name 
FROM prayer_times 
WHERE prayer_times.organization_id = %(organization_id_1)s AND prayer_times.created_at >= %(created_at_1)s AND prayer_times.created_at <= %(created_at_2)s
INFO:sqlalchemy.engine.Engine:[cached since 2.678e+05s ago] {'organization_id_1': 3, 'created_at_1': datetime.datetime(2024, 3, 11, 0, 0), 'created_at_2': datetime.datetime(2024, 3, 11, 23, 59, 59)}
INFO:sqlalchemy.engine.Engine:ROLLBACK
INFO:werkzeug:127.0.0.1 - - [11/Mar/2024 23:55:51] "GET /api/v1/prayer_times/3 HTTP/1.1" 200 -
INFO:sqlalchemy.engine.Engine:ROLLBACK
INFO:werkzeug:127.0.0.1 - - [11/Mar/2024 23:55:51] "GET /api/v1/events/10 HTTP/1.1" 200 -
INFO:sqlalchemy.engine.Engine:BEGIN (implicit)
INFO:sqlalchemy.engine.Engine:SELECT events.id AS events_id, events.title AS events_title, events.link AS events_link, events.sub_links AS events_sub_links, events.image AS events_image, events.date AS events_date, events.start_time AS events_start_time, events.end_time AS events_end_time, events.location AS events_location, events.short_description AS events_short_description, events.full_description AS events_full_description, events.other_info AS events_other_info, events.cost AS events_cost, events.category AS events_category, events.created_at AS events_created_at, events.is_video AS events_is_video, events.organization_id AS events_organization_id, events.organization_name AS events_organization_name 
FROM events 
WHERE events.organization_id = %(organization_id_1)s AND events.created_at >= %(created_at_1)s AND events.created_at <= %(created_at_2)s
INFO:sqlalchemy.engine.Engine:[cached since 2.678e+05s ago] {'organization_id_1': 4, 'created_at_1': datetime.datetime(2024, 3, 11, 0, 0), 'created_at_2': datetime.datetime(2024, 3, 11, 23, 59, 59)}
INFO:sqlalchemy.engine.Engine:ROLLBACK
INFO:werkzeug:127.0.0.1 - - [11/Mar/2024 23:55:51] "GET /api/v1/events/4 HTTP/1.1" 200 -
INFO:sqlalchemy.engine.Engine:BEGIN (implicit)
INFO:sqlalchemy.engine.Engine:SELECT events.id AS events_id, events.title AS events_title, events.link AS events_link, events.sub_links AS events_sub_links, events.image AS events_image, events.date AS events_date, events.start_time AS events_start_time, events.end_time AS events_end_time, events.location AS events_location, events.short_description AS events_short_description, events.full_description AS events_full_description, events.other_info AS events_other_info, events.cost AS events_cost, events.category AS events_category, events.created_at AS events_created_at, events.is_video AS events_is_video, events.organization_id AS events_organization_id, events.organization_name AS events_organization_name 
FROM events 
WHERE events.organization_id = %(organization_id_1)s AND events.created_at >= %(created_at_1)s AND events.created_at <= %(created_at_2)s
INFO:sqlalchemy.engine.Engine:BEGIN (implicit)
INFO:sqlalchemy.engine.Engine:[cached since 2.697e+05s ago] {'organization_id_1': 10, 'created_at_1': datetime.datetime(2024, 3, 12, 0, 0), 'created_at_2': datetime.datetime(2024, 3, 12, 23, 59, 59)}
INFO:sqlalchemy.engine.Engine:SELECT events.id AS events_id, events.title AS events_title, events.link AS events_link, events.sub_links AS events_sub_links, events.image AS events_image, events.date AS events_date, events.start_time AS events_start_time, events.end_time AS events_end_time, events.location AS events_location, events.short_description AS events_short_description, events.full_description AS events_full_description, events.other_info AS events_other_info, events.cost AS events_cost, events.category AS events_category, events.created_at AS events_created_at, events.is_video AS events_is_video, events.organization_id AS events_organization_id, events.organization_name AS events_organization_name 
FROM events 
WHERE events.organization_id = %(organization_id_1)s AND events.created_at >= %(created_at_1)s AND events.created_at <= %(created_at_2)s
INFO:sqlalchemy.engine.Engine:[cached since 2.697e+05s ago] {'organization_id_1': 10, 'created_at_1': datetime.datetime(2024, 3, 12, 0, 0), 'created_at_2': datetime.datetime(2024, 3, 12, 23, 59, 59)}
INFO:sqlalchemy.engine.Engine:ROLLBACK
INFO:sqlalchemy.engine.Engine:ROLLBACK
INFO:werkzeug:127.0.0.1 - - [12/Mar/2024 00:27:49] "GET /api/v1/events/10 HTTP/1.1" 200 -
INFO:werkzeug:127.0.0.1 - - [12/Mar/2024 00:27:49] "GET /api/v1/events/10 HTTP/1.1" 200 -
INFO:sqlalchemy.engine.Engine:BEGIN (implicit)
INFO:sqlalchemy.engine.Engine:SELECT events.id AS events_id, events.title AS events_title, events.link AS events_link, events.sub_links AS events_sub_links, events.image AS events_image, events.date AS events_date, events.start_time AS events_start_time, events.end_time AS events_end_time, events.location AS events_location, events.short_description AS events_short_description, events.full_description AS events_full_description, events.other_info AS events_other_info, events.cost AS events_cost, events.category AS events_category, events.created_at AS events_created_at, events.is_video AS events_is_video, events.organization_id AS events_organization_id, events.organization_name AS events_organization_name 
FROM events 
WHERE events.organization_id = %(organization_id_1)s AND events.created_at >= %(created_at_1)s AND events.created_at <= %(created_at_2)s
INFO:sqlalchemy.engine.Engine:[cached since 2.697e+05s ago] {'organization_id_1': 4, 'created_at_1': datetime.datetime(2024, 3, 12, 0, 0), 'created_at_2': datetime.datetime(2024, 3, 12, 23, 59, 59)}
INFO:sqlalchemy.engine.Engine:ROLLBACK
INFO:werkzeug:127.0.0.1 - - [12/Mar/2024 00:27:49] "GET /api/v1/events/4 HTTP/1.1" 200 -
INFO:sqlalchemy.engine.Engine:BEGIN (implicit)
INFO:sqlalchemy.engine.Engine:SELECT events.id AS events_id, events.title AS events_title, events.link AS events_link, events.sub_links AS events_sub_links, events.image AS events_image, events.date AS events_date, events.start_time AS events_start_time, events.end_time AS events_end_time, events.location AS events_location, events.short_description AS events_short_description, events.full_description AS events_full_description, events.other_info AS events_other_info, events.cost AS events_cost, events.category AS events_category, events.created_at AS events_created_at, events.is_video AS events_is_video, events.organization_id AS events_organization_id, events.organization_name AS events_organization_name 
FROM events 
WHERE events.organization_id = %(organization_id_1)s AND events.created_at >= %(created_at_1)s AND events.created_at <= %(created_at_2)s
INFO:sqlalchemy.engine.Engine:[cached since 2.697e+05s ago] {'organization_id_1': 4, 'created_at_1': datetime.datetime(2024, 3, 12, 0, 0), 'created_at_2': datetime.datetime(2024, 3, 12, 23, 59, 59)}
INFO:sqlalchemy.engine.Engine:ROLLBACK
INFO:werkzeug:127.0.0.1 - - [12/Mar/2024 00:27:49] "GET /api/v1/events/4 HTTP/1.1" 200 -
INFO:sqlalchemy.engine.Engine:BEGIN (implicit)
INFO:sqlalchemy.engine.Engine:SELECT events.id AS events_id, events.title AS events_title, events.link AS events_link, events.sub_links AS events_sub_links, events.image AS events_image, events.date AS events_date, events.start_time AS events_start_time, events.end_time AS events_end_time, events.location AS events_location, events.short_description AS events_short_description, events.full_description AS events_full_description, events.other_info AS events_other_info, events.cost AS events_cost, events.category AS events_category, events.created_at AS events_created_at, events.is_video AS events_is_video, events.organization_id AS events_organization_id, events.organization_name AS events_organization_name 
FROM events 
WHERE events.organization_id = %(organization_id_1)s AND events.created_at >= %(created_at_1)s AND events.created_at <= %(created_at_2)s
INFO:sqlalchemy.engine.Engine:BEGIN (implicit)
INFO:sqlalchemy.engine.Engine:[cached since 2.697e+05s ago] {'organization_id_1': 10, 'created_at_1': datetime.datetime(2024, 3, 12, 0, 0), 'created_at_2': datetime.datetime(2024, 3, 12, 23, 59, 59)}
INFO:sqlalchemy.engine.Engine:SELECT events.id AS events_id, events.title AS events_title, events.link AS events_link, events.sub_links AS events_sub_links, events.image AS events_image, events.date AS events_date, events.start_time AS events_start_time, events.end_time AS events_end_time, events.location AS events_location, events.short_description AS events_short_description, events.full_description AS events_full_description, events.other_info AS events_other_info, events.cost AS events_cost, events.category AS events_category, events.created_at AS events_created_at, events.is_video AS events_is_video, events.organization_id AS events_organization_id, events.organization_name AS events_organization_name 
FROM events 
WHERE events.organization_id = %(organization_id_1)s AND events.created_at >= %(created_at_1)s AND events.created_at <= %(created_at_2)s
INFO:sqlalchemy.engine.Engine:BEGIN (implicit)
INFO:sqlalchemy.engine.Engine:BEGIN (implicit)
INFO:sqlalchemy.engine.Engine:ROLLBACK
INFO:sqlalchemy.engine.Engine:SELECT prayer_times.id AS prayer_times_id, prayer_times.prayer_name AS prayer_times_prayer_name, prayer_times.athan_time AS prayer_times_athan_time, prayer_times.iqama_time AS prayer_times_iqama_time, prayer_times.jumuah_time AS prayer_times_jumuah_time, prayer_times.jumuah_time2 AS prayer_times_jumuah_time2, prayer_times.created_at AS prayer_times_created_at, prayer_times.organization_id AS prayer_times_organization_id, prayer_times.organization_name AS prayer_times_organization_name 
FROM prayer_times 
WHERE prayer_times.organization_id = %(organization_id_1)s AND prayer_times.created_at >= %(created_at_1)s AND prayer_times.created_at <= %(created_at_2)s
INFO:sqlalchemy.engine.Engine:[cached since 2.697e+05s ago] {'organization_id_1': 3, 'created_at_1': datetime.datetime(2024, 3, 12, 0, 0), 'created_at_2': datetime.datetime(2024, 3, 12, 23, 59, 59)}
INFO:sqlalchemy.engine.Engine:SELECT prayer_times.id AS prayer_times_id, prayer_times.prayer_name AS prayer_times_prayer_name, prayer_times.athan_time AS prayer_times_athan_time, prayer_times.iqama_time AS prayer_times_iqama_time, prayer_times.jumuah_time AS prayer_times_jumuah_time, prayer_times.jumuah_time2 AS prayer_times_jumuah_time2, prayer_times.created_at AS prayer_times_created_at, prayer_times.organization_id AS prayer_times_organization_id, prayer_times.organization_name AS prayer_times_organization_name 
FROM prayer_times 
WHERE prayer_times.organization_id = %(organization_id_1)s AND prayer_times.created_at >= %(created_at_1)s AND prayer_times.created_at <= %(created_at_2)s
INFO:werkzeug:127.0.0.1 - - [12/Mar/2024 00:27:49] "GET /api/v1/events/10 HTTP/1.1" 200 -
INFO:sqlalchemy.engine.Engine:[cached since 2.697e+05s ago] {'organization_id_1': 10, 'created_at_1': datetime.datetime(2024, 3, 12, 0, 0), 'created_at_2': datetime.datetime(2024, 3, 12, 23, 59, 59)}
INFO:sqlalchemy.engine.Engine:[cached since 2.697e+05s ago] {'organization_id_1': 3, 'created_at_1': datetime.datetime(2024, 3, 12, 0, 0), 'created_at_2': datetime.datetime(2024, 3, 12, 23, 59, 59)}
INFO:sqlalchemy.engine.Engine:ROLLBACK
INFO:werkzeug:127.0.0.1 - - [12/Mar/2024 00:27:49] "GET /api/v1/prayer_times/3 HTTP/1.1" 200 -
INFO:sqlalchemy.engine.Engine:ROLLBACK
INFO:werkzeug:127.0.0.1 - - [12/Mar/2024 00:27:49] "GET /api/v1/prayer_times/3 HTTP/1.1" 200 -
INFO:sqlalchemy.engine.Engine:ROLLBACK
INFO:werkzeug:127.0.0.1 - - [12/Mar/2024 00:27:49] "GET /api/v1/events/10 HTTP/1.1" 200 -
INFO:sqlalchemy.engine.Engine:BEGIN (implicit)
INFO:sqlalchemy.engine.Engine:SELECT events.id AS events_id, events.title AS events_title, events.link AS events_link, events.sub_links AS events_sub_links, events.image AS events_image, events.date AS events_date, events.start_time AS events_start_time, events.end_time AS events_end_time, events.location AS events_location, events.short_description AS events_short_description, events.full_description AS events_full_description, events.other_info AS events_other_info, events.cost AS events_cost, events.category AS events_category, events.created_at AS events_created_at, events.is_video AS events_is_video, events.organization_id AS events_organization_id, events.organization_name AS events_organization_name 
FROM events 
WHERE events.organization_id = %(organization_id_1)s AND events.created_at >= %(created_at_1)s AND events.created_at <= %(created_at_2)s
INFO:sqlalchemy.engine.Engine:[cached since 2.697e+05s ago] {'organization_id_1': 4, 'created_at_1': datetime.datetime(2024, 3, 12, 0, 0), 'created_at_2': datetime.datetime(2024, 3, 12, 23, 59, 59)}
INFO:sqlalchemy.engine.Engine:BEGIN (implicit)
INFO:sqlalchemy.engine.Engine:SELECT events.id AS events_id, events.title AS events_title, events.link AS events_link, events.sub_links AS events_sub_links, events.image AS events_image, events.date AS events_date, events.start_time AS events_start_time, events.end_time AS events_end_time, events.location AS events_location, events.short_description AS events_short_description, events.full_description AS events_full_description, events.other_info AS events_other_info, events.cost AS events_cost, events.category AS events_category, events.created_at AS events_created_at, events.is_video AS events_is_video, events.organization_id AS events_organization_id, events.organization_name AS events_organization_name 
FROM events 
WHERE events.organization_id = %(organization_id_1)s AND events.created_at >= %(created_at_1)s AND events.created_at <= %(created_at_2)s
INFO:sqlalchemy.engine.Engine:[cached since 2.697e+05s ago] {'organization_id_1': 4, 'created_at_1': datetime.datetime(2024, 3, 12, 0, 0), 'created_at_2': datetime.datetime(2024, 3, 12, 23, 59, 59)}
INFO:sqlalchemy.engine.Engine:ROLLBACK
INFO:werkzeug:127.0.0.1 - - [12/Mar/2024 00:27:49] "GET /api/v1/events/4 HTTP/1.1" 200 -
INFO:sqlalchemy.engine.Engine:ROLLBACK
INFO:werkzeug:127.0.0.1 - - [12/Mar/2024 00:27:49] "GET /api/v1/events/4 HTTP/1.1" 200 -
INFO:sqlalchemy.engine.Engine:BEGIN (implicit)
INFO:sqlalchemy.engine.Engine:SELECT events.id AS events_id, events.title AS events_title, events.link AS events_link, events.sub_links AS events_sub_links, events.image AS events_image, events.date AS events_date, events.start_time AS events_start_time, events.end_time AS events_end_time, events.location AS events_location, events.short_description AS events_short_description, events.full_description AS events_full_description, events.other_info AS events_other_info, events.cost AS events_cost, events.category AS events_category, events.created_at AS events_created_at, events.is_video AS events_is_video, events.organization_id AS events_organization_id, events.organization_name AS events_organization_name 
FROM events 
WHERE events.organization_id = %(organization_id_1)s AND events.created_at >= %(created_at_1)s AND events.created_at <= %(created_at_2)s
INFO:sqlalchemy.engine.Engine:[cached since 2.698e+05s ago] {'organization_id_1': 10, 'created_at_1': datetime.datetime(2024, 3, 12, 0, 0), 'created_at_2': datetime.datetime(2024, 3, 12, 23, 59, 59)}
INFO:sqlalchemy.engine.Engine:ROLLBACK
INFO:werkzeug:127.0.0.1 - - [12/Mar/2024 00:28:43] "GET /api/v1/events/10 HTTP/1.1" 200 -
INFO:sqlalchemy.engine.Engine:BEGIN (implicit)
INFO:sqlalchemy.engine.Engine:SELECT events.id AS events_id, events.title AS events_title, events.link AS events_link, events.sub_links AS events_sub_links, events.image AS events_image, events.date AS events_date, events.start_time AS events_start_time, events.end_time AS events_end_time, events.location AS events_location, events.short_description AS events_short_description, events.full_description AS events_full_description, events.other_info AS events_other_info, events.cost AS events_cost, events.category AS events_category, events.created_at AS events_created_at, events.is_video AS events_is_video, events.organization_id AS events_organization_id, events.organization_name AS events_organization_name 
FROM events 
WHERE events.organization_id = %(organization_id_1)s AND events.created_at >= %(created_at_1)s AND events.created_at <= %(created_at_2)s
INFO:sqlalchemy.engine.Engine:[cached since 2.698e+05s ago] {'organization_id_1': 10, 'created_at_1': datetime.datetime(2024, 3, 12, 0, 0), 'created_at_2': datetime.datetime(2024, 3, 12, 23, 59, 59)}
INFO:sqlalchemy.engine.Engine:ROLLBACK
INFO:werkzeug:127.0.0.1 - - [12/Mar/2024 00:28:43] "GET /api/v1/events/10 HTTP/1.1" 200 -
INFO:sqlalchemy.engine.Engine:BEGIN (implicit)
INFO:sqlalchemy.engine.Engine:SELECT events.id AS events_id, events.title AS events_title, events.link AS events_link, events.sub_links AS events_sub_links, events.image AS events_image, events.date AS events_date, events.start_time AS events_start_time, events.end_time AS events_end_time, events.location AS events_location, events.short_description AS events_short_description, events.full_description AS events_full_description, events.other_info AS events_other_info, events.cost AS events_cost, events.category AS events_category, events.created_at AS events_created_at, events.is_video AS events_is_video, events.organization_id AS events_organization_id, events.organization_name AS events_organization_name 
FROM events 
WHERE events.organization_id = %(organization_id_1)s AND events.created_at >= %(created_at_1)s AND events.created_at <= %(created_at_2)s
INFO:sqlalchemy.engine.Engine:BEGIN (implicit)
INFO:sqlalchemy.engine.Engine:[cached since 2.698e+05s ago] {'organization_id_1': 4, 'created_at_1': datetime.datetime(2024, 3, 12, 0, 0), 'created_at_2': datetime.datetime(2024, 3, 12, 23, 59, 59)}
INFO:sqlalchemy.engine.Engine:SELECT events.id AS events_id, events.title AS events_title, events.link AS events_link, events.sub_links AS events_sub_links, events.image AS events_image, events.date AS events_date, events.start_time AS events_start_time, events.end_time AS events_end_time, events.location AS events_location, events.short_description AS events_short_description, events.full_description AS events_full_description, events.other_info AS events_other_info, events.cost AS events_cost, events.category AS events_category, events.created_at AS events_created_at, events.is_video AS events_is_video, events.organization_id AS events_organization_id, events.organization_name AS events_organization_name 
FROM events 
WHERE events.organization_id = %(organization_id_1)s AND events.created_at >= %(created_at_1)s AND events.created_at <= %(created_at_2)s
INFO:sqlalchemy.engine.Engine:[cached since 2.698e+05s ago] {'organization_id_1': 4, 'created_at_1': datetime.datetime(2024, 3, 12, 0, 0), 'created_at_2': datetime.datetime(2024, 3, 12, 23, 59, 59)}
INFO:sqlalchemy.engine.Engine:ROLLBACK
INFO:sqlalchemy.engine.Engine:ROLLBACK
INFO:werkzeug:127.0.0.1 - - [12/Mar/2024 00:28:43] "GET /api/v1/events/4 HTTP/1.1" 200 -
INFO:werkzeug:127.0.0.1 - - [12/Mar/2024 00:28:43] "GET /api/v1/events/4 HTTP/1.1" 200 -
INFO:sqlalchemy.engine.Engine:BEGIN (implicit)
INFO:sqlalchemy.engine.Engine:SELECT events.id AS events_id, events.title AS events_title, events.link AS events_link, events.sub_links AS events_sub_links, events.image AS events_image, events.date AS events_date, events.start_time AS events_start_time, events.end_time AS events_end_time, events.location AS events_location, events.short_description AS events_short_description, events.full_description AS events_full_description, events.other_info AS events_other_info, events.cost AS events_cost, events.category AS events_category, events.created_at AS events_created_at, events.is_video AS events_is_video, events.organization_id AS events_organization_id, events.organization_name AS events_organization_name 
FROM events 
WHERE events.organization_id = %(organization_id_1)s AND events.created_at >= %(created_at_1)s AND events.created_at <= %(created_at_2)s
INFO:sqlalchemy.engine.Engine:[cached since 2.698e+05s ago] {'organization_id_1': 10, 'created_at_1': datetime.datetime(2024, 3, 12, 0, 0), 'created_at_2': datetime.datetime(2024, 3, 12, 23, 59, 59)}
INFO:sqlalchemy.engine.Engine:ROLLBACK
INFO:werkzeug:127.0.0.1 - - [12/Mar/2024 00:28:43] "GET /api/v1/events/10 HTTP/1.1" 200 -
INFO:sqlalchemy.engine.Engine:BEGIN (implicit)
INFO:sqlalchemy.engine.Engine:SELECT events.id AS events_id, events.title AS events_title, events.link AS events_link, events.sub_links AS events_sub_links, events.image AS events_image, events.date AS events_date, events.start_time AS events_start_time, events.end_time AS events_end_time, events.location AS events_location, events.short_description AS events_short_description, events.full_description AS events_full_description, events.other_info AS events_other_info, events.cost AS events_cost, events.category AS events_category, events.created_at AS events_created_at, events.is_video AS events_is_video, events.organization_id AS events_organization_id, events.organization_name AS events_organization_name 
FROM events 
WHERE events.organization_id = %(organization_id_1)s AND events.created_at >= %(created_at_1)s AND events.created_at <= %(created_at_2)s
INFO:sqlalchemy.engine.Engine:[cached since 2.698e+05s ago] {'organization_id_1': 10, 'created_at_1': datetime.datetime(2024, 3, 12, 0, 0), 'created_at_2': datetime.datetime(2024, 3, 12, 23, 59, 59)}
INFO:sqlalchemy.engine.Engine:BEGIN (implicit)
INFO:sqlalchemy.engine.Engine:ROLLBACK
INFO:werkzeug:127.0.0.1 - - [12/Mar/2024 00:28:44] "GET /api/v1/events/10 HTTP/1.1" 200 -
INFO:sqlalchemy.engine.Engine:SELECT prayer_times.id AS prayer_times_id, prayer_times.prayer_name AS prayer_times_prayer_name, prayer_times.athan_time AS prayer_times_athan_time, prayer_times.iqama_time AS prayer_times_iqama_time, prayer_times.jumuah_time AS prayer_times_jumuah_time, prayer_times.jumuah_time2 AS prayer_times_jumuah_time2, prayer_times.created_at AS prayer_times_created_at, prayer_times.organization_id AS prayer_times_organization_id, prayer_times.organization_name AS prayer_times_organization_name 
FROM prayer_times 
WHERE prayer_times.organization_id = %(organization_id_1)s AND prayer_times.created_at >= %(created_at_1)s AND prayer_times.created_at <= %(created_at_2)s
INFO:sqlalchemy.engine.Engine:BEGIN (implicit)
INFO:sqlalchemy.engine.Engine:[cached since 2.698e+05s ago] {'organization_id_1': 3, 'created_at_1': datetime.datetime(2024, 3, 12, 0, 0), 'created_at_2': datetime.datetime(2024, 3, 12, 23, 59, 59)}
INFO:sqlalchemy.engine.Engine:SELECT prayer_times.id AS prayer_times_id, prayer_times.prayer_name AS prayer_times_prayer_name, prayer_times.athan_time AS prayer_times_athan_time, prayer_times.iqama_time AS prayer_times_iqama_time, prayer_times.jumuah_time AS prayer_times_jumuah_time, prayer_times.jumuah_time2 AS prayer_times_jumuah_time2, prayer_times.created_at AS prayer_times_created_at, prayer_times.organization_id AS prayer_times_organization_id, prayer_times.organization_name AS prayer_times_organization_name 
FROM prayer_times 
WHERE prayer_times.organization_id = %(organization_id_1)s AND prayer_times.created_at >= %(created_at_1)s AND prayer_times.created_at <= %(created_at_2)s
INFO:sqlalchemy.engine.Engine:[cached since 2.698e+05s ago] {'organization_id_1': 3, 'created_at_1': datetime.datetime(2024, 3, 12, 0, 0), 'created_at_2': datetime.datetime(2024, 3, 12, 23, 59, 59)}
INFO:sqlalchemy.engine.Engine:ROLLBACK
INFO:sqlalchemy.engine.Engine:ROLLBACK
INFO:werkzeug:127.0.0.1 - - [12/Mar/2024 00:28:44] "GET /api/v1/prayer_times/3 HTTP/1.1" 200 -
INFO:werkzeug:127.0.0.1 - - [12/Mar/2024 00:28:44] "GET /api/v1/prayer_times/3 HTTP/1.1" 200 -
INFO:sqlalchemy.engine.Engine:BEGIN (implicit)
INFO:sqlalchemy.engine.Engine:SELECT events.id AS events_id, events.title AS events_title, events.link AS events_link, events.sub_links AS events_sub_links, events.image AS events_image, events.date AS events_date, events.start_time AS events_start_time, events.end_time AS events_end_time, events.location AS events_location, events.short_description AS events_short_description, events.full_description AS events_full_description, events.other_info AS events_other_info, events.cost AS events_cost, events.category AS events_category, events.created_at AS events_created_at, events.is_video AS events_is_video, events.organization_id AS events_organization_id, events.organization_name AS events_organization_name 
FROM events 
WHERE events.organization_id = %(organization_id_1)s AND events.created_at >= %(created_at_1)s AND events.created_at <= %(created_at_2)s
INFO:sqlalchemy.engine.Engine:[cached since 2.698e+05s ago] {'organization_id_1': 4, 'created_at_1': datetime.datetime(2024, 3, 12, 0, 0), 'created_at_2': datetime.datetime(2024, 3, 12, 23, 59, 59)}
INFO:sqlalchemy.engine.Engine:ROLLBACK
INFO:werkzeug:127.0.0.1 - - [12/Mar/2024 00:28:44] "GET /api/v1/events/4 HTTP/1.1" 200 -
INFO:sqlalchemy.engine.Engine:BEGIN (implicit)
INFO:sqlalchemy.engine.Engine:SELECT events.id AS events_id, events.title AS events_title, events.link AS events_link, events.sub_links AS events_sub_links, events.image AS events_image, events.date AS events_date, events.start_time AS events_start_time, events.end_time AS events_end_time, events.location AS events_location, events.short_description AS events_short_description, events.full_description AS events_full_description, events.other_info AS events_other_info, events.cost AS events_cost, events.category AS events_category, events.created_at AS events_created_at, events.is_video AS events_is_video, events.organization_id AS events_organization_id, events.organization_name AS events_organization_name 
FROM events 
WHERE events.organization_id = %(organization_id_1)s AND events.created_at >= %(created_at_1)s AND events.created_at <= %(created_at_2)s
INFO:sqlalchemy.engine.Engine:[cached since 2.698e+05s ago] {'organization_id_1': 4, 'created_at_1': datetime.datetime(2024, 3, 12, 0, 0), 'created_at_2': datetime.datetime(2024, 3, 12, 23, 59, 59)}
INFO:sqlalchemy.engine.Engine:ROLLBACK
INFO:werkzeug:127.0.0.1 - - [12/Mar/2024 00:28:44] "GET /api/v1/events/4 HTTP/1.1" 200 -
INFO:sqlalchemy.engine.Engine:BEGIN (implicit)
INFO:sqlalchemy.engine.Engine:BEGIN (implicit)
INFO:sqlalchemy.engine.Engine:SELECT events.id AS events_id, events.title AS events_title, events.link AS events_link, events.sub_links AS events_sub_links, events.image AS events_image, events.date AS events_date, events.start_time AS events_start_time, events.end_time AS events_end_time, events.location AS events_location, events.short_description AS events_short_description, events.full_description AS events_full_description, events.other_info AS events_other_info, events.cost AS events_cost, events.category AS events_category, events.created_at AS events_created_at, events.is_video AS events_is_video, events.organization_id AS events_organization_id, events.organization_name AS events_organization_name 
FROM events 
WHERE events.organization_id = %(organization_id_1)s AND events.created_at >= %(created_at_1)s AND events.created_at <= %(created_at_2)s
INFO:sqlalchemy.engine.Engine:SELECT events.id AS events_id, events.title AS events_title, events.link AS events_link, events.sub_links AS events_sub_links, events.image AS events_image, events.date AS events_date, events.start_time AS events_start_time, events.end_time AS events_end_time, events.location AS events_location, events.short_description AS events_short_description, events.full_description AS events_full_description, events.other_info AS events_other_info, events.cost AS events_cost, events.category AS events_category, events.created_at AS events_created_at, events.is_video AS events_is_video, events.organization_id AS events_organization_id, events.organization_name AS events_organization_name 
FROM events 
WHERE events.organization_id = %(organization_id_1)s AND events.created_at >= %(created_at_1)s AND events.created_at <= %(created_at_2)s
INFO:sqlalchemy.engine.Engine:[cached since 2.699e+05s ago] {'organization_id_1': 10, 'created_at_1': datetime.datetime(2024, 3, 12, 0, 0), 'created_at_2': datetime.datetime(2024, 3, 12, 23, 59, 59)}
INFO:sqlalchemy.engine.Engine:[cached since 2.699e+05s ago] {'organization_id_1': 10, 'created_at_1': datetime.datetime(2024, 3, 12, 0, 0), 'created_at_2': datetime.datetime(2024, 3, 12, 23, 59, 59)}
INFO:sqlalchemy.engine.Engine:ROLLBACK
INFO:sqlalchemy.engine.Engine:ROLLBACK
INFO:werkzeug:127.0.0.1 - - [12/Mar/2024 00:30:41] "GET /api/v1/events/10 HTTP/1.1" 200 -
INFO:werkzeug:127.0.0.1 - - [12/Mar/2024 00:30:41] "GET /api/v1/events/10 HTTP/1.1" 200 -
INFO:sqlalchemy.engine.Engine:BEGIN (implicit)
INFO:sqlalchemy.engine.Engine:BEGIN (implicit)
INFO:sqlalchemy.engine.Engine:SELECT events.id AS events_id, events.title AS events_title, events.link AS events_link, events.sub_links AS events_sub_links, events.image AS events_image, events.date AS events_date, events.start_time AS events_start_time, events.end_time AS events_end_time, events.location AS events_location, events.short_description AS events_short_description, events.full_description AS events_full_description, events.other_info AS events_other_info, events.cost AS events_cost, events.category AS events_category, events.created_at AS events_created_at, events.is_video AS events_is_video, events.organization_id AS events_organization_id, events.organization_name AS events_organization_name 
FROM events 
WHERE events.organization_id = %(organization_id_1)s AND events.created_at >= %(created_at_1)s AND events.created_at <= %(created_at_2)s
INFO:sqlalchemy.engine.Engine:SELECT events.id AS events_id, events.title AS events_title, events.link AS events_link, events.sub_links AS events_sub_links, events.image AS events_image, events.date AS events_date, events.start_time AS events_start_time, events.end_time AS events_end_time, events.location AS events_location, events.short_description AS events_short_description, events.full_description AS events_full_description, events.other_info AS events_other_info, events.cost AS events_cost, events.category AS events_category, events.created_at AS events_created_at, events.is_video AS events_is_video, events.organization_id AS events_organization_id, events.organization_name AS events_organization_name 
FROM events 
WHERE events.organization_id = %(organization_id_1)s AND events.created_at >= %(created_at_1)s AND events.created_at <= %(created_at_2)s
INFO:sqlalchemy.engine.Engine:[cached since 2.699e+05s ago] {'organization_id_1': 4, 'created_at_1': datetime.datetime(2024, 3, 12, 0, 0), 'created_at_2': datetime.datetime(2024, 3, 12, 23, 59, 59)}
INFO:sqlalchemy.engine.Engine:[cached since 2.699e+05s ago] {'organization_id_1': 4, 'created_at_1': datetime.datetime(2024, 3, 12, 0, 0), 'created_at_2': datetime.datetime(2024, 3, 12, 23, 59, 59)}
INFO:sqlalchemy.engine.Engine:ROLLBACK
INFO:sqlalchemy.engine.Engine:ROLLBACK
INFO:werkzeug:127.0.0.1 - - [12/Mar/2024 00:30:42] "GET /api/v1/events/4 HTTP/1.1" 200 -
INFO:werkzeug:127.0.0.1 - - [12/Mar/2024 00:30:42] "GET /api/v1/events/4 HTTP/1.1" 200 -
INFO:sqlalchemy.engine.Engine:BEGIN (implicit)
INFO:sqlalchemy.engine.Engine:SELECT events.id AS events_id, events.title AS events_title, events.link AS events_link, events.sub_links AS events_sub_links, events.image AS events_image, events.date AS events_date, events.start_time AS events_start_time, events.end_time AS events_end_time, events.location AS events_location, events.short_description AS events_short_description, events.full_description AS events_full_description, events.other_info AS events_other_info, events.cost AS events_cost, events.category AS events_category, events.created_at AS events_created_at, events.is_video AS events_is_video, events.organization_id AS events_organization_id, events.organization_name AS events_organization_name 
FROM events 
WHERE events.organization_id = %(organization_id_1)s AND events.created_at >= %(created_at_1)s AND events.created_at <= %(created_at_2)s
INFO:sqlalchemy.engine.Engine:BEGIN (implicit)
INFO:sqlalchemy.engine.Engine:[cached since 2.699e+05s ago] {'organization_id_1': 10, 'created_at_1': datetime.datetime(2024, 3, 12, 0, 0), 'created_at_2': datetime.datetime(2024, 3, 12, 23, 59, 59)}
INFO:sqlalchemy.engine.Engine:SELECT events.id AS events_id, events.title AS events_title, events.link AS events_link, events.sub_links AS events_sub_links, events.image AS events_image, events.date AS events_date, events.start_time AS events_start_time, events.end_time AS events_end_time, events.location AS events_location, events.short_description AS events_short_description, events.full_description AS events_full_description, events.other_info AS events_other_info, events.cost AS events_cost, events.category AS events_category, events.created_at AS events_created_at, events.is_video AS events_is_video, events.organization_id AS events_organization_id, events.organization_name AS events_organization_name 
FROM events 
WHERE events.organization_id = %(organization_id_1)s AND events.created_at >= %(created_at_1)s AND events.created_at <= %(created_at_2)s
INFO:sqlalchemy.engine.Engine:BEGIN (implicit)
INFO:sqlalchemy.engine.Engine:BEGIN (implicit)
INFO:sqlalchemy.engine.Engine:[cached since 2.699e+05s ago] {'organization_id_1': 10, 'created_at_1': datetime.datetime(2024, 3, 12, 0, 0), 'created_at_2': datetime.datetime(2024, 3, 12, 23, 59, 59)}
INFO:sqlalchemy.engine.Engine:SELECT prayer_times.id AS prayer_times_id, prayer_times.prayer_name AS prayer_times_prayer_name, prayer_times.athan_time AS prayer_times_athan_time, prayer_times.iqama_time AS prayer_times_iqama_time, prayer_times.jumuah_time AS prayer_times_jumuah_time, prayer_times.jumuah_time2 AS prayer_times_jumuah_time2, prayer_times.created_at AS prayer_times_created_at, prayer_times.organization_id AS prayer_times_organization_id, prayer_times.organization_name AS prayer_times_organization_name 
FROM prayer_times 
WHERE prayer_times.organization_id = %(organization_id_1)s AND prayer_times.created_at >= %(created_at_1)s AND prayer_times.created_at <= %(created_at_2)s
INFO:sqlalchemy.engine.Engine:SELECT prayer_times.id AS prayer_times_id, prayer_times.prayer_name AS prayer_times_prayer_name, prayer_times.athan_time AS prayer_times_athan_time, prayer_times.iqama_time AS prayer_times_iqama_time, prayer_times.jumuah_time AS prayer_times_jumuah_time, prayer_times.jumuah_time2 AS prayer_times_jumuah_time2, prayer_times.created_at AS prayer_times_created_at, prayer_times.organization_id AS prayer_times_organization_id, prayer_times.organization_name AS prayer_times_organization_name 
FROM prayer_times 
WHERE prayer_times.organization_id = %(organization_id_1)s AND prayer_times.created_at >= %(created_at_1)s AND prayer_times.created_at <= %(created_at_2)s
INFO:sqlalchemy.engine.Engine:[cached since 2.699e+05s ago] {'organization_id_1': 3, 'created_at_1': datetime.datetime(2024, 3, 12, 0, 0), 'created_at_2': datetime.datetime(2024, 3, 12, 23, 59, 59)}
INFO:sqlalchemy.engine.Engine:[cached since 2.699e+05s ago] {'organization_id_1': 3, 'created_at_1': datetime.datetime(2024, 3, 12, 0, 0), 'created_at_2': datetime.datetime(2024, 3, 12, 23, 59, 59)}
INFO:sqlalchemy.engine.Engine:ROLLBACK
INFO:sqlalchemy.engine.Engine:ROLLBACK
INFO:werkzeug:127.0.0.1 - - [12/Mar/2024 00:30:42] "GET /api/v1/prayer_times/3 HTTP/1.1" 200 -
INFO:sqlalchemy.engine.Engine:ROLLBACK
INFO:werkzeug:127.0.0.1 - - [12/Mar/2024 00:30:42] "GET /api/v1/prayer_times/3 HTTP/1.1" 200 -
INFO:sqlalchemy.engine.Engine:ROLLBACK
INFO:werkzeug:127.0.0.1 - - [12/Mar/2024 00:30:42] "GET /api/v1/events/10 HTTP/1.1" 200 -
INFO:werkzeug:127.0.0.1 - - [12/Mar/2024 00:30:42] "GET /api/v1/events/10 HTTP/1.1" 200 -
INFO:sqlalchemy.engine.Engine:BEGIN (implicit)
INFO:sqlalchemy.engine.Engine:SELECT events.id AS events_id, events.title AS events_title, events.link AS events_link, events.sub_links AS events_sub_links, events.image AS events_image, events.date AS events_date, events.start_time AS events_start_time, events.end_time AS events_end_time, events.location AS events_location, events.short_description AS events_short_description, events.full_description AS events_full_description, events.other_info AS events_other_info, events.cost AS events_cost, events.category AS events_category, events.created_at AS events_created_at, events.is_video AS events_is_video, events.organization_id AS events_organization_id, events.organization_name AS events_organization_name 
FROM events 
WHERE events.organization_id = %(organization_id_1)s AND events.created_at >= %(created_at_1)s AND events.created_at <= %(created_at_2)s
INFO:sqlalchemy.engine.Engine:[cached since 2.699e+05s ago] {'organization_id_1': 4, 'created_at_1': datetime.datetime(2024, 3, 12, 0, 0), 'created_at_2': datetime.datetime(2024, 3, 12, 23, 59, 59)}
INFO:sqlalchemy.engine.Engine:BEGIN (implicit)
INFO:sqlalchemy.engine.Engine:SELECT events.id AS events_id, events.title AS events_title, events.link AS events_link, events.sub_links AS events_sub_links, events.image AS events_image, events.date AS events_date, events.start_time AS events_start_time, events.end_time AS events_end_time, events.location AS events_location, events.short_description AS events_short_description, events.full_description AS events_full_description, events.other_info AS events_other_info, events.cost AS events_cost, events.category AS events_category, events.created_at AS events_created_at, events.is_video AS events_is_video, events.organization_id AS events_organization_id, events.organization_name AS events_organization_name 
FROM events 
WHERE events.organization_id = %(organization_id_1)s AND events.created_at >= %(created_at_1)s AND events.created_at <= %(created_at_2)s
INFO:sqlalchemy.engine.Engine:[cached since 2.699e+05s ago] {'organization_id_1': 4, 'created_at_1': datetime.datetime(2024, 3, 12, 0, 0), 'created_at_2': datetime.datetime(2024, 3, 12, 23, 59, 59)}
INFO:sqlalchemy.engine.Engine:ROLLBACK
INFO:sqlalchemy.engine.Engine:ROLLBACK
INFO:werkzeug:127.0.0.1 - - [12/Mar/2024 00:30:42] "GET /api/v1/events/4 HTTP/1.1" 200 -
INFO:werkzeug:127.0.0.1 - - [12/Mar/2024 00:30:42] "GET /api/v1/events/4 HTTP/1.1" 200 -
INFO:werkzeug:127.0.0.1 - - [12/Mar/2024 00:30:57] "GET /api/v1/organizations HTTP/1.1" 200 -
INFO:werkzeug:127.0.0.1 - - [12/Mar/2024 00:30:57] "GET /api/v1/organizations HTTP/1.1" 200 -
INFO:sqlalchemy.engine.Engine:BEGIN (implicit)
INFO:sqlalchemy.engine.Engine:SELECT events.id AS events_id, events.title AS events_title, events.link AS events_link, events.sub_links AS events_sub_links, events.image AS events_image, events.date AS events_date, events.start_time AS events_start_time, events.end_time AS events_end_time, events.location AS events_location, events.short_description AS events_short_description, events.full_description AS events_full_description, events.other_info AS events_other_info, events.cost AS events_cost, events.category AS events_category, events.created_at AS events_created_at, events.is_video AS events_is_video, events.organization_id AS events_organization_id, events.organization_name AS events_organization_name 
FROM events 
WHERE events.created_at >= %(created_at_1)s AND events.created_at <= %(created_at_2)s
INFO:sqlalchemy.engine.Engine:BEGIN (implicit)
INFO:sqlalchemy.engine.Engine:[cached since 2.699e+05s ago] {'created_at_1': datetime.datetime(2024, 3, 12, 0, 0), 'created_at_2': datetime.datetime(2024, 3, 12, 23, 59, 59)}
INFO:sqlalchemy.engine.Engine:SELECT events.id AS events_id, events.title AS events_title, events.link AS events_link, events.sub_links AS events_sub_links, events.image AS events_image, events.date AS events_date, events.start_time AS events_start_time, events.end_time AS events_end_time, events.location AS events_location, events.short_description AS events_short_description, events.full_description AS events_full_description, events.other_info AS events_other_info, events.cost AS events_cost, events.category AS events_category, events.created_at AS events_created_at, events.is_video AS events_is_video, events.organization_id AS events_organization_id, events.organization_name AS events_organization_name 
FROM events 
WHERE events.created_at >= %(created_at_1)s AND events.created_at <= %(created_at_2)s
INFO:sqlalchemy.engine.Engine:[cached since 2.699e+05s ago] {'created_at_1': datetime.datetime(2024, 3, 12, 0, 0), 'created_at_2': datetime.datetime(2024, 3, 12, 23, 59, 59)}
INFO:sqlalchemy.engine.Engine:ROLLBACK
INFO:sqlalchemy.engine.Engine:ROLLBACK
INFO:werkzeug:127.0.0.1 - - [12/Mar/2024 00:30:57] "GET /api/v1/events HTTP/1.1" 200 -
INFO:werkzeug:127.0.0.1 - - [12/Mar/2024 00:30:57] "GET /api/v1/events HTTP/1.1" 200 -
INFO:sqlalchemy.engine.Engine:BEGIN (implicit)
INFO:sqlalchemy.engine.Engine:SELECT events.id AS events_id, events.title AS events_title, events.link AS events_link, events.sub_links AS events_sub_links, events.image AS events_image, events.date AS events_date, events.start_time AS events_start_time, events.end_time AS events_end_time, events.location AS events_location, events.short_description AS events_short_description, events.full_description AS events_full_description, events.other_info AS events_other_info, events.cost AS events_cost, events.category AS events_category, events.created_at AS events_created_at, events.is_video AS events_is_video, events.organization_id AS events_organization_id, events.organization_name AS events_organization_name 
FROM events 
WHERE events.organization_id = %(organization_id_1)s AND events.created_at >= %(created_at_1)s AND events.created_at <= %(created_at_2)s
INFO:sqlalchemy.engine.Engine:BEGIN (implicit)
INFO:sqlalchemy.engine.Engine:[cached since 2.699e+05s ago] {'organization_id_1': 10, 'created_at_1': datetime.datetime(2024, 3, 12, 0, 0), 'created_at_2': datetime.datetime(2024, 3, 12, 23, 59, 59)}
INFO:sqlalchemy.engine.Engine:SELECT events.id AS events_id, events.title AS events_title, events.link AS events_link, events.sub_links AS events_sub_links, events.image AS events_image, events.date AS events_date, events.start_time AS events_start_time, events.end_time AS events_end_time, events.location AS events_location, events.short_description AS events_short_description, events.full_description AS events_full_description, events.other_info AS events_other_info, events.cost AS events_cost, events.category AS events_category, events.created_at AS events_created_at, events.is_video AS events_is_video, events.organization_id AS events_organization_id, events.organization_name AS events_organization_name 
FROM events 
WHERE events.organization_id = %(organization_id_1)s AND events.created_at >= %(created_at_1)s AND events.created_at <= %(created_at_2)s
INFO:sqlalchemy.engine.Engine:[cached since 2.699e+05s ago] {'organization_id_1': 10, 'created_at_1': datetime.datetime(2024, 3, 12, 0, 0), 'created_at_2': datetime.datetime(2024, 3, 12, 23, 59, 59)}
INFO:sqlalchemy.engine.Engine:ROLLBACK
INFO:sqlalchemy.engine.Engine:ROLLBACK
INFO:werkzeug:127.0.0.1 - - [12/Mar/2024 00:30:58] "GET /api/v1/events/10 HTTP/1.1" 200 -
INFO:werkzeug:127.0.0.1 - - [12/Mar/2024 00:30:58] "GET /api/v1/events/10 HTTP/1.1" 200 -
INFO:sqlalchemy.engine.Engine:BEGIN (implicit)
INFO:sqlalchemy.engine.Engine:SELECT events.id AS events_id, events.title AS events_title, events.link AS events_link, events.sub_links AS events_sub_links, events.image AS events_image, events.date AS events_date, events.start_time AS events_start_time, events.end_time AS events_end_time, events.location AS events_location, events.short_description AS events_short_description, events.full_description AS events_full_description, events.other_info AS events_other_info, events.cost AS events_cost, events.category AS events_category, events.created_at AS events_created_at, events.is_video AS events_is_video, events.organization_id AS events_organization_id, events.organization_name AS events_organization_name 
FROM events 
WHERE events.organization_id = %(organization_id_1)s AND events.created_at >= %(created_at_1)s AND events.created_at <= %(created_at_2)s
INFO:sqlalchemy.engine.Engine:[cached since 2.699e+05s ago] {'organization_id_1': 4, 'created_at_1': datetime.datetime(2024, 3, 12, 0, 0), 'created_at_2': datetime.datetime(2024, 3, 12, 23, 59, 59)}
INFO:sqlalchemy.engine.Engine:ROLLBACK
INFO:sqlalchemy.engine.Engine:BEGIN (implicit)
INFO:werkzeug:127.0.0.1 - - [12/Mar/2024 00:30:59] "GET /api/v1/events/4 HTTP/1.1" 200 -
INFO:sqlalchemy.engine.Engine:SELECT events.id AS events_id, events.title AS events_title, events.link AS events_link, events.sub_links AS events_sub_links, events.image AS events_image, events.date AS events_date, events.start_time AS events_start_time, events.end_time AS events_end_time, events.location AS events_location, events.short_description AS events_short_description, events.full_description AS events_full_description, events.other_info AS events_other_info, events.cost AS events_cost, events.category AS events_category, events.created_at AS events_created_at, events.is_video AS events_is_video, events.organization_id AS events_organization_id, events.organization_name AS events_organization_name 
FROM events 
WHERE events.organization_id = %(organization_id_1)s AND events.created_at >= %(created_at_1)s AND events.created_at <= %(created_at_2)s
INFO:sqlalchemy.engine.Engine:[cached since 2.699e+05s ago] {'organization_id_1': 4, 'created_at_1': datetime.datetime(2024, 3, 12, 0, 0), 'created_at_2': datetime.datetime(2024, 3, 12, 23, 59, 59)}
INFO:sqlalchemy.engine.Engine:ROLLBACK
INFO:werkzeug:127.0.0.1 - - [12/Mar/2024 00:30:59] "GET /api/v1/events/4 HTTP/1.1" 200 -
INFO:sqlalchemy.engine.Engine:BEGIN (implicit)
INFO:sqlalchemy.engine.Engine:SELECT events.id AS events_id, events.title AS events_title, events.link AS events_link, events.sub_links AS events_sub_links, events.image AS events_image, events.date AS events_date, events.start_time AS events_start_time, events.end_time AS events_end_time, events.location AS events_location, events.short_description AS events_short_description, events.full_description AS events_full_description, events.other_info AS events_other_info, events.cost AS events_cost, events.category AS events_category, events.created_at AS events_created_at, events.is_video AS events_is_video, events.organization_id AS events_organization_id, events.organization_name AS events_organization_name 
FROM events 
WHERE events.organization_id = %(organization_id_1)s AND events.created_at >= %(created_at_1)s AND events.created_at <= %(created_at_2)s
INFO:sqlalchemy.engine.Engine:BEGIN (implicit)
INFO:sqlalchemy.engine.Engine:[cached since 2.699e+05s ago] {'organization_id_1': 10, 'created_at_1': datetime.datetime(2024, 3, 12, 0, 0), 'created_at_2': datetime.datetime(2024, 3, 12, 23, 59, 59)}
INFO:sqlalchemy.engine.Engine:SELECT prayer_times.id AS prayer_times_id, prayer_times.prayer_name AS prayer_times_prayer_name, prayer_times.athan_time AS prayer_times_athan_time, prayer_times.iqama_time AS prayer_times_iqama_time, prayer_times.jumuah_time AS prayer_times_jumuah_time, prayer_times.jumuah_time2 AS prayer_times_jumuah_time2, prayer_times.created_at AS prayer_times_created_at, prayer_times.organization_id AS prayer_times_organization_id, prayer_times.organization_name AS prayer_times_organization_name 
FROM prayer_times 
WHERE prayer_times.organization_id = %(organization_id_1)s AND prayer_times.created_at >= %(created_at_1)s AND prayer_times.created_at <= %(created_at_2)s
INFO:sqlalchemy.engine.Engine:BEGIN (implicit)
INFO:sqlalchemy.engine.Engine:[cached since 2.699e+05s ago] {'organization_id_1': 3, 'created_at_1': datetime.datetime(2024, 3, 12, 0, 0), 'created_at_2': datetime.datetime(2024, 3, 12, 23, 59, 59)}
INFO:sqlalchemy.engine.Engine:SELECT events.id AS events_id, events.title AS events_title, events.link AS events_link, events.sub_links AS events_sub_links, events.image AS events_image, events.date AS events_date, events.start_time AS events_start_time, events.end_time AS events_end_time, events.location AS events_location, events.short_description AS events_short_description, events.full_description AS events_full_description, events.other_info AS events_other_info, events.cost AS events_cost, events.category AS events_category, events.created_at AS events_created_at, events.is_video AS events_is_video, events.organization_id AS events_organization_id, events.organization_name AS events_organization_name 
FROM events 
WHERE events.organization_id = %(organization_id_1)s AND events.created_at >= %(created_at_1)s AND events.created_at <= %(created_at_2)s
INFO:sqlalchemy.engine.Engine:BEGIN (implicit)
INFO:sqlalchemy.engine.Engine:[cached since 2.699e+05s ago] {'organization_id_1': 10, 'created_at_1': datetime.datetime(2024, 3, 12, 0, 0), 'created_at_2': datetime.datetime(2024, 3, 12, 23, 59, 59)}
INFO:sqlalchemy.engine.Engine:SELECT prayer_times.id AS prayer_times_id, prayer_times.prayer_name AS prayer_times_prayer_name, prayer_times.athan_time AS prayer_times_athan_time, prayer_times.iqama_time AS prayer_times_iqama_time, prayer_times.jumuah_time AS prayer_times_jumuah_time, prayer_times.jumuah_time2 AS prayer_times_jumuah_time2, prayer_times.created_at AS prayer_times_created_at, prayer_times.organization_id AS prayer_times_organization_id, prayer_times.organization_name AS prayer_times_organization_name 
FROM prayer_times 
WHERE prayer_times.organization_id = %(organization_id_1)s AND prayer_times.created_at >= %(created_at_1)s AND prayer_times.created_at <= %(created_at_2)s
INFO:sqlalchemy.engine.Engine:ROLLBACK
INFO:sqlalchemy.engine.Engine:ROLLBACK
INFO:werkzeug:127.0.0.1 - - [12/Mar/2024 00:30:59] "GET /api/v1/prayer_times/3 HTTP/1.1" 200 -
INFO:werkzeug:127.0.0.1 - - [12/Mar/2024 00:30:59] "GET /api/v1/events/10 HTTP/1.1" 200 -
INFO:sqlalchemy.engine.Engine:[cached since 2.699e+05s ago] {'organization_id_1': 3, 'created_at_1': datetime.datetime(2024, 3, 12, 0, 0), 'created_at_2': datetime.datetime(2024, 3, 12, 23, 59, 59)}
INFO:sqlalchemy.engine.Engine:ROLLBACK
INFO:werkzeug:127.0.0.1 - - [12/Mar/2024 00:30:59] "GET /api/v1/events/10 HTTP/1.1" 200 -
INFO:sqlalchemy.engine.Engine:ROLLBACK
INFO:werkzeug:127.0.0.1 - - [12/Mar/2024 00:30:59] "GET /api/v1/prayer_times/3 HTTP/1.1" 200 -
INFO:sqlalchemy.engine.Engine:BEGIN (implicit)
INFO:sqlalchemy.engine.Engine:BEGIN (implicit)
INFO:sqlalchemy.engine.Engine:SELECT events.id AS events_id, events.title AS events_title, events.link AS events_link, events.sub_links AS events_sub_links, events.image AS events_image, events.date AS events_date, events.start_time AS events_start_time, events.end_time AS events_end_time, events.location AS events_location, events.short_description AS events_short_description, events.full_description AS events_full_description, events.other_info AS events_other_info, events.cost AS events_cost, events.category AS events_category, events.created_at AS events_created_at, events.is_video AS events_is_video, events.organization_id AS events_organization_id, events.organization_name AS events_organization_name 
FROM events 
WHERE events.organization_id = %(organization_id_1)s AND events.created_at >= %(created_at_1)s AND events.created_at <= %(created_at_2)s
INFO:sqlalchemy.engine.Engine:SELECT events.id AS events_id, events.title AS events_title, events.link AS events_link, events.sub_links AS events_sub_links, events.image AS events_image, events.date AS events_date, events.start_time AS events_start_time, events.end_time AS events_end_time, events.location AS events_location, events.short_description AS events_short_description, events.full_description AS events_full_description, events.other_info AS events_other_info, events.cost AS events_cost, events.category AS events_category, events.created_at AS events_created_at, events.is_video AS events_is_video, events.organization_id AS events_organization_id, events.organization_name AS events_organization_name 
FROM events 
WHERE events.organization_id = %(organization_id_1)s AND events.created_at >= %(created_at_1)s AND events.created_at <= %(created_at_2)s
INFO:sqlalchemy.engine.Engine:[cached since 2.699e+05s ago] {'organization_id_1': 4, 'created_at_1': datetime.datetime(2024, 3, 12, 0, 0), 'created_at_2': datetime.datetime(2024, 3, 12, 23, 59, 59)}
INFO:sqlalchemy.engine.Engine:[cached since 2.699e+05s ago] {'organization_id_1': 4, 'created_at_1': datetime.datetime(2024, 3, 12, 0, 0), 'created_at_2': datetime.datetime(2024, 3, 12, 23, 59, 59)}
INFO:sqlalchemy.engine.Engine:ROLLBACK
INFO:sqlalchemy.engine.Engine:ROLLBACK
INFO:werkzeug:127.0.0.1 - - [12/Mar/2024 00:30:59] "GET /api/v1/events/4 HTTP/1.1" 200 -
INFO:werkzeug:127.0.0.1 - - [12/Mar/2024 00:30:59] "GET /api/v1/events/4 HTTP/1.1" 200 -
INFO:sqlalchemy.engine.Engine:BEGIN (implicit)
INFO:sqlalchemy.engine.Engine:SELECT events.id AS events_id, events.title AS events_title, events.link AS events_link, events.sub_links AS events_sub_links, events.image AS events_image, events.date AS events_date, events.start_time AS events_start_time, events.end_time AS events_end_time, events.location AS events_location, events.short_description AS events_short_description, events.full_description AS events_full_description, events.other_info AS events_other_info, events.cost AS events_cost, events.category AS events_category, events.created_at AS events_created_at, events.is_video AS events_is_video, events.organization_id AS events_organization_id, events.organization_name AS events_organization_name 
FROM events 
WHERE events.organization_id = %(organization_id_1)s AND events.created_at >= %(created_at_1)s AND events.created_at <= %(created_at_2)s
INFO:sqlalchemy.engine.Engine:[cached since 3.13e+05s ago] {'organization_id_1': 10, 'created_at_1': datetime.datetime(2024, 3, 12, 0, 0), 'created_at_2': datetime.datetime(2024, 3, 12, 23, 59, 59)}
INFO:sqlalchemy.engine.Engine:BEGIN (implicit)
INFO:sqlalchemy.engine.Engine:SELECT events.id AS events_id, events.title AS events_title, events.link AS events_link, events.sub_links AS events_sub_links, events.image AS events_image, events.date AS events_date, events.start_time AS events_start_time, events.end_time AS events_end_time, events.location AS events_location, events.short_description AS events_short_description, events.full_description AS events_full_description, events.other_info AS events_other_info, events.cost AS events_cost, events.category AS events_category, events.created_at AS events_created_at, events.is_video AS events_is_video, events.organization_id AS events_organization_id, events.organization_name AS events_organization_name 
FROM events 
WHERE events.organization_id = %(organization_id_1)s AND events.created_at >= %(created_at_1)s AND events.created_at <= %(created_at_2)s
INFO:sqlalchemy.engine.Engine:[cached since 3.13e+05s ago] {'organization_id_1': 10, 'created_at_1': datetime.datetime(2024, 3, 12, 0, 0), 'created_at_2': datetime.datetime(2024, 3, 12, 23, 59, 59)}
INFO:sqlalchemy.engine.Engine:ROLLBACK
INFO:werkzeug:127.0.0.1 - - [12/Mar/2024 12:29:51] "GET /api/v1/events/10 HTTP/1.1" 200 -
INFO:sqlalchemy.engine.Engine:ROLLBACK
INFO:werkzeug:127.0.0.1 - - [12/Mar/2024 12:29:51] "GET /api/v1/events/10 HTTP/1.1" 200 -
INFO:sqlalchemy.engine.Engine:BEGIN (implicit)
INFO:sqlalchemy.engine.Engine:SELECT events.id AS events_id, events.title AS events_title, events.link AS events_link, events.sub_links AS events_sub_links, events.image AS events_image, events.date AS events_date, events.start_time AS events_start_time, events.end_time AS events_end_time, events.location AS events_location, events.short_description AS events_short_description, events.full_description AS events_full_description, events.other_info AS events_other_info, events.cost AS events_cost, events.category AS events_category, events.created_at AS events_created_at, events.is_video AS events_is_video, events.organization_id AS events_organization_id, events.organization_name AS events_organization_name 
FROM events 
WHERE events.organization_id = %(organization_id_1)s AND events.created_at >= %(created_at_1)s AND events.created_at <= %(created_at_2)s
INFO:sqlalchemy.engine.Engine:BEGIN (implicit)
INFO:sqlalchemy.engine.Engine:[cached since 3.13e+05s ago] {'organization_id_1': 4, 'created_at_1': datetime.datetime(2024, 3, 12, 0, 0), 'created_at_2': datetime.datetime(2024, 3, 12, 23, 59, 59)}
INFO:sqlalchemy.engine.Engine:SELECT events.id AS events_id, events.title AS events_title, events.link AS events_link, events.sub_links AS events_sub_links, events.image AS events_image, events.date AS events_date, events.start_time AS events_start_time, events.end_time AS events_end_time, events.location AS events_location, events.short_description AS events_short_description, events.full_description AS events_full_description, events.other_info AS events_other_info, events.cost AS events_cost, events.category AS events_category, events.created_at AS events_created_at, events.is_video AS events_is_video, events.organization_id AS events_organization_id, events.organization_name AS events_organization_name 
FROM events 
WHERE events.organization_id = %(organization_id_1)s AND events.created_at >= %(created_at_1)s AND events.created_at <= %(created_at_2)s
INFO:sqlalchemy.engine.Engine:[cached since 3.13e+05s ago] {'organization_id_1': 4, 'created_at_1': datetime.datetime(2024, 3, 12, 0, 0), 'created_at_2': datetime.datetime(2024, 3, 12, 23, 59, 59)}
INFO:sqlalchemy.engine.Engine:ROLLBACK
INFO:sqlalchemy.engine.Engine:ROLLBACK
INFO:werkzeug:127.0.0.1 - - [12/Mar/2024 12:29:52] "GET /api/v1/events/4 HTTP/1.1" 200 -
INFO:werkzeug:127.0.0.1 - - [12/Mar/2024 12:29:52] "GET /api/v1/events/4 HTTP/1.1" 200 -
INFO:sqlalchemy.engine.Engine:BEGIN (implicit)
INFO:sqlalchemy.engine.Engine:SELECT events.id AS events_id, events.title AS events_title, events.link AS events_link, events.sub_links AS events_sub_links, events.image AS events_image, events.date AS events_date, events.start_time AS events_start_time, events.end_time AS events_end_time, events.location AS events_location, events.short_description AS events_short_description, events.full_description AS events_full_description, events.other_info AS events_other_info, events.cost AS events_cost, events.category AS events_category, events.created_at AS events_created_at, events.is_video AS events_is_video, events.organization_id AS events_organization_id, events.organization_name AS events_organization_name 
FROM events 
WHERE events.organization_id = %(organization_id_1)s AND events.created_at >= %(created_at_1)s AND events.created_at <= %(created_at_2)s
INFO:sqlalchemy.engine.Engine:[cached since 3.13e+05s ago] {'organization_id_1': 10, 'created_at_1': datetime.datetime(2024, 3, 12, 0, 0), 'created_at_2': datetime.datetime(2024, 3, 12, 23, 59, 59)}
INFO:sqlalchemy.engine.Engine:ROLLBACK
INFO:werkzeug:127.0.0.1 - - [12/Mar/2024 12:29:52] "GET /api/v1/events/10 HTTP/1.1" 200 -
INFO:sqlalchemy.engine.Engine:BEGIN (implicit)
INFO:sqlalchemy.engine.Engine:BEGIN (implicit)
INFO:sqlalchemy.engine.Engine:SELECT events.id AS events_id, events.title AS events_title, events.link AS events_link, events.sub_links AS events_sub_links, events.image AS events_image, events.date AS events_date, events.start_time AS events_start_time, events.end_time AS events_end_time, events.location AS events_location, events.short_description AS events_short_description, events.full_description AS events_full_description, events.other_info AS events_other_info, events.cost AS events_cost, events.category AS events_category, events.created_at AS events_created_at, events.is_video AS events_is_video, events.organization_id AS events_organization_id, events.organization_name AS events_organization_name 
FROM events 
WHERE events.organization_id = %(organization_id_1)s AND events.created_at >= %(created_at_1)s AND events.created_at <= %(created_at_2)s
INFO:sqlalchemy.engine.Engine:SELECT prayer_times.id AS prayer_times_id, prayer_times.prayer_name AS prayer_times_prayer_name, prayer_times.athan_time AS prayer_times_athan_time, prayer_times.iqama_time AS prayer_times_iqama_time, prayer_times.jumuah_time AS prayer_times_jumuah_time, prayer_times.jumuah_time2 AS prayer_times_jumuah_time2, prayer_times.created_at AS prayer_times_created_at, prayer_times.organization_id AS prayer_times_organization_id, prayer_times.organization_name AS prayer_times_organization_name 
FROM prayer_times 
WHERE prayer_times.organization_id = %(organization_id_1)s AND prayer_times.created_at >= %(created_at_1)s AND prayer_times.created_at <= %(created_at_2)s
INFO:sqlalchemy.engine.Engine:BEGIN (implicit)
INFO:sqlalchemy.engine.Engine:[cached since 3.13e+05s ago] {'organization_id_1': 10, 'created_at_1': datetime.datetime(2024, 3, 12, 0, 0), 'created_at_2': datetime.datetime(2024, 3, 12, 23, 59, 59)}
INFO:sqlalchemy.engine.Engine:[cached since 3.13e+05s ago] {'organization_id_1': 3, 'created_at_1': datetime.datetime(2024, 3, 12, 0, 0), 'created_at_2': datetime.datetime(2024, 3, 12, 23, 59, 59)}
INFO:sqlalchemy.engine.Engine:SELECT prayer_times.id AS prayer_times_id, prayer_times.prayer_name AS prayer_times_prayer_name, prayer_times.athan_time AS prayer_times_athan_time, prayer_times.iqama_time AS prayer_times_iqama_time, prayer_times.jumuah_time AS prayer_times_jumuah_time, prayer_times.jumuah_time2 AS prayer_times_jumuah_time2, prayer_times.created_at AS prayer_times_created_at, prayer_times.organization_id AS prayer_times_organization_id, prayer_times.organization_name AS prayer_times_organization_name 
FROM prayer_times 
WHERE prayer_times.organization_id = %(organization_id_1)s AND prayer_times.created_at >= %(created_at_1)s AND prayer_times.created_at <= %(created_at_2)s
INFO:sqlalchemy.engine.Engine:[cached since 3.13e+05s ago] {'organization_id_1': 3, 'created_at_1': datetime.datetime(2024, 3, 12, 0, 0), 'created_at_2': datetime.datetime(2024, 3, 12, 23, 59, 59)}
INFO:sqlalchemy.engine.Engine:ROLLBACK
INFO:werkzeug:127.0.0.1 - - [12/Mar/2024 12:29:52] "GET /api/v1/prayer_times/3 HTTP/1.1" 200 -
INFO:sqlalchemy.engine.Engine:ROLLBACK
INFO:sqlalchemy.engine.Engine:ROLLBACK
INFO:werkzeug:127.0.0.1 - - [12/Mar/2024 12:29:52] "GET /api/v1/prayer_times/3 HTTP/1.1" 200 -
INFO:werkzeug:127.0.0.1 - - [12/Mar/2024 12:29:52] "GET /api/v1/events/10 HTTP/1.1" 200 -
INFO:sqlalchemy.engine.Engine:BEGIN (implicit)
INFO:sqlalchemy.engine.Engine:SELECT events.id AS events_id, events.title AS events_title, events.link AS events_link, events.sub_links AS events_sub_links, events.image AS events_image, events.date AS events_date, events.start_time AS events_start_time, events.end_time AS events_end_time, events.location AS events_location, events.short_description AS events_short_description, events.full_description AS events_full_description, events.other_info AS events_other_info, events.cost AS events_cost, events.category AS events_category, events.created_at AS events_created_at, events.is_video AS events_is_video, events.organization_id AS events_organization_id, events.organization_name AS events_organization_name 
FROM events 
WHERE events.organization_id = %(organization_id_1)s AND events.created_at >= %(created_at_1)s AND events.created_at <= %(created_at_2)s
INFO:sqlalchemy.engine.Engine:[cached since 3.13e+05s ago] {'organization_id_1': 4, 'created_at_1': datetime.datetime(2024, 3, 12, 0, 0), 'created_at_2': datetime.datetime(2024, 3, 12, 23, 59, 59)}
INFO:sqlalchemy.engine.Engine:ROLLBACK
INFO:werkzeug:127.0.0.1 - - [12/Mar/2024 12:29:52] "GET /api/v1/events/4 HTTP/1.1" 200 -
INFO:sqlalchemy.engine.Engine:BEGIN (implicit)
INFO:sqlalchemy.engine.Engine:SELECT events.id AS events_id, events.title AS events_title, events.link AS events_link, events.sub_links AS events_sub_links, events.image AS events_image, events.date AS events_date, events.start_time AS events_start_time, events.end_time AS events_end_time, events.location AS events_location, events.short_description AS events_short_description, events.full_description AS events_full_description, events.other_info AS events_other_info, events.cost AS events_cost, events.category AS events_category, events.created_at AS events_created_at, events.is_video AS events_is_video, events.organization_id AS events_organization_id, events.organization_name AS events_organization_name 
FROM events 
WHERE events.organization_id = %(organization_id_1)s AND events.created_at >= %(created_at_1)s AND events.created_at <= %(created_at_2)s
INFO:sqlalchemy.engine.Engine:[cached since 3.13e+05s ago] {'organization_id_1': 4, 'created_at_1': datetime.datetime(2024, 3, 12, 0, 0), 'created_at_2': datetime.datetime(2024, 3, 12, 23, 59, 59)}
INFO:sqlalchemy.engine.Engine:ROLLBACK
INFO:werkzeug:127.0.0.1 - - [12/Mar/2024 12:29:52] "GET /api/v1/events/4 HTTP/1.1" 200 -
INFO:sqlalchemy.engine.Engine:BEGIN (implicit)
INFO:sqlalchemy.engine.Engine:BEGIN (implicit)
INFO:sqlalchemy.engine.Engine:SELECT events.id AS events_id, events.title AS events_title, events.link AS events_link, events.sub_links AS events_sub_links, events.image AS events_image, events.date AS events_date, events.start_time AS events_start_time, events.end_time AS events_end_time, events.location AS events_location, events.short_description AS events_short_description, events.full_description AS events_full_description, events.other_info AS events_other_info, events.cost AS events_cost, events.category AS events_category, events.created_at AS events_created_at, events.is_video AS events_is_video, events.organization_id AS events_organization_id, events.organization_name AS events_organization_name 
FROM events 
WHERE events.organization_id = %(organization_id_1)s AND events.created_at >= %(created_at_1)s AND events.created_at <= %(created_at_2)s
INFO:sqlalchemy.engine.Engine:SELECT events.id AS events_id, events.title AS events_title, events.link AS events_link, events.sub_links AS events_sub_links, events.image AS events_image, events.date AS events_date, events.start_time AS events_start_time, events.end_time AS events_end_time, events.location AS events_location, events.short_description AS events_short_description, events.full_description AS events_full_description, events.other_info AS events_other_info, events.cost AS events_cost, events.category AS events_category, events.created_at AS events_created_at, events.is_video AS events_is_video, events.organization_id AS events_organization_id, events.organization_name AS events_organization_name 
FROM events 
WHERE events.organization_id = %(organization_id_1)s AND events.created_at >= %(created_at_1)s AND events.created_at <= %(created_at_2)s
INFO:sqlalchemy.engine.Engine:[cached since 3.22e+05s ago] {'organization_id_1': 10, 'created_at_1': datetime.datetime(2024, 3, 12, 0, 0), 'created_at_2': datetime.datetime(2024, 3, 12, 23, 59, 59)}
INFO:sqlalchemy.engine.Engine:[cached since 3.22e+05s ago] {'organization_id_1': 10, 'created_at_1': datetime.datetime(2024, 3, 12, 0, 0), 'created_at_2': datetime.datetime(2024, 3, 12, 23, 59, 59)}
INFO:sqlalchemy.engine.Engine:ROLLBACK
INFO:sqlalchemy.engine.Engine:ROLLBACK
INFO:werkzeug:127.0.0.1 - - [12/Mar/2024 14:58:39] "GET /api/v1/events/10 HTTP/1.1" 200 -
INFO:werkzeug:127.0.0.1 - - [12/Mar/2024 14:58:39] "GET /api/v1/events/10 HTTP/1.1" 200 -
INFO:werkzeug:127.0.0.1 - - [12/Mar/2024 14:58:39] "GET /logo.png HTTP/1.1" 200 -
INFO:sqlalchemy.engine.Engine:BEGIN (implicit)
INFO:sqlalchemy.engine.Engine:SELECT events.id AS events_id, events.title AS events_title, events.link AS events_link, events.sub_links AS events_sub_links, events.image AS events_image, events.date AS events_date, events.start_time AS events_start_time, events.end_time AS events_end_time, events.location AS events_location, events.short_description AS events_short_description, events.full_description AS events_full_description, events.other_info AS events_other_info, events.cost AS events_cost, events.category AS events_category, events.created_at AS events_created_at, events.is_video AS events_is_video, events.organization_id AS events_organization_id, events.organization_name AS events_organization_name 
FROM events 
WHERE events.organization_id = %(organization_id_1)s AND events.created_at >= %(created_at_1)s AND events.created_at <= %(created_at_2)s
INFO:sqlalchemy.engine.Engine:BEGIN (implicit)
INFO:sqlalchemy.engine.Engine:[cached since 3.22e+05s ago] {'organization_id_1': 4, 'created_at_1': datetime.datetime(2024, 3, 12, 0, 0), 'created_at_2': datetime.datetime(2024, 3, 12, 23, 59, 59)}
INFO:sqlalchemy.engine.Engine:SELECT events.id AS events_id, events.title AS events_title, events.link AS events_link, events.sub_links AS events_sub_links, events.image AS events_image, events.date AS events_date, events.start_time AS events_start_time, events.end_time AS events_end_time, events.location AS events_location, events.short_description AS events_short_description, events.full_description AS events_full_description, events.other_info AS events_other_info, events.cost AS events_cost, events.category AS events_category, events.created_at AS events_created_at, events.is_video AS events_is_video, events.organization_id AS events_organization_id, events.organization_name AS events_organization_name 
FROM events 
WHERE events.organization_id = %(organization_id_1)s AND events.created_at >= %(created_at_1)s AND events.created_at <= %(created_at_2)s
INFO:sqlalchemy.engine.Engine:[cached since 3.22e+05s ago] {'organization_id_1': 4, 'created_at_1': datetime.datetime(2024, 3, 12, 0, 0), 'created_at_2': datetime.datetime(2024, 3, 12, 23, 59, 59)}
INFO:sqlalchemy.engine.Engine:ROLLBACK
INFO:sqlalchemy.engine.Engine:ROLLBACK
INFO:werkzeug:127.0.0.1 - - [12/Mar/2024 14:58:40] "GET /api/v1/events/4 HTTP/1.1" 200 -
INFO:werkzeug:127.0.0.1 - - [12/Mar/2024 14:58:40] "GET /api/v1/events/4 HTTP/1.1" 200 -
INFO:sqlalchemy.engine.Engine:BEGIN (implicit)
INFO:sqlalchemy.engine.Engine:SELECT events.id AS events_id, events.title AS events_title, events.link AS events_link, events.sub_links AS events_sub_links, events.image AS events_image, events.date AS events_date, events.start_time AS events_start_time, events.end_time AS events_end_time, events.location AS events_location, events.short_description AS events_short_description, events.full_description AS events_full_description, events.other_info AS events_other_info, events.cost AS events_cost, events.category AS events_category, events.created_at AS events_created_at, events.is_video AS events_is_video, events.organization_id AS events_organization_id, events.organization_name AS events_organization_name 
FROM events 
WHERE events.organization_id = %(organization_id_1)s AND events.created_at >= %(created_at_1)s AND events.created_at <= %(created_at_2)s
INFO:sqlalchemy.engine.Engine:BEGIN (implicit)
INFO:sqlalchemy.engine.Engine:[cached since 3.22e+05s ago] {'organization_id_1': 10, 'created_at_1': datetime.datetime(2024, 3, 12, 0, 0), 'created_at_2': datetime.datetime(2024, 3, 12, 23, 59, 59)}
INFO:sqlalchemy.engine.Engine:SELECT prayer_times.id AS prayer_times_id, prayer_times.prayer_name AS prayer_times_prayer_name, prayer_times.athan_time AS prayer_times_athan_time, prayer_times.iqama_time AS prayer_times_iqama_time, prayer_times.jumuah_time AS prayer_times_jumuah_time, prayer_times.jumuah_time2 AS prayer_times_jumuah_time2, prayer_times.created_at AS prayer_times_created_at, prayer_times.organization_id AS prayer_times_organization_id, prayer_times.organization_name AS prayer_times_organization_name 
FROM prayer_times 
WHERE prayer_times.organization_id = %(organization_id_1)s AND prayer_times.created_at >= %(created_at_1)s AND prayer_times.created_at <= %(created_at_2)s
INFO:sqlalchemy.engine.Engine:BEGIN (implicit)
INFO:sqlalchemy.engine.Engine:[cached since 3.22e+05s ago] {'organization_id_1': 3, 'created_at_1': datetime.datetime(2024, 3, 12, 0, 0), 'created_at_2': datetime.datetime(2024, 3, 12, 23, 59, 59)}
INFO:sqlalchemy.engine.Engine:BEGIN (implicit)
INFO:sqlalchemy.engine.Engine:SELECT events.id AS events_id, events.title AS events_title, events.link AS events_link, events.sub_links AS events_sub_links, events.image AS events_image, events.date AS events_date, events.start_time AS events_start_time, events.end_time AS events_end_time, events.location AS events_location, events.short_description AS events_short_description, events.full_description AS events_full_description, events.other_info AS events_other_info, events.cost AS events_cost, events.category AS events_category, events.created_at AS events_created_at, events.is_video AS events_is_video, events.organization_id AS events_organization_id, events.organization_name AS events_organization_name 
FROM events 
WHERE events.organization_id = %(organization_id_1)s AND events.created_at >= %(created_at_1)s AND events.created_at <= %(created_at_2)s
INFO:sqlalchemy.engine.Engine:SELECT prayer_times.id AS prayer_times_id, prayer_times.prayer_name AS prayer_times_prayer_name, prayer_times.athan_time AS prayer_times_athan_time, prayer_times.iqama_time AS prayer_times_iqama_time, prayer_times.jumuah_time AS prayer_times_jumuah_time, prayer_times.jumuah_time2 AS prayer_times_jumuah_time2, prayer_times.created_at AS prayer_times_created_at, prayer_times.organization_id AS prayer_times_organization_id, prayer_times.organization_name AS prayer_times_organization_name 
FROM prayer_times 
WHERE prayer_times.organization_id = %(organization_id_1)s AND prayer_times.created_at >= %(created_at_1)s AND prayer_times.created_at <= %(created_at_2)s
INFO:sqlalchemy.engine.Engine:ROLLBACK
INFO:sqlalchemy.engine.Engine:[cached since 3.22e+05s ago] {'organization_id_1': 10, 'created_at_1': datetime.datetime(2024, 3, 12, 0, 0), 'created_at_2': datetime.datetime(2024, 3, 12, 23, 59, 59)}
INFO:sqlalchemy.engine.Engine:ROLLBACK
INFO:werkzeug:127.0.0.1 - - [12/Mar/2024 14:58:40] "GET /api/v1/events/10 HTTP/1.1" 200 -
INFO:sqlalchemy.engine.Engine:[cached since 3.22e+05s ago] {'organization_id_1': 3, 'created_at_1': datetime.datetime(2024, 3, 12, 0, 0), 'created_at_2': datetime.datetime(2024, 3, 12, 23, 59, 59)}
INFO:werkzeug:127.0.0.1 - - [12/Mar/2024 14:58:40] "GET /api/v1/prayer_times/3 HTTP/1.1" 200 -
INFO:sqlalchemy.engine.Engine:ROLLBACK
INFO:sqlalchemy.engine.Engine:ROLLBACK
INFO:werkzeug:127.0.0.1 - - [12/Mar/2024 14:58:40] "GET /api/v1/prayer_times/3 HTTP/1.1" 200 -
INFO:werkzeug:127.0.0.1 - - [12/Mar/2024 14:58:40] "GET /api/v1/events/10 HTTP/1.1" 200 -
INFO:sqlalchemy.engine.Engine:BEGIN (implicit)
INFO:sqlalchemy.engine.Engine:SELECT events.id AS events_id, events.title AS events_title, events.link AS events_link, events.sub_links AS events_sub_links, events.image AS events_image, events.date AS events_date, events.start_time AS events_start_time, events.end_time AS events_end_time, events.location AS events_location, events.short_description AS events_short_description, events.full_description AS events_full_description, events.other_info AS events_other_info, events.cost AS events_cost, events.category AS events_category, events.created_at AS events_created_at, events.is_video AS events_is_video, events.organization_id AS events_organization_id, events.organization_name AS events_organization_name 
FROM events 
WHERE events.organization_id = %(organization_id_1)s AND events.created_at >= %(created_at_1)s AND events.created_at <= %(created_at_2)s
INFO:sqlalchemy.engine.Engine:[cached since 3.22e+05s ago] {'organization_id_1': 4, 'created_at_1': datetime.datetime(2024, 3, 12, 0, 0), 'created_at_2': datetime.datetime(2024, 3, 12, 23, 59, 59)}
INFO:sqlalchemy.engine.Engine:BEGIN (implicit)
INFO:sqlalchemy.engine.Engine:ROLLBACK
INFO:werkzeug:127.0.0.1 - - [12/Mar/2024 14:58:40] "GET /api/v1/events/4 HTTP/1.1" 200 -
INFO:sqlalchemy.engine.Engine:SELECT events.id AS events_id, events.title AS events_title, events.link AS events_link, events.sub_links AS events_sub_links, events.image AS events_image, events.date AS events_date, events.start_time AS events_start_time, events.end_time AS events_end_time, events.location AS events_location, events.short_description AS events_short_description, events.full_description AS events_full_description, events.other_info AS events_other_info, events.cost AS events_cost, events.category AS events_category, events.created_at AS events_created_at, events.is_video AS events_is_video, events.organization_id AS events_organization_id, events.organization_name AS events_organization_name 
FROM events 
WHERE events.organization_id = %(organization_id_1)s AND events.created_at >= %(created_at_1)s AND events.created_at <= %(created_at_2)s
INFO:sqlalchemy.engine.Engine:[cached since 3.22e+05s ago] {'organization_id_1': 4, 'created_at_1': datetime.datetime(2024, 3, 12, 0, 0), 'created_at_2': datetime.datetime(2024, 3, 12, 23, 59, 59)}
INFO:sqlalchemy.engine.Engine:ROLLBACK
INFO:werkzeug:127.0.0.1 - - [12/Mar/2024 14:58:40] "GET /api/v1/events/4 HTTP/1.1" 200 -
INFO:sqlalchemy.engine.Engine:BEGIN (implicit)
INFO:sqlalchemy.engine.Engine:SELECT events.id AS events_id, events.title AS events_title, events.link AS events_link, events.sub_links AS events_sub_links, events.image AS events_image, events.date AS events_date, events.start_time AS events_start_time, events.end_time AS events_end_time, events.location AS events_location, events.short_description AS events_short_description, events.full_description AS events_full_description, events.other_info AS events_other_info, events.cost AS events_cost, events.category AS events_category, events.created_at AS events_created_at, events.is_video AS events_is_video, events.organization_id AS events_organization_id, events.organization_name AS events_organization_name 
FROM events 
WHERE events.organization_id = %(organization_id_1)s AND events.created_at >= %(created_at_1)s AND events.created_at <= %(created_at_2)s
INFO:sqlalchemy.engine.Engine:BEGIN (implicit)
INFO:sqlalchemy.engine.Engine:[cached since 3.223e+05s ago] {'organization_id_1': 10, 'created_at_1': datetime.datetime(2024, 3, 12, 0, 0), 'created_at_2': datetime.datetime(2024, 3, 12, 23, 59, 59)}
INFO:sqlalchemy.engine.Engine:SELECT events.id AS events_id, events.title AS events_title, events.link AS events_link, events.sub_links AS events_sub_links, events.image AS events_image, events.date AS events_date, events.start_time AS events_start_time, events.end_time AS events_end_time, events.location AS events_location, events.short_description AS events_short_description, events.full_description AS events_full_description, events.other_info AS events_other_info, events.cost AS events_cost, events.category AS events_category, events.created_at AS events_created_at, events.is_video AS events_is_video, events.organization_id AS events_organization_id, events.organization_name AS events_organization_name 
FROM events 
WHERE events.organization_id = %(organization_id_1)s AND events.created_at >= %(created_at_1)s AND events.created_at <= %(created_at_2)s
INFO:sqlalchemy.engine.Engine:[cached since 3.223e+05s ago] {'organization_id_1': 10, 'created_at_1': datetime.datetime(2024, 3, 12, 0, 0), 'created_at_2': datetime.datetime(2024, 3, 12, 23, 59, 59)}
INFO:sqlalchemy.engine.Engine:ROLLBACK
INFO:sqlalchemy.engine.Engine:ROLLBACK
INFO:werkzeug:127.0.0.1 - - [12/Mar/2024 15:04:52] "GET /api/v1/events/10 HTTP/1.1" 200 -
INFO:werkzeug:127.0.0.1 - - [12/Mar/2024 15:04:52] "GET /api/v1/events/10 HTTP/1.1" 200 -
INFO:sqlalchemy.engine.Engine:BEGIN (implicit)
INFO:sqlalchemy.engine.Engine:SELECT events.id AS events_id, events.title AS events_title, events.link AS events_link, events.sub_links AS events_sub_links, events.image AS events_image, events.date AS events_date, events.start_time AS events_start_time, events.end_time AS events_end_time, events.location AS events_location, events.short_description AS events_short_description, events.full_description AS events_full_description, events.other_info AS events_other_info, events.cost AS events_cost, events.category AS events_category, events.created_at AS events_created_at, events.is_video AS events_is_video, events.organization_id AS events_organization_id, events.organization_name AS events_organization_name 
FROM events 
WHERE events.organization_id = %(organization_id_1)s AND events.created_at >= %(created_at_1)s AND events.created_at <= %(created_at_2)s
INFO:sqlalchemy.engine.Engine:BEGIN (implicit)
INFO:sqlalchemy.engine.Engine:[cached since 3.223e+05s ago] {'organization_id_1': 4, 'created_at_1': datetime.datetime(2024, 3, 12, 0, 0), 'created_at_2': datetime.datetime(2024, 3, 12, 23, 59, 59)}
INFO:sqlalchemy.engine.Engine:SELECT events.id AS events_id, events.title AS events_title, events.link AS events_link, events.sub_links AS events_sub_links, events.image AS events_image, events.date AS events_date, events.start_time AS events_start_time, events.end_time AS events_end_time, events.location AS events_location, events.short_description AS events_short_description, events.full_description AS events_full_description, events.other_info AS events_other_info, events.cost AS events_cost, events.category AS events_category, events.created_at AS events_created_at, events.is_video AS events_is_video, events.organization_id AS events_organization_id, events.organization_name AS events_organization_name 
FROM events 
WHERE events.organization_id = %(organization_id_1)s AND events.created_at >= %(created_at_1)s AND events.created_at <= %(created_at_2)s
INFO:sqlalchemy.engine.Engine:[cached since 3.223e+05s ago] {'organization_id_1': 4, 'created_at_1': datetime.datetime(2024, 3, 12, 0, 0), 'created_at_2': datetime.datetime(2024, 3, 12, 23, 59, 59)}
INFO:sqlalchemy.engine.Engine:ROLLBACK
INFO:sqlalchemy.engine.Engine:ROLLBACK
INFO:werkzeug:127.0.0.1 - - [12/Mar/2024 15:04:52] "GET /api/v1/events/4 HTTP/1.1" 200 -
INFO:werkzeug:127.0.0.1 - - [12/Mar/2024 15:04:52] "GET /api/v1/events/4 HTTP/1.1" 200 -
INFO:sqlalchemy.engine.Engine:BEGIN (implicit)
INFO:sqlalchemy.engine.Engine:SELECT events.id AS events_id, events.title AS events_title, events.link AS events_link, events.sub_links AS events_sub_links, events.image AS events_image, events.date AS events_date, events.start_time AS events_start_time, events.end_time AS events_end_time, events.location AS events_location, events.short_description AS events_short_description, events.full_description AS events_full_description, events.other_info AS events_other_info, events.cost AS events_cost, events.category AS events_category, events.created_at AS events_created_at, events.is_video AS events_is_video, events.organization_id AS events_organization_id, events.organization_name AS events_organization_name 
FROM events 
WHERE events.organization_id = %(organization_id_1)s AND events.created_at >= %(created_at_1)s AND events.created_at <= %(created_at_2)s
INFO:sqlalchemy.engine.Engine:[cached since 3.223e+05s ago] {'organization_id_1': 10, 'created_at_1': datetime.datetime(2024, 3, 12, 0, 0), 'created_at_2': datetime.datetime(2024, 3, 12, 23, 59, 59)}
INFO:sqlalchemy.engine.Engine:ROLLBACK
INFO:werkzeug:127.0.0.1 - - [12/Mar/2024 15:04:52] "GET /api/v1/events/10 HTTP/1.1" 200 -
INFO:sqlalchemy.engine.Engine:BEGIN (implicit)
INFO:sqlalchemy.engine.Engine:BEGIN (implicit)
INFO:sqlalchemy.engine.Engine:BEGIN (implicit)
INFO:sqlalchemy.engine.Engine:SELECT prayer_times.id AS prayer_times_id, prayer_times.prayer_name AS prayer_times_prayer_name, prayer_times.athan_time AS prayer_times_athan_time, prayer_times.iqama_time AS prayer_times_iqama_time, prayer_times.jumuah_time AS prayer_times_jumuah_time, prayer_times.jumuah_time2 AS prayer_times_jumuah_time2, prayer_times.created_at AS prayer_times_created_at, prayer_times.organization_id AS prayer_times_organization_id, prayer_times.organization_name AS prayer_times_organization_name 
FROM prayer_times 
WHERE prayer_times.organization_id = %(organization_id_1)s AND prayer_times.created_at >= %(created_at_1)s AND prayer_times.created_at <= %(created_at_2)s
INFO:sqlalchemy.engine.Engine:SELECT events.id AS events_id, events.title AS events_title, events.link AS events_link, events.sub_links AS events_sub_links, events.image AS events_image, events.date AS events_date, events.start_time AS events_start_time, events.end_time AS events_end_time, events.location AS events_location, events.short_description AS events_short_description, events.full_description AS events_full_description, events.other_info AS events_other_info, events.cost AS events_cost, events.category AS events_category, events.created_at AS events_created_at, events.is_video AS events_is_video, events.organization_id AS events_organization_id, events.organization_name AS events_organization_name 
FROM events 
WHERE events.organization_id = %(organization_id_1)s AND events.created_at >= %(created_at_1)s AND events.created_at <= %(created_at_2)s
INFO:sqlalchemy.engine.Engine:SELECT prayer_times.id AS prayer_times_id, prayer_times.prayer_name AS prayer_times_prayer_name, prayer_times.athan_time AS prayer_times_athan_time, prayer_times.iqama_time AS prayer_times_iqama_time, prayer_times.jumuah_time AS prayer_times_jumuah_time, prayer_times.jumuah_time2 AS prayer_times_jumuah_time2, prayer_times.created_at AS prayer_times_created_at, prayer_times.organization_id AS prayer_times_organization_id, prayer_times.organization_name AS prayer_times_organization_name 
FROM prayer_times 
WHERE prayer_times.organization_id = %(organization_id_1)s AND prayer_times.created_at >= %(created_at_1)s AND prayer_times.created_at <= %(created_at_2)s
INFO:sqlalchemy.engine.Engine:[cached since 3.223e+05s ago] {'organization_id_1': 3, 'created_at_1': datetime.datetime(2024, 3, 12, 0, 0), 'created_at_2': datetime.datetime(2024, 3, 12, 23, 59, 59)}
INFO:sqlalchemy.engine.Engine:[cached since 3.223e+05s ago] {'organization_id_1': 10, 'created_at_1': datetime.datetime(2024, 3, 12, 0, 0), 'created_at_2': datetime.datetime(2024, 3, 12, 23, 59, 59)}
INFO:sqlalchemy.engine.Engine:[cached since 3.223e+05s ago] {'organization_id_1': 3, 'created_at_1': datetime.datetime(2024, 3, 12, 0, 0), 'created_at_2': datetime.datetime(2024, 3, 12, 23, 59, 59)}
INFO:sqlalchemy.engine.Engine:ROLLBACK
INFO:werkzeug:127.0.0.1 - - [12/Mar/2024 15:04:52] "GET /api/v1/prayer_times/3 HTTP/1.1" 200 -
INFO:sqlalchemy.engine.Engine:ROLLBACK
INFO:sqlalchemy.engine.Engine:ROLLBACK
INFO:werkzeug:127.0.0.1 - - [12/Mar/2024 15:04:52] "GET /api/v1/prayer_times/3 HTTP/1.1" 200 -
INFO:werkzeug:127.0.0.1 - - [12/Mar/2024 15:04:52] "GET /api/v1/events/10 HTTP/1.1" 200 -
INFO:sqlalchemy.engine.Engine:BEGIN (implicit)
INFO:sqlalchemy.engine.Engine:SELECT events.id AS events_id, events.title AS events_title, events.link AS events_link, events.sub_links AS events_sub_links, events.image AS events_image, events.date AS events_date, events.start_time AS events_start_time, events.end_time AS events_end_time, events.location AS events_location, events.short_description AS events_short_description, events.full_description AS events_full_description, events.other_info AS events_other_info, events.cost AS events_cost, events.category AS events_category, events.created_at AS events_created_at, events.is_video AS events_is_video, events.organization_id AS events_organization_id, events.organization_name AS events_organization_name 
FROM events 
WHERE events.organization_id = %(organization_id_1)s AND events.created_at >= %(created_at_1)s AND events.created_at <= %(created_at_2)s
INFO:sqlalchemy.engine.Engine:[cached since 3.223e+05s ago] {'organization_id_1': 4, 'created_at_1': datetime.datetime(2024, 3, 12, 0, 0), 'created_at_2': datetime.datetime(2024, 3, 12, 23, 59, 59)}
INFO:sqlalchemy.engine.Engine:BEGIN (implicit)
INFO:sqlalchemy.engine.Engine:SELECT events.id AS events_id, events.title AS events_title, events.link AS events_link, events.sub_links AS events_sub_links, events.image AS events_image, events.date AS events_date, events.start_time AS events_start_time, events.end_time AS events_end_time, events.location AS events_location, events.short_description AS events_short_description, events.full_description AS events_full_description, events.other_info AS events_other_info, events.cost AS events_cost, events.category AS events_category, events.created_at AS events_created_at, events.is_video AS events_is_video, events.organization_id AS events_organization_id, events.organization_name AS events_organization_name 
FROM events 
WHERE events.organization_id = %(organization_id_1)s AND events.created_at >= %(created_at_1)s AND events.created_at <= %(created_at_2)s
INFO:sqlalchemy.engine.Engine:[cached since 3.223e+05s ago] {'organization_id_1': 4, 'created_at_1': datetime.datetime(2024, 3, 12, 0, 0), 'created_at_2': datetime.datetime(2024, 3, 12, 23, 59, 59)}
INFO:sqlalchemy.engine.Engine:ROLLBACK
INFO:sqlalchemy.engine.Engine:ROLLBACK
INFO:werkzeug:127.0.0.1 - - [12/Mar/2024 15:04:52] "GET /api/v1/events/4 HTTP/1.1" 200 -
INFO:werkzeug:127.0.0.1 - - [12/Mar/2024 15:04:52] "GET /api/v1/events/4 HTTP/1.1" 200 -
INFO:werkzeug:127.0.0.1 - - [12/Mar/2024 15:06:49] "GET /logo.png HTTP/1.1" 200 -
INFO:werkzeug:127.0.0.1 - - [12/Mar/2024 15:06:50] "GET /api/v1/organizations HTTP/1.1" 200 -
INFO:sqlalchemy.engine.Engine:BEGIN (implicit)
INFO:sqlalchemy.engine.Engine:SELECT events.id AS events_id, events.title AS events_title, events.link AS events_link, events.sub_links AS events_sub_links, events.image AS events_image, events.date AS events_date, events.start_time AS events_start_time, events.end_time AS events_end_time, events.location AS events_location, events.short_description AS events_short_description, events.full_description AS events_full_description, events.other_info AS events_other_info, events.cost AS events_cost, events.category AS events_category, events.created_at AS events_created_at, events.is_video AS events_is_video, events.organization_id AS events_organization_id, events.organization_name AS events_organization_name 
FROM events 
WHERE events.created_at >= %(created_at_1)s AND events.created_at <= %(created_at_2)s
INFO:sqlalchemy.engine.Engine:[cached since 3.225e+05s ago] {'created_at_1': datetime.datetime(2024, 3, 12, 0, 0), 'created_at_2': datetime.datetime(2024, 3, 12, 23, 59, 59)}
INFO:werkzeug:127.0.0.1 - - [12/Mar/2024 15:06:50] "GET /api/v1/organizations HTTP/1.1" 200 -
INFO:sqlalchemy.engine.Engine:ROLLBACK
INFO:werkzeug:127.0.0.1 - - [12/Mar/2024 15:06:50] "GET /api/v1/events HTTP/1.1" 200 -
INFO:sqlalchemy.engine.Engine:BEGIN (implicit)
INFO:sqlalchemy.engine.Engine:SELECT events.id AS events_id, events.title AS events_title, events.link AS events_link, events.sub_links AS events_sub_links, events.image AS events_image, events.date AS events_date, events.start_time AS events_start_time, events.end_time AS events_end_time, events.location AS events_location, events.short_description AS events_short_description, events.full_description AS events_full_description, events.other_info AS events_other_info, events.cost AS events_cost, events.category AS events_category, events.created_at AS events_created_at, events.is_video AS events_is_video, events.organization_id AS events_organization_id, events.organization_name AS events_organization_name 
FROM events 
WHERE events.created_at >= %(created_at_1)s AND events.created_at <= %(created_at_2)s
INFO:sqlalchemy.engine.Engine:[cached since 3.225e+05s ago] {'created_at_1': datetime.datetime(2024, 3, 12, 0, 0), 'created_at_2': datetime.datetime(2024, 3, 12, 23, 59, 59)}
INFO:sqlalchemy.engine.Engine:ROLLBACK
INFO:werkzeug:127.0.0.1 - - [12/Mar/2024 15:06:50] "GET /api/v1/events HTTP/1.1" 200 -
INFO:sqlalchemy.engine.Engine:BEGIN (implicit)
INFO:sqlalchemy.engine.Engine:BEGIN (implicit)
INFO:sqlalchemy.engine.Engine:SELECT organizations.id AS organizations_id, organizations.name AS organizations_name, organizations.name_short AS organizations_name_short, organizations.location AS organizations_location, organizations.phone_number AS organizations_phone_number, organizations.email AS organizations_email, organizations.description AS organizations_description, organizations.image AS organizations_image, organizations.website AS organizations_website, organizations.facebook AS organizations_facebook, organizations.twitter AS organizations_twitter, organizations.instagram AS organizations_instagram, organizations.youtube AS organizations_youtube 
FROM organizations 
WHERE organizations.id = %(id_1)s 
 LIMIT %(param_1)s
INFO:sqlalchemy.engine.Engine:BEGIN (implicit)
INFO:sqlalchemy.engine.Engine:SELECT organizations.id AS organizations_id, organizations.name AS organizations_name, organizations.name_short AS organizations_name_short, organizations.location AS organizations_location, organizations.phone_number AS organizations_phone_number, organizations.email AS organizations_email, organizations.description AS organizations_description, organizations.image AS organizations_image, organizations.website AS organizations_website, organizations.facebook AS organizations_facebook, organizations.twitter AS organizations_twitter, organizations.instagram AS organizations_instagram, organizations.youtube AS organizations_youtube 
FROM organizations 
WHERE organizations.id = %(id_1)s 
 LIMIT %(param_1)s
INFO:sqlalchemy.engine.Engine:[cached since 3.225e+05s ago] {'id_1': 3, 'param_1': 1}
INFO:sqlalchemy.engine.Engine:SELECT organizations.id AS organizations_id, organizations.name AS organizations_name, organizations.name_short AS organizations_name_short, organizations.location AS organizations_location, organizations.phone_number AS organizations_phone_number, organizations.email AS organizations_email, organizations.description AS organizations_description, organizations.image AS organizations_image, organizations.website AS organizations_website, organizations.facebook AS organizations_facebook, organizations.twitter AS organizations_twitter, organizations.instagram AS organizations_instagram, organizations.youtube AS organizations_youtube 
FROM organizations 
WHERE organizations.id = %(id_1)s 
 LIMIT %(param_1)s
INFO:sqlalchemy.engine.Engine:[cached since 3.225e+05s ago] {'id_1': 3, 'param_1': 1}
INFO:sqlalchemy.engine.Engine:BEGIN (implicit)
INFO:sqlalchemy.engine.Engine:SELECT organizations.id AS organizations_id, organizations.name AS organizations_name, organizations.name_short AS organizations_name_short, organizations.location AS organizations_location, organizations.phone_number AS organizations_phone_number, organizations.email AS organizations_email, organizations.description AS organizations_description, organizations.image AS organizations_image, organizations.website AS organizations_website, organizations.facebook AS organizations_facebook, organizations.twitter AS organizations_twitter, organizations.instagram AS organizations_instagram, organizations.youtube AS organizations_youtube 
FROM organizations 
WHERE organizations.id = %(id_1)s 
 LIMIT %(param_1)s
INFO:sqlalchemy.engine.Engine:BEGIN (implicit)
INFO:sqlalchemy.engine.Engine:[cached since 3.225e+05s ago] {'id_1': 3, 'param_1': 1}
INFO:sqlalchemy.engine.Engine:ROLLBACK
INFO:sqlalchemy.engine.Engine:[cached since 3.225e+05s ago] {'id_1': 3, 'param_1': 1}
INFO:sqlalchemy.engine.Engine:ROLLBACK
INFO:werkzeug:127.0.0.1 - - [12/Mar/2024 15:06:50] "GET /api/v1/organizations/3/image HTTP/1.1" 200 -
INFO:sqlalchemy.engine.Engine:SELECT organizations.id AS organizations_id, organizations.name AS organizations_name, organizations.name_short AS organizations_name_short, organizations.location AS organizations_location, organizations.phone_number AS organizations_phone_number, organizations.email AS organizations_email, organizations.description AS organizations_description, organizations.image AS organizations_image, organizations.website AS organizations_website, organizations.facebook AS organizations_facebook, organizations.twitter AS organizations_twitter, organizations.instagram AS organizations_instagram, organizations.youtube AS organizations_youtube 
FROM organizations 
WHERE organizations.id = %(id_1)s 
 LIMIT %(param_1)s
INFO:werkzeug:127.0.0.1 - - [12/Mar/2024 15:06:50] "GET /api/v1/organizations/3/image HTTP/1.1" 200 -
INFO:sqlalchemy.engine.Engine:BEGIN (implicit)
INFO:sqlalchemy.engine.Engine:[cached since 3.225e+05s ago] {'id_1': 3, 'param_1': 1}
INFO:sqlalchemy.engine.Engine:ROLLBACK
INFO:werkzeug:127.0.0.1 - - [12/Mar/2024 15:06:50] "GET /api/v1/organizations/3/image HTTP/1.1" 200 -
INFO:sqlalchemy.engine.Engine:SELECT organizations.id AS organizations_id, organizations.name AS organizations_name, organizations.name_short AS organizations_name_short, organizations.location AS organizations_location, organizations.phone_number AS organizations_phone_number, organizations.email AS organizations_email, organizations.description AS organizations_description, organizations.image AS organizations_image, organizations.website AS organizations_website, organizations.facebook AS organizations_facebook, organizations.twitter AS organizations_twitter, organizations.instagram AS organizations_instagram, organizations.youtube AS organizations_youtube 
FROM organizations 
WHERE organizations.id = %(id_1)s 
 LIMIT %(param_1)s
INFO:sqlalchemy.engine.Engine:ROLLBACK
INFO:sqlalchemy.engine.Engine:[cached since 3.225e+05s ago] {'id_1': 3, 'param_1': 1}
INFO:sqlalchemy.engine.Engine:ROLLBACK
INFO:werkzeug:127.0.0.1 - - [12/Mar/2024 15:06:50] "GET /api/v1/organizations/3/image HTTP/1.1" 200 -
INFO:werkzeug:127.0.0.1 - - [12/Mar/2024 15:06:50] "GET /api/v1/organizations/3/image HTTP/1.1" 200 -
INFO:sqlalchemy.engine.Engine:ROLLBACK
INFO:werkzeug:127.0.0.1 - - [12/Mar/2024 15:06:50] "GET /api/v1/organizations/3/image HTTP/1.1" 200 -
INFO:sqlalchemy.engine.Engine:BEGIN (implicit)
INFO:sqlalchemy.engine.Engine:SELECT events.id AS events_id, events.title AS events_title, events.link AS events_link, events.sub_links AS events_sub_links, events.image AS events_image, events.date AS events_date, events.start_time AS events_start_time, events.end_time AS events_end_time, events.location AS events_location, events.short_description AS events_short_description, events.full_description AS events_full_description, events.other_info AS events_other_info, events.cost AS events_cost, events.category AS events_category, events.created_at AS events_created_at, events.is_video AS events_is_video, events.organization_id AS events_organization_id, events.organization_name AS events_organization_name 
FROM events 
WHERE events.organization_id = %(organization_id_1)s AND events.created_at >= %(created_at_1)s AND events.created_at <= %(created_at_2)s
INFO:sqlalchemy.engine.Engine:BEGIN (implicit)
INFO:sqlalchemy.engine.Engine:[cached since 3.225e+05s ago] {'organization_id_1': 10, 'created_at_1': datetime.datetime(2024, 3, 12, 0, 0), 'created_at_2': datetime.datetime(2024, 3, 12, 23, 59, 59)}
INFO:sqlalchemy.engine.Engine:SELECT events.id AS events_id, events.title AS events_title, events.link AS events_link, events.sub_links AS events_sub_links, events.image AS events_image, events.date AS events_date, events.start_time AS events_start_time, events.end_time AS events_end_time, events.location AS events_location, events.short_description AS events_short_description, events.full_description AS events_full_description, events.other_info AS events_other_info, events.cost AS events_cost, events.category AS events_category, events.created_at AS events_created_at, events.is_video AS events_is_video, events.organization_id AS events_organization_id, events.organization_name AS events_organization_name 
FROM events 
WHERE events.organization_id = %(organization_id_1)s AND events.created_at >= %(created_at_1)s AND events.created_at <= %(created_at_2)s
INFO:sqlalchemy.engine.Engine:[cached since 3.225e+05s ago] {'organization_id_1': 10, 'created_at_1': datetime.datetime(2024, 3, 12, 0, 0), 'created_at_2': datetime.datetime(2024, 3, 12, 23, 59, 59)}
INFO:sqlalchemy.engine.Engine:ROLLBACK
INFO:sqlalchemy.engine.Engine:ROLLBACK
INFO:werkzeug:127.0.0.1 - - [12/Mar/2024 15:06:56] "GET /api/v1/events/10 HTTP/1.1" 200 -
INFO:werkzeug:127.0.0.1 - - [12/Mar/2024 15:06:56] "GET /api/v1/events/10 HTTP/1.1" 200 -
INFO:sqlalchemy.engine.Engine:BEGIN (implicit)
INFO:sqlalchemy.engine.Engine:SELECT events.id AS events_id, events.title AS events_title, events.link AS events_link, events.sub_links AS events_sub_links, events.image AS events_image, events.date AS events_date, events.start_time AS events_start_time, events.end_time AS events_end_time, events.location AS events_location, events.short_description AS events_short_description, events.full_description AS events_full_description, events.other_info AS events_other_info, events.cost AS events_cost, events.category AS events_category, events.created_at AS events_created_at, events.is_video AS events_is_video, events.organization_id AS events_organization_id, events.organization_name AS events_organization_name 
FROM events 
WHERE events.organization_id = %(organization_id_1)s AND events.created_at >= %(created_at_1)s AND events.created_at <= %(created_at_2)s
INFO:sqlalchemy.engine.Engine:[cached since 3.225e+05s ago] {'organization_id_1': 4, 'created_at_1': datetime.datetime(2024, 3, 12, 0, 0), 'created_at_2': datetime.datetime(2024, 3, 12, 23, 59, 59)}
INFO:sqlalchemy.engine.Engine:BEGIN (implicit)
INFO:sqlalchemy.engine.Engine:SELECT events.id AS events_id, events.title AS events_title, events.link AS events_link, events.sub_links AS events_sub_links, events.image AS events_image, events.date AS events_date, events.start_time AS events_start_time, events.end_time AS events_end_time, events.location AS events_location, events.short_description AS events_short_description, events.full_description AS events_full_description, events.other_info AS events_other_info, events.cost AS events_cost, events.category AS events_category, events.created_at AS events_created_at, events.is_video AS events_is_video, events.organization_id AS events_organization_id, events.organization_name AS events_organization_name 
FROM events 
WHERE events.organization_id = %(organization_id_1)s AND events.created_at >= %(created_at_1)s AND events.created_at <= %(created_at_2)s
INFO:sqlalchemy.engine.Engine:ROLLBACK
INFO:werkzeug:127.0.0.1 - - [12/Mar/2024 15:06:56] "GET /api/v1/events/4 HTTP/1.1" 200 -
INFO:sqlalchemy.engine.Engine:[cached since 3.225e+05s ago] {'organization_id_1': 4, 'created_at_1': datetime.datetime(2024, 3, 12, 0, 0), 'created_at_2': datetime.datetime(2024, 3, 12, 23, 59, 59)}
INFO:sqlalchemy.engine.Engine:ROLLBACK
INFO:werkzeug:127.0.0.1 - - [12/Mar/2024 15:06:56] "GET /api/v1/events/4 HTTP/1.1" 200 -
INFO:sqlalchemy.engine.Engine:BEGIN (implicit)
INFO:sqlalchemy.engine.Engine:SELECT events.id AS events_id, events.title AS events_title, events.link AS events_link, events.sub_links AS events_sub_links, events.image AS events_image, events.date AS events_date, events.start_time AS events_start_time, events.end_time AS events_end_time, events.location AS events_location, events.short_description AS events_short_description, events.full_description AS events_full_description, events.other_info AS events_other_info, events.cost AS events_cost, events.category AS events_category, events.created_at AS events_created_at, events.is_video AS events_is_video, events.organization_id AS events_organization_id, events.organization_name AS events_organization_name 
FROM events 
WHERE events.organization_id = %(organization_id_1)s AND events.created_at >= %(created_at_1)s AND events.created_at <= %(created_at_2)s
INFO:sqlalchemy.engine.Engine:[cached since 3.225e+05s ago] {'organization_id_1': 10, 'created_at_1': datetime.datetime(2024, 3, 12, 0, 0), 'created_at_2': datetime.datetime(2024, 3, 12, 23, 59, 59)}
INFO:sqlalchemy.engine.Engine:ROLLBACK
INFO:sqlalchemy.engine.Engine:BEGIN (implicit)
INFO:werkzeug:127.0.0.1 - - [12/Mar/2024 15:06:56] "GET /api/v1/events/10 HTTP/1.1" 200 -
INFO:sqlalchemy.engine.Engine:SELECT events.id AS events_id, events.title AS events_title, events.link AS events_link, events.sub_links AS events_sub_links, events.image AS events_image, events.date AS events_date, events.start_time AS events_start_time, events.end_time AS events_end_time, events.location AS events_location, events.short_description AS events_short_description, events.full_description AS events_full_description, events.other_info AS events_other_info, events.cost AS events_cost, events.category AS events_category, events.created_at AS events_created_at, events.is_video AS events_is_video, events.organization_id AS events_organization_id, events.organization_name AS events_organization_name 
FROM events 
WHERE events.organization_id = %(organization_id_1)s AND events.created_at >= %(created_at_1)s AND events.created_at <= %(created_at_2)s
INFO:sqlalchemy.engine.Engine:[cached since 3.225e+05s ago] {'organization_id_1': 10, 'created_at_1': datetime.datetime(2024, 3, 12, 0, 0), 'created_at_2': datetime.datetime(2024, 3, 12, 23, 59, 59)}
INFO:sqlalchemy.engine.Engine:BEGIN (implicit)
INFO:sqlalchemy.engine.Engine:BEGIN (implicit)
INFO:sqlalchemy.engine.Engine:SELECT prayer_times.id AS prayer_times_id, prayer_times.prayer_name AS prayer_times_prayer_name, prayer_times.athan_time AS prayer_times_athan_time, prayer_times.iqama_time AS prayer_times_iqama_time, prayer_times.jumuah_time AS prayer_times_jumuah_time, prayer_times.jumuah_time2 AS prayer_times_jumuah_time2, prayer_times.created_at AS prayer_times_created_at, prayer_times.organization_id AS prayer_times_organization_id, prayer_times.organization_name AS prayer_times_organization_name 
FROM prayer_times 
WHERE prayer_times.organization_id = %(organization_id_1)s AND prayer_times.created_at >= %(created_at_1)s AND prayer_times.created_at <= %(created_at_2)s
INFO:sqlalchemy.engine.Engine:[cached since 3.225e+05s ago] {'organization_id_1': 3, 'created_at_1': datetime.datetime(2024, 3, 12, 0, 0), 'created_at_2': datetime.datetime(2024, 3, 12, 23, 59, 59)}
INFO:sqlalchemy.engine.Engine:ROLLBACK
INFO:sqlalchemy.engine.Engine:ROLLBACK
INFO:werkzeug:127.0.0.1 - - [12/Mar/2024 15:06:56] "GET /api/v1/prayer_times/3 HTTP/1.1" 200 -
INFO:werkzeug:127.0.0.1 - - [12/Mar/2024 15:06:56] "GET /api/v1/events/10 HTTP/1.1" 200 -
INFO:sqlalchemy.engine.Engine:SELECT prayer_times.id AS prayer_times_id, prayer_times.prayer_name AS prayer_times_prayer_name, prayer_times.athan_time AS prayer_times_athan_time, prayer_times.iqama_time AS prayer_times_iqama_time, prayer_times.jumuah_time AS prayer_times_jumuah_time, prayer_times.jumuah_time2 AS prayer_times_jumuah_time2, prayer_times.created_at AS prayer_times_created_at, prayer_times.organization_id AS prayer_times_organization_id, prayer_times.organization_name AS prayer_times_organization_name 
FROM prayer_times 
WHERE prayer_times.organization_id = %(organization_id_1)s AND prayer_times.created_at >= %(created_at_1)s AND prayer_times.created_at <= %(created_at_2)s
INFO:sqlalchemy.engine.Engine:[cached since 3.225e+05s ago] {'organization_id_1': 3, 'created_at_1': datetime.datetime(2024, 3, 12, 0, 0), 'created_at_2': datetime.datetime(2024, 3, 12, 23, 59, 59)}
INFO:sqlalchemy.engine.Engine:ROLLBACK
INFO:werkzeug:127.0.0.1 - - [12/Mar/2024 15:06:57] "GET /api/v1/prayer_times/3 HTTP/1.1" 200 -
INFO:sqlalchemy.engine.Engine:BEGIN (implicit)
INFO:sqlalchemy.engine.Engine:SELECT events.id AS events_id, events.title AS events_title, events.link AS events_link, events.sub_links AS events_sub_links, events.image AS events_image, events.date AS events_date, events.start_time AS events_start_time, events.end_time AS events_end_time, events.location AS events_location, events.short_description AS events_short_description, events.full_description AS events_full_description, events.other_info AS events_other_info, events.cost AS events_cost, events.category AS events_category, events.created_at AS events_created_at, events.is_video AS events_is_video, events.organization_id AS events_organization_id, events.organization_name AS events_organization_name 
FROM events 
WHERE events.organization_id = %(organization_id_1)s AND events.created_at >= %(created_at_1)s AND events.created_at <= %(created_at_2)s
INFO:sqlalchemy.engine.Engine:[cached since 3.225e+05s ago] {'organization_id_1': 4, 'created_at_1': datetime.datetime(2024, 3, 12, 0, 0), 'created_at_2': datetime.datetime(2024, 3, 12, 23, 59, 59)}
INFO:sqlalchemy.engine.Engine:ROLLBACK
INFO:werkzeug:127.0.0.1 - - [12/Mar/2024 15:06:57] "GET /api/v1/events/4 HTTP/1.1" 200 -
INFO:sqlalchemy.engine.Engine:BEGIN (implicit)
INFO:sqlalchemy.engine.Engine:SELECT events.id AS events_id, events.title AS events_title, events.link AS events_link, events.sub_links AS events_sub_links, events.image AS events_image, events.date AS events_date, events.start_time AS events_start_time, events.end_time AS events_end_time, events.location AS events_location, events.short_description AS events_short_description, events.full_description AS events_full_description, events.other_info AS events_other_info, events.cost AS events_cost, events.category AS events_category, events.created_at AS events_created_at, events.is_video AS events_is_video, events.organization_id AS events_organization_id, events.organization_name AS events_organization_name 
FROM events 
WHERE events.organization_id = %(organization_id_1)s AND events.created_at >= %(created_at_1)s AND events.created_at <= %(created_at_2)s
INFO:sqlalchemy.engine.Engine:[cached since 3.225e+05s ago] {'organization_id_1': 4, 'created_at_1': datetime.datetime(2024, 3, 12, 0, 0), 'created_at_2': datetime.datetime(2024, 3, 12, 23, 59, 59)}
INFO:sqlalchemy.engine.Engine:ROLLBACK
INFO:werkzeug:127.0.0.1 - - [12/Mar/2024 15:06:57] "GET /api/v1/events/4 HTTP/1.1" 200 -
INFO:sqlalchemy.engine.Engine:BEGIN (implicit)
INFO:sqlalchemy.engine.Engine:SELECT events.id AS events_id, events.title AS events_title, events.link AS events_link, events.sub_links AS events_sub_links, events.image AS events_image, events.date AS events_date, events.start_time AS events_start_time, events.end_time AS events_end_time, events.location AS events_location, events.short_description AS events_short_description, events.full_description AS events_full_description, events.other_info AS events_other_info, events.cost AS events_cost, events.category AS events_category, events.created_at AS events_created_at, events.is_video AS events_is_video, events.organization_id AS events_organization_id, events.organization_name AS events_organization_name 
FROM events 
WHERE events.organization_id = %(organization_id_1)s AND events.created_at >= %(created_at_1)s AND events.created_at <= %(created_at_2)s
INFO:sqlalchemy.engine.Engine:[cached since 3.226e+05s ago] {'organization_id_1': 10, 'created_at_1': datetime.datetime(2024, 3, 12, 0, 0), 'created_at_2': datetime.datetime(2024, 3, 12, 23, 59, 59)}
INFO:sqlalchemy.engine.Engine:BEGIN (implicit)
INFO:sqlalchemy.engine.Engine:SELECT prayer_times.id AS prayer_times_id, prayer_times.prayer_name AS prayer_times_prayer_name, prayer_times.athan_time AS prayer_times_athan_time, prayer_times.iqama_time AS prayer_times_iqama_time, prayer_times.jumuah_time AS prayer_times_jumuah_time, prayer_times.jumuah_time2 AS prayer_times_jumuah_time2, prayer_times.created_at AS prayer_times_created_at, prayer_times.organization_id AS prayer_times_organization_id, prayer_times.organization_name AS prayer_times_organization_name 
FROM prayer_times 
WHERE prayer_times.organization_id = %(organization_id_1)s AND prayer_times.created_at >= %(created_at_1)s AND prayer_times.created_at <= %(created_at_2)s
INFO:sqlalchemy.engine.Engine:[cached since 3.226e+05s ago] {'organization_id_1': 3, 'created_at_1': datetime.datetime(2024, 3, 12, 0, 0), 'created_at_2': datetime.datetime(2024, 3, 12, 23, 59, 59)}
INFO:sqlalchemy.engine.Engine:ROLLBACK
INFO:werkzeug:127.0.0.1 - - [12/Mar/2024 15:08:23] "GET /api/v1/prayer_times/3 HTTP/1.1" 200 -
INFO:sqlalchemy.engine.Engine:ROLLBACK
INFO:werkzeug:127.0.0.1 - - [12/Mar/2024 15:08:23] "GET /api/v1/events/10 HTTP/1.1" 200 -
INFO:sqlalchemy.engine.Engine:BEGIN (implicit)
INFO:sqlalchemy.engine.Engine:SELECT events.id AS events_id, events.title AS events_title, events.link AS events_link, events.sub_links AS events_sub_links, events.image AS events_image, events.date AS events_date, events.start_time AS events_start_time, events.end_time AS events_end_time, events.location AS events_location, events.short_description AS events_short_description, events.full_description AS events_full_description, events.other_info AS events_other_info, events.cost AS events_cost, events.category AS events_category, events.created_at AS events_created_at, events.is_video AS events_is_video, events.organization_id AS events_organization_id, events.organization_name AS events_organization_name 
FROM events 
WHERE events.organization_id = %(organization_id_1)s AND events.created_at >= %(created_at_1)s AND events.created_at <= %(created_at_2)s
INFO:sqlalchemy.engine.Engine:[cached since 3.226e+05s ago] {'organization_id_1': 4, 'created_at_1': datetime.datetime(2024, 3, 12, 0, 0), 'created_at_2': datetime.datetime(2024, 3, 12, 23, 59, 59)}
INFO:sqlalchemy.engine.Engine:ROLLBACK
INFO:werkzeug:127.0.0.1 - - [12/Mar/2024 15:08:23] "GET /api/v1/events/4 HTTP/1.1" 200 -
INFO:sqlalchemy.engine.Engine:BEGIN (implicit)
INFO:sqlalchemy.engine.Engine:SELECT events.id AS events_id, events.title AS events_title, events.link AS events_link, events.sub_links AS events_sub_links, events.image AS events_image, events.date AS events_date, events.start_time AS events_start_time, events.end_time AS events_end_time, events.location AS events_location, events.short_description AS events_short_description, events.full_description AS events_full_description, events.other_info AS events_other_info, events.cost AS events_cost, events.category AS events_category, events.created_at AS events_created_at, events.is_video AS events_is_video, events.organization_id AS events_organization_id, events.organization_name AS events_organization_name 
FROM events 
WHERE events.organization_id = %(organization_id_1)s AND events.created_at >= %(created_at_1)s AND events.created_at <= %(created_at_2)s
INFO:sqlalchemy.engine.Engine:[cached since 3.226e+05s ago] {'organization_id_1': 10, 'created_at_1': datetime.datetime(2024, 3, 12, 0, 0), 'created_at_2': datetime.datetime(2024, 3, 12, 23, 59, 59)}
INFO:sqlalchemy.engine.Engine:BEGIN (implicit)
INFO:sqlalchemy.engine.Engine:SELECT prayer_times.id AS prayer_times_id, prayer_times.prayer_name AS prayer_times_prayer_name, prayer_times.athan_time AS prayer_times_athan_time, prayer_times.iqama_time AS prayer_times_iqama_time, prayer_times.jumuah_time AS prayer_times_jumuah_time, prayer_times.jumuah_time2 AS prayer_times_jumuah_time2, prayer_times.created_at AS prayer_times_created_at, prayer_times.organization_id AS prayer_times_organization_id, prayer_times.organization_name AS prayer_times_organization_name 
FROM prayer_times 
WHERE prayer_times.organization_id = %(organization_id_1)s AND prayer_times.created_at >= %(created_at_1)s AND prayer_times.created_at <= %(created_at_2)s
INFO:sqlalchemy.engine.Engine:[cached since 3.226e+05s ago] {'organization_id_1': 3, 'created_at_1': datetime.datetime(2024, 3, 12, 0, 0), 'created_at_2': datetime.datetime(2024, 3, 12, 23, 59, 59)}
INFO:sqlalchemy.engine.Engine:ROLLBACK
INFO:sqlalchemy.engine.Engine:ROLLBACK
INFO:werkzeug:127.0.0.1 - - [12/Mar/2024 15:09:22] "GET /api/v1/prayer_times/3 HTTP/1.1" 200 -
INFO:werkzeug:127.0.0.1 - - [12/Mar/2024 15:09:22] "GET /api/v1/events/10 HTTP/1.1" 200 -
INFO:sqlalchemy.engine.Engine:BEGIN (implicit)
INFO:sqlalchemy.engine.Engine:SELECT events.id AS events_id, events.title AS events_title, events.link AS events_link, events.sub_links AS events_sub_links, events.image AS events_image, events.date AS events_date, events.start_time AS events_start_time, events.end_time AS events_end_time, events.location AS events_location, events.short_description AS events_short_description, events.full_description AS events_full_description, events.other_info AS events_other_info, events.cost AS events_cost, events.category AS events_category, events.created_at AS events_created_at, events.is_video AS events_is_video, events.organization_id AS events_organization_id, events.organization_name AS events_organization_name 
FROM events 
WHERE events.organization_id = %(organization_id_1)s AND events.created_at >= %(created_at_1)s AND events.created_at <= %(created_at_2)s
INFO:sqlalchemy.engine.Engine:[cached since 3.226e+05s ago] {'organization_id_1': 4, 'created_at_1': datetime.datetime(2024, 3, 12, 0, 0), 'created_at_2': datetime.datetime(2024, 3, 12, 23, 59, 59)}
INFO:sqlalchemy.engine.Engine:ROLLBACK
INFO:werkzeug:127.0.0.1 - - [12/Mar/2024 15:09:22] "GET /api/v1/events/4 HTTP/1.1" 200 -
INFO:sqlalchemy.engine.Engine:BEGIN (implicit)
INFO:sqlalchemy.engine.Engine:SELECT events.id AS events_id, events.title AS events_title, events.link AS events_link, events.sub_links AS events_sub_links, events.image AS events_image, events.date AS events_date, events.start_time AS events_start_time, events.end_time AS events_end_time, events.location AS events_location, events.short_description AS events_short_description, events.full_description AS events_full_description, events.other_info AS events_other_info, events.cost AS events_cost, events.category AS events_category, events.created_at AS events_created_at, events.is_video AS events_is_video, events.organization_id AS events_organization_id, events.organization_name AS events_organization_name 
FROM events 
WHERE events.organization_id = %(organization_id_1)s AND events.created_at >= %(created_at_1)s AND events.created_at <= %(created_at_2)s
INFO:sqlalchemy.engine.Engine:[cached since 3.227e+05s ago] {'organization_id_1': 10, 'created_at_1': datetime.datetime(2024, 3, 12, 0, 0), 'created_at_2': datetime.datetime(2024, 3, 12, 23, 59, 59)}
INFO:sqlalchemy.engine.Engine:BEGIN (implicit)
INFO:sqlalchemy.engine.Engine:SELECT events.id AS events_id, events.title AS events_title, events.link AS events_link, events.sub_links AS events_sub_links, events.image AS events_image, events.date AS events_date, events.start_time AS events_start_time, events.end_time AS events_end_time, events.location AS events_location, events.short_description AS events_short_description, events.full_description AS events_full_description, events.other_info AS events_other_info, events.cost AS events_cost, events.category AS events_category, events.created_at AS events_created_at, events.is_video AS events_is_video, events.organization_id AS events_organization_id, events.organization_name AS events_organization_name 
FROM events 
WHERE events.organization_id = %(organization_id_1)s AND events.created_at >= %(created_at_1)s AND events.created_at <= %(created_at_2)s
INFO:sqlalchemy.engine.Engine:[cached since 3.227e+05s ago] {'organization_id_1': 10, 'created_at_1': datetime.datetime(2024, 3, 12, 0, 0), 'created_at_2': datetime.datetime(2024, 3, 12, 23, 59, 59)}
INFO:sqlalchemy.engine.Engine:ROLLBACK
INFO:werkzeug:127.0.0.1 - - [12/Mar/2024 15:10:01] "GET /api/v1/events/10 HTTP/1.1" 200 -
INFO:sqlalchemy.engine.Engine:ROLLBACK
INFO:werkzeug:127.0.0.1 - - [12/Mar/2024 15:10:01] "GET /api/v1/events/10 HTTP/1.1" 200 -
INFO:sqlalchemy.engine.Engine:BEGIN (implicit)
INFO:sqlalchemy.engine.Engine:SELECT events.id AS events_id, events.title AS events_title, events.link AS events_link, events.sub_links AS events_sub_links, events.image AS events_image, events.date AS events_date, events.start_time AS events_start_time, events.end_time AS events_end_time, events.location AS events_location, events.short_description AS events_short_description, events.full_description AS events_full_description, events.other_info AS events_other_info, events.cost AS events_cost, events.category AS events_category, events.created_at AS events_created_at, events.is_video AS events_is_video, events.organization_id AS events_organization_id, events.organization_name AS events_organization_name 
FROM events 
WHERE events.organization_id = %(organization_id_1)s AND events.created_at >= %(created_at_1)s AND events.created_at <= %(created_at_2)s
INFO:sqlalchemy.engine.Engine:BEGIN (implicit)
INFO:sqlalchemy.engine.Engine:[cached since 3.227e+05s ago] {'organization_id_1': 4, 'created_at_1': datetime.datetime(2024, 3, 12, 0, 0), 'created_at_2': datetime.datetime(2024, 3, 12, 23, 59, 59)}
INFO:sqlalchemy.engine.Engine:SELECT events.id AS events_id, events.title AS events_title, events.link AS events_link, events.sub_links AS events_sub_links, events.image AS events_image, events.date AS events_date, events.start_time AS events_start_time, events.end_time AS events_end_time, events.location AS events_location, events.short_description AS events_short_description, events.full_description AS events_full_description, events.other_info AS events_other_info, events.cost AS events_cost, events.category AS events_category, events.created_at AS events_created_at, events.is_video AS events_is_video, events.organization_id AS events_organization_id, events.organization_name AS events_organization_name 
FROM events 
WHERE events.organization_id = %(organization_id_1)s AND events.created_at >= %(created_at_1)s AND events.created_at <= %(created_at_2)s
INFO:sqlalchemy.engine.Engine:[cached since 3.227e+05s ago] {'organization_id_1': 4, 'created_at_1': datetime.datetime(2024, 3, 12, 0, 0), 'created_at_2': datetime.datetime(2024, 3, 12, 23, 59, 59)}
INFO:sqlalchemy.engine.Engine:ROLLBACK
INFO:sqlalchemy.engine.Engine:ROLLBACK
INFO:werkzeug:127.0.0.1 - - [12/Mar/2024 15:10:02] "GET /api/v1/events/4 HTTP/1.1" 200 -
INFO:werkzeug:127.0.0.1 - - [12/Mar/2024 15:10:02] "GET /api/v1/events/4 HTTP/1.1" 200 -
INFO:sqlalchemy.engine.Engine:BEGIN (implicit)
INFO:sqlalchemy.engine.Engine:SELECT events.id AS events_id, events.title AS events_title, events.link AS events_link, events.sub_links AS events_sub_links, events.image AS events_image, events.date AS events_date, events.start_time AS events_start_time, events.end_time AS events_end_time, events.location AS events_location, events.short_description AS events_short_description, events.full_description AS events_full_description, events.other_info AS events_other_info, events.cost AS events_cost, events.category AS events_category, events.created_at AS events_created_at, events.is_video AS events_is_video, events.organization_id AS events_organization_id, events.organization_name AS events_organization_name 
FROM events 
WHERE events.organization_id = %(organization_id_1)s AND events.created_at >= %(created_at_1)s AND events.created_at <= %(created_at_2)s
INFO:sqlalchemy.engine.Engine:[cached since 3.227e+05s ago] {'organization_id_1': 10, 'created_at_1': datetime.datetime(2024, 3, 12, 0, 0), 'created_at_2': datetime.datetime(2024, 3, 12, 23, 59, 59)}
INFO:sqlalchemy.engine.Engine:ROLLBACK
INFO:werkzeug:127.0.0.1 - - [12/Mar/2024 15:10:02] "GET /api/v1/events/10 HTTP/1.1" 200 -
INFO:sqlalchemy.engine.Engine:BEGIN (implicit)
INFO:sqlalchemy.engine.Engine:SELECT events.id AS events_id, events.title AS events_title, events.link AS events_link, events.sub_links AS events_sub_links, events.image AS events_image, events.date AS events_date, events.start_time AS events_start_time, events.end_time AS events_end_time, events.location AS events_location, events.short_description AS events_short_description, events.full_description AS events_full_description, events.other_info AS events_other_info, events.cost AS events_cost, events.category AS events_category, events.created_at AS events_created_at, events.is_video AS events_is_video, events.organization_id AS events_organization_id, events.organization_name AS events_organization_name 
FROM events 
WHERE events.organization_id = %(organization_id_1)s AND events.created_at >= %(created_at_1)s AND events.created_at <= %(created_at_2)s
INFO:sqlalchemy.engine.Engine:[cached since 3.227e+05s ago] {'organization_id_1': 10, 'created_at_1': datetime.datetime(2024, 3, 12, 0, 0), 'created_at_2': datetime.datetime(2024, 3, 12, 23, 59, 59)}
INFO:sqlalchemy.engine.Engine:BEGIN (implicit)
INFO:sqlalchemy.engine.Engine:BEGIN (implicit)
INFO:sqlalchemy.engine.Engine:SELECT prayer_times.id AS prayer_times_id, prayer_times.prayer_name AS prayer_times_prayer_name, prayer_times.athan_time AS prayer_times_athan_time, prayer_times.iqama_time AS prayer_times_iqama_time, prayer_times.jumuah_time AS prayer_times_jumuah_time, prayer_times.jumuah_time2 AS prayer_times_jumuah_time2, prayer_times.created_at AS prayer_times_created_at, prayer_times.organization_id AS prayer_times_organization_id, prayer_times.organization_name AS prayer_times_organization_name 
FROM prayer_times 
WHERE prayer_times.organization_id = %(organization_id_1)s AND prayer_times.created_at >= %(created_at_1)s AND prayer_times.created_at <= %(created_at_2)s
INFO:sqlalchemy.engine.Engine:SELECT prayer_times.id AS prayer_times_id, prayer_times.prayer_name AS prayer_times_prayer_name, prayer_times.athan_time AS prayer_times_athan_time, prayer_times.iqama_time AS prayer_times_iqama_time, prayer_times.jumuah_time AS prayer_times_jumuah_time, prayer_times.jumuah_time2 AS prayer_times_jumuah_time2, prayer_times.created_at AS prayer_times_created_at, prayer_times.organization_id AS prayer_times_organization_id, prayer_times.organization_name AS prayer_times_organization_name 
FROM prayer_times 
WHERE prayer_times.organization_id = %(organization_id_1)s AND prayer_times.created_at >= %(created_at_1)s AND prayer_times.created_at <= %(created_at_2)s
INFO:sqlalchemy.engine.Engine:[cached since 3.227e+05s ago] {'organization_id_1': 3, 'created_at_1': datetime.datetime(2024, 3, 12, 0, 0), 'created_at_2': datetime.datetime(2024, 3, 12, 23, 59, 59)}
INFO:sqlalchemy.engine.Engine:ROLLBACK
INFO:werkzeug:127.0.0.1 - - [12/Mar/2024 15:10:02] "GET /api/v1/events/10 HTTP/1.1" 200 -
INFO:sqlalchemy.engine.Engine:[cached since 3.227e+05s ago] {'organization_id_1': 3, 'created_at_1': datetime.datetime(2024, 3, 12, 0, 0), 'created_at_2': datetime.datetime(2024, 3, 12, 23, 59, 59)}
INFO:sqlalchemy.engine.Engine:ROLLBACK
INFO:werkzeug:127.0.0.1 - - [12/Mar/2024 15:10:02] "GET /api/v1/prayer_times/3 HTTP/1.1" 200 -
INFO:sqlalchemy.engine.Engine:ROLLBACK
INFO:werkzeug:127.0.0.1 - - [12/Mar/2024 15:10:02] "GET /api/v1/prayer_times/3 HTTP/1.1" 200 -
INFO:sqlalchemy.engine.Engine:BEGIN (implicit)
INFO:sqlalchemy.engine.Engine:SELECT events.id AS events_id, events.title AS events_title, events.link AS events_link, events.sub_links AS events_sub_links, events.image AS events_image, events.date AS events_date, events.start_time AS events_start_time, events.end_time AS events_end_time, events.location AS events_location, events.short_description AS events_short_description, events.full_description AS events_full_description, events.other_info AS events_other_info, events.cost AS events_cost, events.category AS events_category, events.created_at AS events_created_at, events.is_video AS events_is_video, events.organization_id AS events_organization_id, events.organization_name AS events_organization_name 
FROM events 
WHERE events.organization_id = %(organization_id_1)s AND events.created_at >= %(created_at_1)s AND events.created_at <= %(created_at_2)s
INFO:sqlalchemy.engine.Engine:[cached since 3.227e+05s ago] {'organization_id_1': 4, 'created_at_1': datetime.datetime(2024, 3, 12, 0, 0), 'created_at_2': datetime.datetime(2024, 3, 12, 23, 59, 59)}
INFO:sqlalchemy.engine.Engine:BEGIN (implicit)
INFO:sqlalchemy.engine.Engine:SELECT events.id AS events_id, events.title AS events_title, events.link AS events_link, events.sub_links AS events_sub_links, events.image AS events_image, events.date AS events_date, events.start_time AS events_start_time, events.end_time AS events_end_time, events.location AS events_location, events.short_description AS events_short_description, events.full_description AS events_full_description, events.other_info AS events_other_info, events.cost AS events_cost, events.category AS events_category, events.created_at AS events_created_at, events.is_video AS events_is_video, events.organization_id AS events_organization_id, events.organization_name AS events_organization_name 
FROM events 
WHERE events.organization_id = %(organization_id_1)s AND events.created_at >= %(created_at_1)s AND events.created_at <= %(created_at_2)s
INFO:sqlalchemy.engine.Engine:[cached since 3.227e+05s ago] {'organization_id_1': 4, 'created_at_1': datetime.datetime(2024, 3, 12, 0, 0), 'created_at_2': datetime.datetime(2024, 3, 12, 23, 59, 59)}
INFO:sqlalchemy.engine.Engine:ROLLBACK
INFO:werkzeug:127.0.0.1 - - [12/Mar/2024 15:10:02] "GET /api/v1/events/4 HTTP/1.1" 200 -
INFO:sqlalchemy.engine.Engine:ROLLBACK
INFO:werkzeug:127.0.0.1 - - [12/Mar/2024 15:10:02] "GET /api/v1/events/4 HTTP/1.1" 200 -
INFO:sqlalchemy.engine.Engine:BEGIN (implicit)
INFO:sqlalchemy.engine.Engine:SELECT events.id AS events_id, events.title AS events_title, events.link AS events_link, events.sub_links AS events_sub_links, events.image AS events_image, events.date AS events_date, events.start_time AS events_start_time, events.end_time AS events_end_time, events.location AS events_location, events.short_description AS events_short_description, events.full_description AS events_full_description, events.other_info AS events_other_info, events.cost AS events_cost, events.category AS events_category, events.created_at AS events_created_at, events.is_video AS events_is_video, events.organization_id AS events_organization_id, events.organization_name AS events_organization_name 
FROM events 
WHERE events.organization_id = %(organization_id_1)s AND events.created_at >= %(created_at_1)s AND events.created_at <= %(created_at_2)s
INFO:sqlalchemy.engine.Engine:[cached since 3.228e+05s ago] {'organization_id_1': 10, 'created_at_1': datetime.datetime(2024, 3, 12, 0, 0), 'created_at_2': datetime.datetime(2024, 3, 12, 23, 59, 59)}
INFO:sqlalchemy.engine.Engine:BEGIN (implicit)
INFO:sqlalchemy.engine.Engine:SELECT events.id AS events_id, events.title AS events_title, events.link AS events_link, events.sub_links AS events_sub_links, events.image AS events_image, events.date AS events_date, events.start_time AS events_start_time, events.end_time AS events_end_time, events.location AS events_location, events.short_description AS events_short_description, events.full_description AS events_full_description, events.other_info AS events_other_info, events.cost AS events_cost, events.category AS events_category, events.created_at AS events_created_at, events.is_video AS events_is_video, events.organization_id AS events_organization_id, events.organization_name AS events_organization_name 
FROM events 
WHERE events.organization_id = %(organization_id_1)s AND events.created_at >= %(created_at_1)s AND events.created_at <= %(created_at_2)s
INFO:sqlalchemy.engine.Engine:[cached since 3.228e+05s ago] {'organization_id_1': 10, 'created_at_1': datetime.datetime(2024, 3, 12, 0, 0), 'created_at_2': datetime.datetime(2024, 3, 12, 23, 59, 59)}
INFO:sqlalchemy.engine.Engine:ROLLBACK
INFO:werkzeug:127.0.0.1 - - [12/Mar/2024 15:13:13] "GET /api/v1/events/10 HTTP/1.1" 200 -
INFO:sqlalchemy.engine.Engine:ROLLBACK
INFO:werkzeug:127.0.0.1 - - [12/Mar/2024 15:13:13] "GET /api/v1/events/10 HTTP/1.1" 200 -
INFO:sqlalchemy.engine.Engine:BEGIN (implicit)
INFO:sqlalchemy.engine.Engine:BEGIN (implicit)
INFO:sqlalchemy.engine.Engine:SELECT events.id AS events_id, events.title AS events_title, events.link AS events_link, events.sub_links AS events_sub_links, events.image AS events_image, events.date AS events_date, events.start_time AS events_start_time, events.end_time AS events_end_time, events.location AS events_location, events.short_description AS events_short_description, events.full_description AS events_full_description, events.other_info AS events_other_info, events.cost AS events_cost, events.category AS events_category, events.created_at AS events_created_at, events.is_video AS events_is_video, events.organization_id AS events_organization_id, events.organization_name AS events_organization_name 
FROM events 
WHERE events.organization_id = %(organization_id_1)s AND events.created_at >= %(created_at_1)s AND events.created_at <= %(created_at_2)s
INFO:sqlalchemy.engine.Engine:SELECT events.id AS events_id, events.title AS events_title, events.link AS events_link, events.sub_links AS events_sub_links, events.image AS events_image, events.date AS events_date, events.start_time AS events_start_time, events.end_time AS events_end_time, events.location AS events_location, events.short_description AS events_short_description, events.full_description AS events_full_description, events.other_info AS events_other_info, events.cost AS events_cost, events.category AS events_category, events.created_at AS events_created_at, events.is_video AS events_is_video, events.organization_id AS events_organization_id, events.organization_name AS events_organization_name 
FROM events 
WHERE events.organization_id = %(organization_id_1)s AND events.created_at >= %(created_at_1)s AND events.created_at <= %(created_at_2)s
INFO:sqlalchemy.engine.Engine:[cached since 3.228e+05s ago] {'organization_id_1': 4, 'created_at_1': datetime.datetime(2024, 3, 12, 0, 0), 'created_at_2': datetime.datetime(2024, 3, 12, 23, 59, 59)}
INFO:sqlalchemy.engine.Engine:[cached since 3.228e+05s ago] {'organization_id_1': 4, 'created_at_1': datetime.datetime(2024, 3, 12, 0, 0), 'created_at_2': datetime.datetime(2024, 3, 12, 23, 59, 59)}
INFO:sqlalchemy.engine.Engine:ROLLBACK
INFO:werkzeug:127.0.0.1 - - [12/Mar/2024 15:13:13] "GET /api/v1/events/4 HTTP/1.1" 200 -
INFO:sqlalchemy.engine.Engine:ROLLBACK
INFO:werkzeug:127.0.0.1 - - [12/Mar/2024 15:13:13] "GET /api/v1/events/4 HTTP/1.1" 200 -
INFO:sqlalchemy.engine.Engine:BEGIN (implicit)
INFO:sqlalchemy.engine.Engine:SELECT events.id AS events_id, events.title AS events_title, events.link AS events_link, events.sub_links AS events_sub_links, events.image AS events_image, events.date AS events_date, events.start_time AS events_start_time, events.end_time AS events_end_time, events.location AS events_location, events.short_description AS events_short_description, events.full_description AS events_full_description, events.other_info AS events_other_info, events.cost AS events_cost, events.category AS events_category, events.created_at AS events_created_at, events.is_video AS events_is_video, events.organization_id AS events_organization_id, events.organization_name AS events_organization_name 
FROM events 
WHERE events.organization_id = %(organization_id_1)s AND events.created_at >= %(created_at_1)s AND events.created_at <= %(created_at_2)s
INFO:sqlalchemy.engine.Engine:[cached since 3.229e+05s ago] {'organization_id_1': 10, 'created_at_1': datetime.datetime(2024, 3, 12, 0, 0), 'created_at_2': datetime.datetime(2024, 3, 12, 23, 59, 59)}
INFO:sqlalchemy.engine.Engine:ROLLBACK
INFO:werkzeug:127.0.0.1 - - [12/Mar/2024 15:13:33] "GET /api/v1/events/10 HTTP/1.1" 200 -
INFO:sqlalchemy.engine.Engine:BEGIN (implicit)
INFO:sqlalchemy.engine.Engine:SELECT events.id AS events_id, events.title AS events_title, events.link AS events_link, events.sub_links AS events_sub_links, events.image AS events_image, events.date AS events_date, events.start_time AS events_start_time, events.end_time AS events_end_time, events.location AS events_location, events.short_description AS events_short_description, events.full_description AS events_full_description, events.other_info AS events_other_info, events.cost AS events_cost, events.category AS events_category, events.created_at AS events_created_at, events.is_video AS events_is_video, events.organization_id AS events_organization_id, events.organization_name AS events_organization_name 
FROM events 
WHERE events.organization_id = %(organization_id_1)s AND events.created_at >= %(created_at_1)s AND events.created_at <= %(created_at_2)s
INFO:sqlalchemy.engine.Engine:[cached since 3.229e+05s ago] {'organization_id_1': 10, 'created_at_1': datetime.datetime(2024, 3, 12, 0, 0), 'created_at_2': datetime.datetime(2024, 3, 12, 23, 59, 59)}
INFO:sqlalchemy.engine.Engine:ROLLBACK
INFO:werkzeug:127.0.0.1 - - [12/Mar/2024 15:13:33] "GET /api/v1/events/10 HTTP/1.1" 200 -
INFO:sqlalchemy.engine.Engine:BEGIN (implicit)
INFO:sqlalchemy.engine.Engine:SELECT events.id AS events_id, events.title AS events_title, events.link AS events_link, events.sub_links AS events_sub_links, events.image AS events_image, events.date AS events_date, events.start_time AS events_start_time, events.end_time AS events_end_time, events.location AS events_location, events.short_description AS events_short_description, events.full_description AS events_full_description, events.other_info AS events_other_info, events.cost AS events_cost, events.category AS events_category, events.created_at AS events_created_at, events.is_video AS events_is_video, events.organization_id AS events_organization_id, events.organization_name AS events_organization_name 
FROM events 
WHERE events.organization_id = %(organization_id_1)s AND events.created_at >= %(created_at_1)s AND events.created_at <= %(created_at_2)s
INFO:sqlalchemy.engine.Engine:[cached since 3.229e+05s ago] {'organization_id_1': 4, 'created_at_1': datetime.datetime(2024, 3, 12, 0, 0), 'created_at_2': datetime.datetime(2024, 3, 12, 23, 59, 59)}
INFO:sqlalchemy.engine.Engine:ROLLBACK
INFO:werkzeug:127.0.0.1 - - [12/Mar/2024 15:13:33] "GET /api/v1/events/4 HTTP/1.1" 200 -
INFO:sqlalchemy.engine.Engine:BEGIN (implicit)
INFO:sqlalchemy.engine.Engine:SELECT events.id AS events_id, events.title AS events_title, events.link AS events_link, events.sub_links AS events_sub_links, events.image AS events_image, events.date AS events_date, events.start_time AS events_start_time, events.end_time AS events_end_time, events.location AS events_location, events.short_description AS events_short_description, events.full_description AS events_full_description, events.other_info AS events_other_info, events.cost AS events_cost, events.category AS events_category, events.created_at AS events_created_at, events.is_video AS events_is_video, events.organization_id AS events_organization_id, events.organization_name AS events_organization_name 
FROM events 
WHERE events.organization_id = %(organization_id_1)s AND events.created_at >= %(created_at_1)s AND events.created_at <= %(created_at_2)s
INFO:sqlalchemy.engine.Engine:[cached since 3.229e+05s ago] {'organization_id_1': 4, 'created_at_1': datetime.datetime(2024, 3, 12, 0, 0), 'created_at_2': datetime.datetime(2024, 3, 12, 23, 59, 59)}
INFO:sqlalchemy.engine.Engine:ROLLBACK
INFO:werkzeug:127.0.0.1 - - [12/Mar/2024 15:13:33] "GET /api/v1/events/4 HTTP/1.1" 200 -
INFO:sqlalchemy.engine.Engine:BEGIN (implicit)
INFO:sqlalchemy.engine.Engine:SELECT prayer_times.id AS prayer_times_id, prayer_times.prayer_name AS prayer_times_prayer_name, prayer_times.athan_time AS prayer_times_athan_time, prayer_times.iqama_time AS prayer_times_iqama_time, prayer_times.jumuah_time AS prayer_times_jumuah_time, prayer_times.jumuah_time2 AS prayer_times_jumuah_time2, prayer_times.created_at AS prayer_times_created_at, prayer_times.organization_id AS prayer_times_organization_id, prayer_times.organization_name AS prayer_times_organization_name 
FROM prayer_times 
WHERE prayer_times.organization_id = %(organization_id_1)s AND prayer_times.created_at >= %(created_at_1)s AND prayer_times.created_at <= %(created_at_2)s
INFO:sqlalchemy.engine.Engine:[cached since 3.24e+05s ago] {'organization_id_1': 3, 'created_at_1': datetime.datetime(2024, 3, 12, 0, 0), 'created_at_2': datetime.datetime(2024, 3, 12, 23, 59, 59)}
INFO:sqlalchemy.engine.Engine:ROLLBACK
INFO:werkzeug:127.0.0.1 - - [12/Mar/2024 15:32:06] "GET /api/v1/prayer_times/3 HTTP/1.1" 200 -
INFO:sqlalchemy.engine.Engine:BEGIN (implicit)
INFO:sqlalchemy.engine.Engine:SELECT prayer_times.id AS prayer_times_id, prayer_times.prayer_name AS prayer_times_prayer_name, prayer_times.athan_time AS prayer_times_athan_time, prayer_times.iqama_time AS prayer_times_iqama_time, prayer_times.jumuah_time AS prayer_times_jumuah_time, prayer_times.jumuah_time2 AS prayer_times_jumuah_time2, prayer_times.created_at AS prayer_times_created_at, prayer_times.organization_id AS prayer_times_organization_id, prayer_times.organization_name AS prayer_times_organization_name 
FROM prayer_times 
WHERE prayer_times.organization_id = %(organization_id_1)s AND prayer_times.created_at >= %(created_at_1)s AND prayer_times.created_at <= %(created_at_2)s
INFO:sqlalchemy.engine.Engine:[cached since 3.24e+05s ago] {'organization_id_1': 3, 'created_at_1': datetime.datetime(2024, 3, 12, 0, 0), 'created_at_2': datetime.datetime(2024, 3, 12, 23, 59, 59)}
INFO:sqlalchemy.engine.Engine:ROLLBACK
INFO:werkzeug:127.0.0.1 - - [12/Mar/2024 15:32:06] "GET /api/v1/prayer_times/3 HTTP/1.1" 200 -
INFO:werkzeug:127.0.0.1 - - [12/Mar/2024 15:40:35] "GET /logo.png HTTP/1.1" 200 -
INFO:root:Started
INFO:sqlalchemy.engine.Engine:SELECT DATABASE()
INFO:sqlalchemy.engine.Engine:[raw sql] {}
INFO:sqlalchemy.engine.Engine:SELECT @@sql_mode
INFO:sqlalchemy.engine.Engine:[raw sql] {}
INFO:sqlalchemy.engine.Engine:SELECT @@lower_case_table_names
INFO:sqlalchemy.engine.Engine:[raw sql] {}
INFO:sqlalchemy.engine.Engine:BEGIN (implicit)
INFO:sqlalchemy.engine.Engine:DESCRIBE `salamcity`.`organizations`
INFO:sqlalchemy.engine.Engine:[raw sql] {}
INFO:sqlalchemy.engine.Engine:DESCRIBE `salamcity`.`events`
INFO:sqlalchemy.engine.Engine:[raw sql] {}
INFO:sqlalchemy.engine.Engine:DESCRIBE `salamcity`.`prayer_times`
INFO:sqlalchemy.engine.Engine:[raw sql] {}
INFO:sqlalchemy.engine.Engine:COMMIT
INFO:root:Database connected
INFO:sqlalchemy.engine.Engine:BEGIN (implicit)
INFO:sqlalchemy.engine.Engine:SELECT organizations.id AS organizations_id, organizations.name AS organizations_name, organizations.name_short AS organizations_name_short, organizations.location AS organizations_location, organizations.phone_number AS organizations_phone_number, organizations.email AS organizations_email, organizations.description AS organizations_description, organizations.image AS organizations_image, organizations.website AS organizations_website, organizations.facebook AS organizations_facebook, organizations.twitter AS organizations_twitter, organizations.instagram AS organizations_instagram, organizations.youtube AS organizations_youtube 
FROM organizations
INFO:sqlalchemy.engine.Engine:[generated in 0.00075s] {}
INFO:sqlalchemy.engine.Engine:ROLLBACK
INFO:werkzeug:[31m[1mWARNING: This is a development server. Do not use it in a production deployment. Use a production WSGI server instead.[0m
 * Running on http://127.0.0.1:5000
INFO:werkzeug:[33mPress CTRL+C to quit[0m
INFO:werkzeug:127.0.0.1 - - [13/Mar/2024 15:22:49] "GET /api/v1/organizations HTTP/1.1" 200 -
INFO:sqlalchemy.engine.Engine:BEGIN (implicit)
INFO:sqlalchemy.engine.Engine:SELECT events.id AS events_id, events.title AS events_title, events.link AS events_link, events.sub_links AS events_sub_links, events.image AS events_image, events.date AS events_date, events.start_time AS events_start_time, events.end_time AS events_end_time, events.location AS events_location, events.short_description AS events_short_description, events.full_description AS events_full_description, events.other_info AS events_other_info, events.cost AS events_cost, events.category AS events_category, events.created_at AS events_created_at, events.is_video AS events_is_video, events.organization_id AS events_organization_id, events.organization_name AS events_organization_name 
FROM events 
WHERE events.created_at >= %(created_at_1)s AND events.created_at <= %(created_at_2)s
INFO:werkzeug:127.0.0.1 - - [13/Mar/2024 15:22:49] "GET /api/v1/organizations HTTP/1.1" 200 -
INFO:sqlalchemy.engine.Engine:[generated in 0.00147s] {'created_at_1': datetime.datetime(2024, 3, 13, 0, 0), 'created_at_2': datetime.datetime(2024, 3, 13, 23, 59, 59)}
INFO:sqlalchemy.engine.Engine:ROLLBACK
INFO:werkzeug:127.0.0.1 - - [13/Mar/2024 15:22:49] "GET /api/v1/events HTTP/1.1" 200 -
INFO:sqlalchemy.engine.Engine:BEGIN (implicit)
INFO:sqlalchemy.engine.Engine:SELECT events.id AS events_id, events.title AS events_title, events.link AS events_link, events.sub_links AS events_sub_links, events.image AS events_image, events.date AS events_date, events.start_time AS events_start_time, events.end_time AS events_end_time, events.location AS events_location, events.short_description AS events_short_description, events.full_description AS events_full_description, events.other_info AS events_other_info, events.cost AS events_cost, events.category AS events_category, events.created_at AS events_created_at, events.is_video AS events_is_video, events.organization_id AS events_organization_id, events.organization_name AS events_organization_name 
FROM events 
WHERE events.created_at >= %(created_at_1)s AND events.created_at <= %(created_at_2)s
INFO:sqlalchemy.engine.Engine:[cached since 0.08695s ago] {'created_at_1': datetime.datetime(2024, 3, 13, 0, 0), 'created_at_2': datetime.datetime(2024, 3, 13, 23, 59, 59)}
INFO:sqlalchemy.engine.Engine:ROLLBACK
INFO:werkzeug:127.0.0.1 - - [13/Mar/2024 15:22:49] "GET /api/v1/events HTTP/1.1" 200 -
INFO:werkzeug:127.0.0.1 - - [13/Mar/2024 15:23:40] "GET /api/v1/organizations HTTP/1.1" 200 -
INFO:werkzeug:127.0.0.1 - - [13/Mar/2024 15:23:40] "GET /api/v1/organizations HTTP/1.1" 200 -
INFO:sqlalchemy.engine.Engine:BEGIN (implicit)
INFO:sqlalchemy.engine.Engine:SELECT events.id AS events_id, events.title AS events_title, events.link AS events_link, events.sub_links AS events_sub_links, events.image AS events_image, events.date AS events_date, events.start_time AS events_start_time, events.end_time AS events_end_time, events.location AS events_location, events.short_description AS events_short_description, events.full_description AS events_full_description, events.other_info AS events_other_info, events.cost AS events_cost, events.category AS events_category, events.created_at AS events_created_at, events.is_video AS events_is_video, events.organization_id AS events_organization_id, events.organization_name AS events_organization_name 
FROM events 
WHERE events.created_at >= %(created_at_1)s AND events.created_at <= %(created_at_2)s
INFO:sqlalchemy.engine.Engine:[cached since 51.12s ago] {'created_at_1': datetime.datetime(2024, 3, 13, 0, 0), 'created_at_2': datetime.datetime(2024, 3, 13, 23, 59, 59)}
INFO:sqlalchemy.engine.Engine:BEGIN (implicit)
INFO:sqlalchemy.engine.Engine:SELECT events.id AS events_id, events.title AS events_title, events.link AS events_link, events.sub_links AS events_sub_links, events.image AS events_image, events.date AS events_date, events.start_time AS events_start_time, events.end_time AS events_end_time, events.location AS events_location, events.short_description AS events_short_description, events.full_description AS events_full_description, events.other_info AS events_other_info, events.cost AS events_cost, events.category AS events_category, events.created_at AS events_created_at, events.is_video AS events_is_video, events.organization_id AS events_organization_id, events.organization_name AS events_organization_name 
FROM events 
WHERE events.created_at >= %(created_at_1)s AND events.created_at <= %(created_at_2)s
INFO:sqlalchemy.engine.Engine:ROLLBACK
INFO:sqlalchemy.engine.Engine:[cached since 51.13s ago] {'created_at_1': datetime.datetime(2024, 3, 13, 0, 0), 'created_at_2': datetime.datetime(2024, 3, 13, 23, 59, 59)}
INFO:werkzeug:127.0.0.1 - - [13/Mar/2024 15:23:40] "GET /api/v1/events HTTP/1.1" 200 -
INFO:sqlalchemy.engine.Engine:ROLLBACK
INFO:werkzeug:127.0.0.1 - - [13/Mar/2024 15:23:40] "GET /api/v1/events HTTP/1.1" 200 -
INFO:sqlalchemy.engine.Engine:BEGIN (implicit)
INFO:sqlalchemy.engine.Engine:BEGIN (implicit)
INFO:sqlalchemy.engine.Engine:SELECT organizations.id AS organizations_id, organizations.name AS organizations_name, organizations.name_short AS organizations_name_short, organizations.location AS organizations_location, organizations.phone_number AS organizations_phone_number, organizations.email AS organizations_email, organizations.description AS organizations_description, organizations.image AS organizations_image, organizations.website AS organizations_website, organizations.facebook AS organizations_facebook, organizations.twitter AS organizations_twitter, organizations.instagram AS organizations_instagram, organizations.youtube AS organizations_youtube 
FROM organizations 
WHERE organizations.id = %(id_1)s 
 LIMIT %(param_1)s
INFO:sqlalchemy.engine.Engine:SELECT organizations.id AS organizations_id, organizations.name AS organizations_name, organizations.name_short AS organizations_name_short, organizations.location AS organizations_location, organizations.phone_number AS organizations_phone_number, organizations.email AS organizations_email, organizations.description AS organizations_description, organizations.image AS organizations_image, organizations.website AS organizations_website, organizations.facebook AS organizations_facebook, organizations.twitter AS organizations_twitter, organizations.instagram AS organizations_instagram, organizations.youtube AS organizations_youtube 
FROM organizations 
WHERE organizations.id = %(id_1)s 
 LIMIT %(param_1)s
INFO:sqlalchemy.engine.Engine:[generated in 0.00092s] {'id_1': 3, 'param_1': 1}
INFO:sqlalchemy.engine.Engine:[cached since 0.001425s ago] {'id_1': 3, 'param_1': 1}
INFO:sqlalchemy.engine.Engine:ROLLBACK
INFO:sqlalchemy.engine.Engine:ROLLBACK
INFO:werkzeug:127.0.0.1 - - [13/Mar/2024 15:23:40] "GET /api/v1/organizations/3/image HTTP/1.1" 200 -
INFO:werkzeug:127.0.0.1 - - [13/Mar/2024 15:23:40] "GET /api/v1/organizations/3/image HTTP/1.1" 200 -
INFO:werkzeug:127.0.0.1 - - [13/Mar/2024 15:26:13] "GET /api/v1/organizations HTTP/1.1" 200 -
INFO:sqlalchemy.engine.Engine:BEGIN (implicit)
INFO:sqlalchemy.engine.Engine:SELECT events.id AS events_id, events.title AS events_title, events.link AS events_link, events.sub_links AS events_sub_links, events.image AS events_image, events.date AS events_date, events.start_time AS events_start_time, events.end_time AS events_end_time, events.location AS events_location, events.short_description AS events_short_description, events.full_description AS events_full_description, events.other_info AS events_other_info, events.cost AS events_cost, events.category AS events_category, events.created_at AS events_created_at, events.is_video AS events_is_video, events.organization_id AS events_organization_id, events.organization_name AS events_organization_name 
FROM events 
WHERE events.created_at >= %(created_at_1)s AND events.created_at <= %(created_at_2)s
INFO:sqlalchemy.engine.Engine:[cached since 204.5s ago] {'created_at_1': datetime.datetime(2024, 3, 13, 0, 0), 'created_at_2': datetime.datetime(2024, 3, 13, 23, 59, 59)}
INFO:werkzeug:127.0.0.1 - - [13/Mar/2024 15:26:13] "GET /api/v1/organizations HTTP/1.1" 200 -
INFO:sqlalchemy.engine.Engine:ROLLBACK
INFO:werkzeug:127.0.0.1 - - [13/Mar/2024 15:26:13] "GET /api/v1/events HTTP/1.1" 200 -
INFO:sqlalchemy.engine.Engine:BEGIN (implicit)
INFO:sqlalchemy.engine.Engine:SELECT events.id AS events_id, events.title AS events_title, events.link AS events_link, events.sub_links AS events_sub_links, events.image AS events_image, events.date AS events_date, events.start_time AS events_start_time, events.end_time AS events_end_time, events.location AS events_location, events.short_description AS events_short_description, events.full_description AS events_full_description, events.other_info AS events_other_info, events.cost AS events_cost, events.category AS events_category, events.created_at AS events_created_at, events.is_video AS events_is_video, events.organization_id AS events_organization_id, events.organization_name AS events_organization_name 
FROM events 
WHERE events.created_at >= %(created_at_1)s AND events.created_at <= %(created_at_2)s
INFO:sqlalchemy.engine.Engine:[cached since 204.5s ago] {'created_at_1': datetime.datetime(2024, 3, 13, 0, 0), 'created_at_2': datetime.datetime(2024, 3, 13, 23, 59, 59)}
INFO:sqlalchemy.engine.Engine:ROLLBACK
INFO:werkzeug:127.0.0.1 - - [13/Mar/2024 15:26:13] "GET /api/v1/events HTTP/1.1" 200 -
INFO:sqlalchemy.engine.Engine:BEGIN (implicit)
INFO:sqlalchemy.engine.Engine:SELECT organizations.id AS organizations_id, organizations.name AS organizations_name, organizations.name_short AS organizations_name_short, organizations.location AS organizations_location, organizations.phone_number AS organizations_phone_number, organizations.email AS organizations_email, organizations.description AS organizations_description, organizations.image AS organizations_image, organizations.website AS organizations_website, organizations.facebook AS organizations_facebook, organizations.twitter AS organizations_twitter, organizations.instagram AS organizations_instagram, organizations.youtube AS organizations_youtube 
FROM organizations 
WHERE organizations.id = %(id_1)s 
 LIMIT %(param_1)s
INFO:sqlalchemy.engine.Engine:[cached since 153.5s ago] {'id_1': 3, 'param_1': 1}
INFO:sqlalchemy.engine.Engine:ROLLBACK
INFO:werkzeug:127.0.0.1 - - [13/Mar/2024 15:26:13] "GET /api/v1/organizations/3/image HTTP/1.1" 200 -
INFO:sqlalchemy.engine.Engine:BEGIN (implicit)
INFO:sqlalchemy.engine.Engine:BEGIN (implicit)
INFO:sqlalchemy.engine.Engine:SELECT organizations.id AS organizations_id, organizations.name AS organizations_name, organizations.name_short AS organizations_name_short, organizations.location AS organizations_location, organizations.phone_number AS organizations_phone_number, organizations.email AS organizations_email, organizations.description AS organizations_description, organizations.image AS organizations_image, organizations.website AS organizations_website, organizations.facebook AS organizations_facebook, organizations.twitter AS organizations_twitter, organizations.instagram AS organizations_instagram, organizations.youtube AS organizations_youtube 
FROM organizations 
WHERE organizations.id = %(id_1)s 
 LIMIT %(param_1)s
INFO:sqlalchemy.engine.Engine:SELECT organizations.id AS organizations_id, organizations.name AS organizations_name, organizations.name_short AS organizations_name_short, organizations.location AS organizations_location, organizations.phone_number AS organizations_phone_number, organizations.email AS organizations_email, organizations.description AS organizations_description, organizations.image AS organizations_image, organizations.website AS organizations_website, organizations.facebook AS organizations_facebook, organizations.twitter AS organizations_twitter, organizations.instagram AS organizations_instagram, organizations.youtube AS organizations_youtube 
FROM organizations 
WHERE organizations.id = %(id_1)s 
 LIMIT %(param_1)s
INFO:sqlalchemy.engine.Engine:[cached since 153.5s ago] {'id_1': 3, 'param_1': 1}
INFO:sqlalchemy.engine.Engine:[cached since 153.5s ago] {'id_1': 3, 'param_1': 1}
INFO:sqlalchemy.engine.Engine:BEGIN (implicit)
INFO:sqlalchemy.engine.Engine:ROLLBACK
INFO:werkzeug:127.0.0.1 - - [13/Mar/2024 15:26:13] "GET /api/v1/organizations/3/image HTTP/1.1" 200 -
INFO:sqlalchemy.engine.Engine:SELECT organizations.id AS organizations_id, organizations.name AS organizations_name, organizations.name_short AS organizations_name_short, organizations.location AS organizations_location, organizations.phone_number AS organizations_phone_number, organizations.email AS organizations_email, organizations.description AS organizations_description, organizations.image AS organizations_image, organizations.website AS organizations_website, organizations.facebook AS organizations_facebook, organizations.twitter AS organizations_twitter, organizations.instagram AS organizations_instagram, organizations.youtube AS organizations_youtube 
FROM organizations 
WHERE organizations.id = %(id_1)s 
 LIMIT %(param_1)s
INFO:sqlalchemy.engine.Engine:ROLLBACK
INFO:sqlalchemy.engine.Engine:BEGIN (implicit)
INFO:werkzeug:127.0.0.1 - - [13/Mar/2024 15:26:13] "GET /api/v1/organizations/3/image HTTP/1.1" 200 -
INFO:sqlalchemy.engine.Engine:[cached since 153.5s ago] {'id_1': 3, 'param_1': 1}
INFO:sqlalchemy.engine.Engine:BEGIN (implicit)
INFO:sqlalchemy.engine.Engine:SELECT organizations.id AS organizations_id, organizations.name AS organizations_name, organizations.name_short AS organizations_name_short, organizations.location AS organizations_location, organizations.phone_number AS organizations_phone_number, organizations.email AS organizations_email, organizations.description AS organizations_description, organizations.image AS organizations_image, organizations.website AS organizations_website, organizations.facebook AS organizations_facebook, organizations.twitter AS organizations_twitter, organizations.instagram AS organizations_instagram, organizations.youtube AS organizations_youtube 
FROM organizations 
WHERE organizations.id = %(id_1)s 
 LIMIT %(param_1)s
INFO:sqlalchemy.engine.Engine:SELECT organizations.id AS organizations_id, organizations.name AS organizations_name, organizations.name_short AS organizations_name_short, organizations.location AS organizations_location, organizations.phone_number AS organizations_phone_number, organizations.email AS organizations_email, organizations.description AS organizations_description, organizations.image AS organizations_image, organizations.website AS organizations_website, organizations.facebook AS organizations_facebook, organizations.twitter AS organizations_twitter, organizations.instagram AS organizations_instagram, organizations.youtube AS organizations_youtube 
FROM organizations 
WHERE organizations.id = %(id_1)s 
 LIMIT %(param_1)s
INFO:sqlalchemy.engine.Engine:[cached since 153.5s ago] {'id_1': 3, 'param_1': 1}
INFO:sqlalchemy.engine.Engine:ROLLBACK
INFO:werkzeug:127.0.0.1 - - [13/Mar/2024 15:26:13] "GET /api/v1/organizations/3/image HTTP/1.1" 200 -
INFO:sqlalchemy.engine.Engine:[cached since 153.5s ago] {'id_1': 3, 'param_1': 1}
INFO:sqlalchemy.engine.Engine:ROLLBACK
INFO:sqlalchemy.engine.Engine:ROLLBACK
INFO:werkzeug:127.0.0.1 - - [13/Mar/2024 15:26:13] "GET /api/v1/organizations/3/image HTTP/1.1" 200 -
INFO:werkzeug:127.0.0.1 - - [13/Mar/2024 15:26:13] "GET /api/v1/organizations/3/image HTTP/1.1" 200 -
INFO:sqlalchemy.engine.Engine:BEGIN (implicit)
INFO:sqlalchemy.engine.Engine:SELECT organizations.id AS organizations_id, organizations.name AS organizations_name, organizations.name_short AS organizations_name_short, organizations.location AS organizations_location, organizations.phone_number AS organizations_phone_number, organizations.email AS organizations_email, organizations.description AS organizations_description, organizations.image AS organizations_image, organizations.website AS organizations_website, organizations.facebook AS organizations_facebook, organizations.twitter AS organizations_twitter, organizations.instagram AS organizations_instagram, organizations.youtube AS organizations_youtube 
FROM organizations 
WHERE organizations.id = %(id_1)s 
 LIMIT %(param_1)s
INFO:sqlalchemy.engine.Engine:[cached since 157.7s ago] {'id_1': 3, 'param_1': 1}
INFO:sqlalchemy.engine.Engine:ROLLBACK
INFO:werkzeug:127.0.0.1 - - [13/Mar/2024 15:26:18] "GET /api/v1/organizations/3/image HTTP/1.1" 200 -
INFO:sqlalchemy.engine.Engine:BEGIN (implicit)
INFO:sqlalchemy.engine.Engine:BEGIN (implicit)
INFO:sqlalchemy.engine.Engine:SELECT organizations.id AS organizations_id, organizations.name AS organizations_name, organizations.name_short AS organizations_name_short, organizations.location AS organizations_location, organizations.phone_number AS organizations_phone_number, organizations.email AS organizations_email, organizations.description AS organizations_description, organizations.image AS organizations_image, organizations.website AS organizations_website, organizations.facebook AS organizations_facebook, organizations.twitter AS organizations_twitter, organizations.instagram AS organizations_instagram, organizations.youtube AS organizations_youtube 
FROM organizations 
WHERE organizations.id = %(id_1)s 
 LIMIT %(param_1)s
INFO:sqlalchemy.engine.Engine:SELECT organizations.id AS organizations_id, organizations.name AS organizations_name, organizations.name_short AS organizations_name_short, organizations.location AS organizations_location, organizations.phone_number AS organizations_phone_number, organizations.email AS organizations_email, organizations.description AS organizations_description, organizations.image AS organizations_image, organizations.website AS organizations_website, organizations.facebook AS organizations_facebook, organizations.twitter AS organizations_twitter, organizations.instagram AS organizations_instagram, organizations.youtube AS organizations_youtube 
FROM organizations 
WHERE organizations.id = %(id_1)s 
 LIMIT %(param_1)s
INFO:sqlalchemy.engine.Engine:[cached since 157.7s ago] {'id_1': 3, 'param_1': 1}
INFO:sqlalchemy.engine.Engine:BEGIN (implicit)
INFO:sqlalchemy.engine.Engine:BEGIN (implicit)
INFO:sqlalchemy.engine.Engine:[cached since 157.7s ago] {'id_1': 3, 'param_1': 1}
INFO:sqlalchemy.engine.Engine:SELECT organizations.id AS organizations_id, organizations.name AS organizations_name, organizations.name_short AS organizations_name_short, organizations.location AS organizations_location, organizations.phone_number AS organizations_phone_number, organizations.email AS organizations_email, organizations.description AS organizations_description, organizations.image AS organizations_image, organizations.website AS organizations_website, organizations.facebook AS organizations_facebook, organizations.twitter AS organizations_twitter, organizations.instagram AS organizations_instagram, organizations.youtube AS organizations_youtube 
FROM organizations 
WHERE organizations.id = %(id_1)s 
 LIMIT %(param_1)s
INFO:sqlalchemy.engine.Engine:SELECT organizations.id AS organizations_id, organizations.name AS organizations_name, organizations.name_short AS organizations_name_short, organizations.location AS organizations_location, organizations.phone_number AS organizations_phone_number, organizations.email AS organizations_email, organizations.description AS organizations_description, organizations.image AS organizations_image, organizations.website AS organizations_website, organizations.facebook AS organizations_facebook, organizations.twitter AS organizations_twitter, organizations.instagram AS organizations_instagram, organizations.youtube AS organizations_youtube 
FROM organizations 
WHERE organizations.id = %(id_1)s 
 LIMIT %(param_1)s
INFO:sqlalchemy.engine.Engine:ROLLBACK
INFO:sqlalchemy.engine.Engine:[cached since 157.7s ago] {'id_1': 3, 'param_1': 1}
INFO:sqlalchemy.engine.Engine:[cached since 157.7s ago] {'id_1': 3, 'param_1': 1}
INFO:werkzeug:127.0.0.1 - - [13/Mar/2024 15:26:18] "GET /api/v1/organizations/3/image HTTP/1.1" 200 -
INFO:sqlalchemy.engine.Engine:ROLLBACK
INFO:sqlalchemy.engine.Engine:BEGIN (implicit)
INFO:werkzeug:127.0.0.1 - - [13/Mar/2024 15:26:18] "GET /api/v1/organizations/3/image HTTP/1.1" 200 -
INFO:sqlalchemy.engine.Engine:ROLLBACK
INFO:sqlalchemy.engine.Engine:ROLLBACK
INFO:werkzeug:127.0.0.1 - - [13/Mar/2024 15:26:18] "GET /api/v1/organizations/3/image HTTP/1.1" 200 -
INFO:sqlalchemy.engine.Engine:SELECT organizations.id AS organizations_id, organizations.name AS organizations_name, organizations.name_short AS organizations_name_short, organizations.location AS organizations_location, organizations.phone_number AS organizations_phone_number, organizations.email AS organizations_email, organizations.description AS organizations_description, organizations.image AS organizations_image, organizations.website AS organizations_website, organizations.facebook AS organizations_facebook, organizations.twitter AS organizations_twitter, organizations.instagram AS organizations_instagram, organizations.youtube AS organizations_youtube 
FROM organizations 
WHERE organizations.id = %(id_1)s 
 LIMIT %(param_1)s
INFO:werkzeug:127.0.0.1 - - [13/Mar/2024 15:26:18] "GET /api/v1/organizations/3/image HTTP/1.1" 200 -
INFO:sqlalchemy.engine.Engine:[cached since 157.7s ago] {'id_1': 3, 'param_1': 1}
INFO:sqlalchemy.engine.Engine:ROLLBACK
INFO:werkzeug:127.0.0.1 - - [13/Mar/2024 15:26:18] "GET /api/v1/organizations/3/image HTTP/1.1" 200 -
INFO:sqlalchemy.engine.Engine:BEGIN (implicit)
INFO:sqlalchemy.engine.Engine:SELECT organizations.id AS organizations_id, organizations.name AS organizations_name, organizations.name_short AS organizations_name_short, organizations.location AS organizations_location, organizations.phone_number AS organizations_phone_number, organizations.email AS organizations_email, organizations.description AS organizations_description, organizations.image AS organizations_image, organizations.website AS organizations_website, organizations.facebook AS organizations_facebook, organizations.twitter AS organizations_twitter, organizations.instagram AS organizations_instagram, organizations.youtube AS organizations_youtube 
FROM organizations 
WHERE organizations.id = %(id_1)s 
 LIMIT %(param_1)s
INFO:sqlalchemy.engine.Engine:[cached since 161.4s ago] {'id_1': 3, 'param_1': 1}
INFO:sqlalchemy.engine.Engine:BEGIN (implicit)
INFO:sqlalchemy.engine.Engine:SELECT organizations.id AS organizations_id, organizations.name AS organizations_name, organizations.name_short AS organizations_name_short, organizations.location AS organizations_location, organizations.phone_number AS organizations_phone_number, organizations.email AS organizations_email, organizations.description AS organizations_description, organizations.image AS organizations_image, organizations.website AS organizations_website, organizations.facebook AS organizations_facebook, organizations.twitter AS organizations_twitter, organizations.instagram AS organizations_instagram, organizations.youtube AS organizations_youtube 
FROM organizations 
WHERE organizations.id = %(id_1)s 
 LIMIT %(param_1)s
INFO:sqlalchemy.engine.Engine:ROLLBACK
INFO:sqlalchemy.engine.Engine:[cached since 161.4s ago] {'id_1': 3, 'param_1': 1}
INFO:werkzeug:127.0.0.1 - - [13/Mar/2024 15:26:21] "GET /api/v1/organizations/3/image HTTP/1.1" 200 -
INFO:sqlalchemy.engine.Engine:ROLLBACK
INFO:werkzeug:127.0.0.1 - - [13/Mar/2024 15:26:21] "GET /api/v1/organizations/3/image HTTP/1.1" 200 -
INFO:sqlalchemy.engine.Engine:BEGIN (implicit)
INFO:sqlalchemy.engine.Engine:BEGIN (implicit)
INFO:sqlalchemy.engine.Engine:SELECT organizations.id AS organizations_id, organizations.name AS organizations_name, organizations.name_short AS organizations_name_short, organizations.location AS organizations_location, organizations.phone_number AS organizations_phone_number, organizations.email AS organizations_email, organizations.description AS organizations_description, organizations.image AS organizations_image, organizations.website AS organizations_website, organizations.facebook AS organizations_facebook, organizations.twitter AS organizations_twitter, organizations.instagram AS organizations_instagram, organizations.youtube AS organizations_youtube 
FROM organizations 
WHERE organizations.id = %(id_1)s 
 LIMIT %(param_1)s
INFO:sqlalchemy.engine.Engine:BEGIN (implicit)
INFO:sqlalchemy.engine.Engine:BEGIN (implicit)
INFO:sqlalchemy.engine.Engine:SELECT organizations.id AS organizations_id, organizations.name AS organizations_name, organizations.name_short AS organizations_name_short, organizations.location AS organizations_location, organizations.phone_number AS organizations_phone_number, organizations.email AS organizations_email, organizations.description AS organizations_description, organizations.image AS organizations_image, organizations.website AS organizations_website, organizations.facebook AS organizations_facebook, organizations.twitter AS organizations_twitter, organizations.instagram AS organizations_instagram, organizations.youtube AS organizations_youtube 
FROM organizations 
WHERE organizations.id = %(id_1)s 
 LIMIT %(param_1)s
INFO:sqlalchemy.engine.Engine:[cached since 161.4s ago] {'id_1': 3, 'param_1': 1}
INFO:sqlalchemy.engine.Engine:SELECT organizations.id AS organizations_id, organizations.name AS organizations_name, organizations.name_short AS organizations_name_short, organizations.location AS organizations_location, organizations.phone_number AS organizations_phone_number, organizations.email AS organizations_email, organizations.description AS organizations_description, organizations.image AS organizations_image, organizations.website AS organizations_website, organizations.facebook AS organizations_facebook, organizations.twitter AS organizations_twitter, organizations.instagram AS organizations_instagram, organizations.youtube AS organizations_youtube 
FROM organizations 
WHERE organizations.id = %(id_1)s 
 LIMIT %(param_1)s
INFO:sqlalchemy.engine.Engine:SELECT organizations.id AS organizations_id, organizations.name AS organizations_name, organizations.name_short AS organizations_name_short, organizations.location AS organizations_location, organizations.phone_number AS organizations_phone_number, organizations.email AS organizations_email, organizations.description AS organizations_description, organizations.image AS organizations_image, organizations.website AS organizations_website, organizations.facebook AS organizations_facebook, organizations.twitter AS organizations_twitter, organizations.instagram AS organizations_instagram, organizations.youtube AS organizations_youtube 
FROM organizations 
WHERE organizations.id = %(id_1)s 
 LIMIT %(param_1)s
INFO:sqlalchemy.engine.Engine:[cached since 161.4s ago] {'id_1': 3, 'param_1': 1}
INFO:sqlalchemy.engine.Engine:[cached since 161.4s ago] {'id_1': 3, 'param_1': 1}
INFO:sqlalchemy.engine.Engine:ROLLBACK
INFO:sqlalchemy.engine.Engine:[cached since 161.4s ago] {'id_1': 3, 'param_1': 1}
INFO:sqlalchemy.engine.Engine:ROLLBACK
INFO:werkzeug:127.0.0.1 - - [13/Mar/2024 15:26:21] "GET /api/v1/organizations/3/image HTTP/1.1" 200 -
INFO:sqlalchemy.engine.Engine:ROLLBACK
INFO:werkzeug:127.0.0.1 - - [13/Mar/2024 15:26:21] "GET /api/v1/organizations/3/image HTTP/1.1" 200 -
INFO:sqlalchemy.engine.Engine:ROLLBACK
INFO:werkzeug:127.0.0.1 - - [13/Mar/2024 15:26:21] "GET /api/v1/organizations/3/image HTTP/1.1" 200 -
INFO:werkzeug:127.0.0.1 - - [13/Mar/2024 15:26:21] "GET /api/v1/organizations/3/image HTTP/1.1" 200 -
INFO:sqlalchemy.engine.Engine:BEGIN (implicit)
INFO:sqlalchemy.engine.Engine:SELECT organizations.id AS organizations_id, organizations.name AS organizations_name, organizations.name_short AS organizations_name_short, organizations.location AS organizations_location, organizations.phone_number AS organizations_phone_number, organizations.email AS organizations_email, organizations.description AS organizations_description, organizations.image AS organizations_image, organizations.website AS organizations_website, organizations.facebook AS organizations_facebook, organizations.twitter AS organizations_twitter, organizations.instagram AS organizations_instagram, organizations.youtube AS organizations_youtube 
FROM organizations 
WHERE organizations.id = %(id_1)s 
 LIMIT %(param_1)s
INFO:sqlalchemy.engine.Engine:[cached since 175.2s ago] {'id_1': 3, 'param_1': 1}
INFO:sqlalchemy.engine.Engine:BEGIN (implicit)
INFO:sqlalchemy.engine.Engine:SELECT organizations.id AS organizations_id, organizations.name AS organizations_name, organizations.name_short AS organizations_name_short, organizations.location AS organizations_location, organizations.phone_number AS organizations_phone_number, organizations.email AS organizations_email, organizations.description AS organizations_description, organizations.image AS organizations_image, organizations.website AS organizations_website, organizations.facebook AS organizations_facebook, organizations.twitter AS organizations_twitter, organizations.instagram AS organizations_instagram, organizations.youtube AS organizations_youtube 
FROM organizations 
WHERE organizations.id = %(id_1)s 
 LIMIT %(param_1)s
INFO:sqlalchemy.engine.Engine:[cached since 175.2s ago] {'id_1': 3, 'param_1': 1}
INFO:sqlalchemy.engine.Engine:BEGIN (implicit)
INFO:sqlalchemy.engine.Engine:ROLLBACK
INFO:sqlalchemy.engine.Engine:BEGIN (implicit)
INFO:werkzeug:127.0.0.1 - - [13/Mar/2024 15:26:35] "GET /api/v1/organizations/3/image HTTP/1.1" 200 -
INFO:sqlalchemy.engine.Engine:SELECT organizations.id AS organizations_id, organizations.name AS organizations_name, organizations.name_short AS organizations_name_short, organizations.location AS organizations_location, organizations.phone_number AS organizations_phone_number, organizations.email AS organizations_email, organizations.description AS organizations_description, organizations.image AS organizations_image, organizations.website AS organizations_website, organizations.facebook AS organizations_facebook, organizations.twitter AS organizations_twitter, organizations.instagram AS organizations_instagram, organizations.youtube AS organizations_youtube 
FROM organizations 
WHERE organizations.id = %(id_1)s 
 LIMIT %(param_1)s
INFO:sqlalchemy.engine.Engine:SELECT organizations.id AS organizations_id, organizations.name AS organizations_name, organizations.name_short AS organizations_name_short, organizations.location AS organizations_location, organizations.phone_number AS organizations_phone_number, organizations.email AS organizations_email, organizations.description AS organizations_description, organizations.image AS organizations_image, organizations.website AS organizations_website, organizations.facebook AS organizations_facebook, organizations.twitter AS organizations_twitter, organizations.instagram AS organizations_instagram, organizations.youtube AS organizations_youtube 
FROM organizations 
WHERE organizations.id = %(id_1)s 
 LIMIT %(param_1)s
INFO:sqlalchemy.engine.Engine:BEGIN (implicit)
INFO:sqlalchemy.engine.Engine:ROLLBACK
INFO:sqlalchemy.engine.Engine:[cached since 175.2s ago] {'id_1': 3, 'param_1': 1}
INFO:werkzeug:127.0.0.1 - - [13/Mar/2024 15:26:35] "GET /api/v1/organizations/3/image HTTP/1.1" 200 -
INFO:sqlalchemy.engine.Engine:[cached since 175.3s ago] {'id_1': 3, 'param_1': 1}
INFO:sqlalchemy.engine.Engine:SELECT organizations.id AS organizations_id, organizations.name AS organizations_name, organizations.name_short AS organizations_name_short, organizations.location AS organizations_location, organizations.phone_number AS organizations_phone_number, organizations.email AS organizations_email, organizations.description AS organizations_description, organizations.image AS organizations_image, organizations.website AS organizations_website, organizations.facebook AS organizations_facebook, organizations.twitter AS organizations_twitter, organizations.instagram AS organizations_instagram, organizations.youtube AS organizations_youtube 
FROM organizations 
WHERE organizations.id = %(id_1)s 
 LIMIT %(param_1)s
INFO:sqlalchemy.engine.Engine:BEGIN (implicit)
INFO:sqlalchemy.engine.Engine:ROLLBACK
INFO:sqlalchemy.engine.Engine:[cached since 175.3s ago] {'id_1': 3, 'param_1': 1}
INFO:sqlalchemy.engine.Engine:SELECT organizations.id AS organizations_id, organizations.name AS organizations_name, organizations.name_short AS organizations_name_short, organizations.location AS organizations_location, organizations.phone_number AS organizations_phone_number, organizations.email AS organizations_email, organizations.description AS organizations_description, organizations.image AS organizations_image, organizations.website AS organizations_website, organizations.facebook AS organizations_facebook, organizations.twitter AS organizations_twitter, organizations.instagram AS organizations_instagram, organizations.youtube AS organizations_youtube 
FROM organizations 
WHERE organizations.id = %(id_1)s 
 LIMIT %(param_1)s
INFO:werkzeug:127.0.0.1 - - [13/Mar/2024 15:26:35] "GET /api/v1/organizations/3/image HTTP/1.1" 200 -
INFO:sqlalchemy.engine.Engine:[cached since 175.3s ago] {'id_1': 3, 'param_1': 1}
INFO:sqlalchemy.engine.Engine:ROLLBACK
INFO:sqlalchemy.engine.Engine:ROLLBACK
INFO:werkzeug:127.0.0.1 - - [13/Mar/2024 15:26:35] "GET /api/v1/organizations/3/image HTTP/1.1" 200 -
INFO:sqlalchemy.engine.Engine:ROLLBACK
INFO:werkzeug:127.0.0.1 - - [13/Mar/2024 15:26:35] "GET /api/v1/organizations/3/image HTTP/1.1" 200 -
INFO:werkzeug:127.0.0.1 - - [13/Mar/2024 15:26:35] "GET /api/v1/organizations/3/image HTTP/1.1" 200 -
INFO:sqlalchemy.engine.Engine:BEGIN (implicit)
INFO:sqlalchemy.engine.Engine:SELECT organizations.id AS organizations_id, organizations.name AS organizations_name, organizations.name_short AS organizations_name_short, organizations.location AS organizations_location, organizations.phone_number AS organizations_phone_number, organizations.email AS organizations_email, organizations.description AS organizations_description, organizations.image AS organizations_image, organizations.website AS organizations_website, organizations.facebook AS organizations_facebook, organizations.twitter AS organizations_twitter, organizations.instagram AS organizations_instagram, organizations.youtube AS organizations_youtube 
FROM organizations 
WHERE organizations.id = %(id_1)s 
 LIMIT %(param_1)s
INFO:sqlalchemy.engine.Engine:[cached since 202.9s ago] {'id_1': 3, 'param_1': 1}
INFO:sqlalchemy.engine.Engine:ROLLBACK
INFO:werkzeug:127.0.0.1 - - [13/Mar/2024 15:27:03] "GET /api/v1/organizations/3/image HTTP/1.1" 200 -
INFO:sqlalchemy.engine.Engine:BEGIN (implicit)
INFO:sqlalchemy.engine.Engine:SELECT organizations.id AS organizations_id, organizations.name AS organizations_name, organizations.name_short AS organizations_name_short, organizations.location AS organizations_location, organizations.phone_number AS organizations_phone_number, organizations.email AS organizations_email, organizations.description AS organizations_description, organizations.image AS organizations_image, organizations.website AS organizations_website, organizations.facebook AS organizations_facebook, organizations.twitter AS organizations_twitter, organizations.instagram AS organizations_instagram, organizations.youtube AS organizations_youtube 
FROM organizations 
WHERE organizations.id = %(id_1)s 
 LIMIT %(param_1)s
INFO:sqlalchemy.engine.Engine:[cached since 202.9s ago] {'id_1': 3, 'param_1': 1}
INFO:sqlalchemy.engine.Engine:BEGIN (implicit)
INFO:sqlalchemy.engine.Engine:ROLLBACK
INFO:sqlalchemy.engine.Engine:SELECT organizations.id AS organizations_id, organizations.name AS organizations_name, organizations.name_short AS organizations_name_short, organizations.location AS organizations_location, organizations.phone_number AS organizations_phone_number, organizations.email AS organizations_email, organizations.description AS organizations_description, organizations.image AS organizations_image, organizations.website AS organizations_website, organizations.facebook AS organizations_facebook, organizations.twitter AS organizations_twitter, organizations.instagram AS organizations_instagram, organizations.youtube AS organizations_youtube 
FROM organizations 
WHERE organizations.id = %(id_1)s 
 LIMIT %(param_1)s
INFO:werkzeug:127.0.0.1 - - [13/Mar/2024 15:27:03] "GET /api/v1/organizations/3/image HTTP/1.1" 200 -
INFO:sqlalchemy.engine.Engine:BEGIN (implicit)
INFO:sqlalchemy.engine.Engine:[cached since 203s ago] {'id_1': 3, 'param_1': 1}
INFO:sqlalchemy.engine.Engine:SELECT organizations.id AS organizations_id, organizations.name AS organizations_name, organizations.name_short AS organizations_name_short, organizations.location AS organizations_location, organizations.phone_number AS organizations_phone_number, organizations.email AS organizations_email, organizations.description AS organizations_description, organizations.image AS organizations_image, organizations.website AS organizations_website, organizations.facebook AS organizations_facebook, organizations.twitter AS organizations_twitter, organizations.instagram AS organizations_instagram, organizations.youtube AS organizations_youtube 
FROM organizations 
WHERE organizations.id = %(id_1)s 
 LIMIT %(param_1)s
INFO:sqlalchemy.engine.Engine:[cached since 203s ago] {'id_1': 3, 'param_1': 1}
INFO:sqlalchemy.engine.Engine:ROLLBACK
INFO:werkzeug:127.0.0.1 - - [13/Mar/2024 15:27:03] "GET /api/v1/organizations/3/image HTTP/1.1" 200 -
INFO:sqlalchemy.engine.Engine:BEGIN (implicit)
INFO:sqlalchemy.engine.Engine:ROLLBACK
INFO:werkzeug:127.0.0.1 - - [13/Mar/2024 15:27:03] "GET /api/v1/organizations/3/image HTTP/1.1" 200 -
INFO:sqlalchemy.engine.Engine:SELECT organizations.id AS organizations_id, organizations.name AS organizations_name, organizations.name_short AS organizations_name_short, organizations.location AS organizations_location, organizations.phone_number AS organizations_phone_number, organizations.email AS organizations_email, organizations.description AS organizations_description, organizations.image AS organizations_image, organizations.website AS organizations_website, organizations.facebook AS organizations_facebook, organizations.twitter AS organizations_twitter, organizations.instagram AS organizations_instagram, organizations.youtube AS organizations_youtube 
FROM organizations 
WHERE organizations.id = %(id_1)s 
 LIMIT %(param_1)s
INFO:sqlalchemy.engine.Engine:[cached since 203s ago] {'id_1': 3, 'param_1': 1}
INFO:sqlalchemy.engine.Engine:ROLLBACK
INFO:werkzeug:127.0.0.1 - - [13/Mar/2024 15:27:03] "GET /api/v1/organizations/3/image HTTP/1.1" 200 -
INFO:sqlalchemy.engine.Engine:BEGIN (implicit)
INFO:sqlalchemy.engine.Engine:SELECT organizations.id AS organizations_id, organizations.name AS organizations_name, organizations.name_short AS organizations_name_short, organizations.location AS organizations_location, organizations.phone_number AS organizations_phone_number, organizations.email AS organizations_email, organizations.description AS organizations_description, organizations.image AS organizations_image, organizations.website AS organizations_website, organizations.facebook AS organizations_facebook, organizations.twitter AS organizations_twitter, organizations.instagram AS organizations_instagram, organizations.youtube AS organizations_youtube 
FROM organizations 
WHERE organizations.id = %(id_1)s 
 LIMIT %(param_1)s
INFO:sqlalchemy.engine.Engine:[cached since 203s ago] {'id_1': 3, 'param_1': 1}
INFO:sqlalchemy.engine.Engine:ROLLBACK
INFO:werkzeug:127.0.0.1 - - [13/Mar/2024 15:27:03] "GET /api/v1/organizations/3/image HTTP/1.1" 200 -
INFO:sqlalchemy.engine.Engine:BEGIN (implicit)
INFO:sqlalchemy.engine.Engine:SELECT organizations.id AS organizations_id, organizations.name AS organizations_name, organizations.name_short AS organizations_name_short, organizations.location AS organizations_location, organizations.phone_number AS organizations_phone_number, organizations.email AS organizations_email, organizations.description AS organizations_description, organizations.image AS organizations_image, organizations.website AS organizations_website, organizations.facebook AS organizations_facebook, organizations.twitter AS organizations_twitter, organizations.instagram AS organizations_instagram, organizations.youtube AS organizations_youtube 
FROM organizations 
WHERE organizations.id = %(id_1)s 
 LIMIT %(param_1)s
INFO:sqlalchemy.engine.Engine:[cached since 208.5s ago] {'id_1': 3, 'param_1': 1}
INFO:sqlalchemy.engine.Engine:ROLLBACK
INFO:werkzeug:127.0.0.1 - - [13/Mar/2024 15:27:08] "GET /api/v1/organizations/3/image HTTP/1.1" 200 -
INFO:sqlalchemy.engine.Engine:BEGIN (implicit)
INFO:sqlalchemy.engine.Engine:BEGIN (implicit)
INFO:sqlalchemy.engine.Engine:SELECT organizations.id AS organizations_id, organizations.name AS organizations_name, organizations.name_short AS organizations_name_short, organizations.location AS organizations_location, organizations.phone_number AS organizations_phone_number, organizations.email AS organizations_email, organizations.description AS organizations_description, organizations.image AS organizations_image, organizations.website AS organizations_website, organizations.facebook AS organizations_facebook, organizations.twitter AS organizations_twitter, organizations.instagram AS organizations_instagram, organizations.youtube AS organizations_youtube 
FROM organizations 
WHERE organizations.id = %(id_1)s 
 LIMIT %(param_1)s
INFO:sqlalchemy.engine.Engine:SELECT organizations.id AS organizations_id, organizations.name AS organizations_name, organizations.name_short AS organizations_name_short, organizations.location AS organizations_location, organizations.phone_number AS organizations_phone_number, organizations.email AS organizations_email, organizations.description AS organizations_description, organizations.image AS organizations_image, organizations.website AS organizations_website, organizations.facebook AS organizations_facebook, organizations.twitter AS organizations_twitter, organizations.instagram AS organizations_instagram, organizations.youtube AS organizations_youtube 
FROM organizations 
WHERE organizations.id = %(id_1)s 
 LIMIT %(param_1)s
INFO:sqlalchemy.engine.Engine:BEGIN (implicit)
INFO:sqlalchemy.engine.Engine:[cached since 208.5s ago] {'id_1': 3, 'param_1': 1}
INFO:sqlalchemy.engine.Engine:[cached since 208.5s ago] {'id_1': 3, 'param_1': 1}
INFO:sqlalchemy.engine.Engine:SELECT organizations.id AS organizations_id, organizations.name AS organizations_name, organizations.name_short AS organizations_name_short, organizations.location AS organizations_location, organizations.phone_number AS organizations_phone_number, organizations.email AS organizations_email, organizations.description AS organizations_description, organizations.image AS organizations_image, organizations.website AS organizations_website, organizations.facebook AS organizations_facebook, organizations.twitter AS organizations_twitter, organizations.instagram AS organizations_instagram, organizations.youtube AS organizations_youtube 
FROM organizations 
WHERE organizations.id = %(id_1)s 
 LIMIT %(param_1)s
INFO:sqlalchemy.engine.Engine:BEGIN (implicit)
INFO:sqlalchemy.engine.Engine:[cached since 208.5s ago] {'id_1': 3, 'param_1': 1}
INFO:sqlalchemy.engine.Engine:SELECT organizations.id AS organizations_id, organizations.name AS organizations_name, organizations.name_short AS organizations_name_short, organizations.location AS organizations_location, organizations.phone_number AS organizations_phone_number, organizations.email AS organizations_email, organizations.description AS organizations_description, organizations.image AS organizations_image, organizations.website AS organizations_website, organizations.facebook AS organizations_facebook, organizations.twitter AS organizations_twitter, organizations.instagram AS organizations_instagram, organizations.youtube AS organizations_youtube 
FROM organizations 
WHERE organizations.id = %(id_1)s 
 LIMIT %(param_1)s
INFO:sqlalchemy.engine.Engine:ROLLBACK
INFO:sqlalchemy.engine.Engine:BEGIN (implicit)
INFO:sqlalchemy.engine.Engine:ROLLBACK
INFO:sqlalchemy.engine.Engine:ROLLBACK
INFO:sqlalchemy.engine.Engine:[cached since 208.5s ago] {'id_1': 3, 'param_1': 1}
INFO:werkzeug:127.0.0.1 - - [13/Mar/2024 15:27:08] "GET /api/v1/organizations/3/image HTTP/1.1" 200 -
INFO:werkzeug:127.0.0.1 - - [13/Mar/2024 15:27:08] "GET /api/v1/organizations/3/image HTTP/1.1" 200 -
INFO:sqlalchemy.engine.Engine:SELECT organizations.id AS organizations_id, organizations.name AS organizations_name, organizations.name_short AS organizations_name_short, organizations.location AS organizations_location, organizations.phone_number AS organizations_phone_number, organizations.email AS organizations_email, organizations.description AS organizations_description, organizations.image AS organizations_image, organizations.website AS organizations_website, organizations.facebook AS organizations_facebook, organizations.twitter AS organizations_twitter, organizations.instagram AS organizations_instagram, organizations.youtube AS organizations_youtube 
FROM organizations 
WHERE organizations.id = %(id_1)s 
 LIMIT %(param_1)s
INFO:werkzeug:127.0.0.1 - - [13/Mar/2024 15:27:08] "GET /api/v1/organizations/3/image HTTP/1.1" 200 -
INFO:sqlalchemy.engine.Engine:[cached since 208.5s ago] {'id_1': 3, 'param_1': 1}
INFO:sqlalchemy.engine.Engine:ROLLBACK
INFO:werkzeug:127.0.0.1 - - [13/Mar/2024 15:27:08] "GET /api/v1/organizations/3/image HTTP/1.1" 200 -
INFO:sqlalchemy.engine.Engine:ROLLBACK
INFO:werkzeug:127.0.0.1 - - [13/Mar/2024 15:27:08] "GET /api/v1/organizations/3/image HTTP/1.1" 200 -
INFO:sqlalchemy.engine.Engine:BEGIN (implicit)
INFO:sqlalchemy.engine.Engine:SELECT organizations.id AS organizations_id, organizations.name AS organizations_name, organizations.name_short AS organizations_name_short, organizations.location AS organizations_location, organizations.phone_number AS organizations_phone_number, organizations.email AS organizations_email, organizations.description AS organizations_description, organizations.image AS organizations_image, organizations.website AS organizations_website, organizations.facebook AS organizations_facebook, organizations.twitter AS organizations_twitter, organizations.instagram AS organizations_instagram, organizations.youtube AS organizations_youtube 
FROM organizations 
WHERE organizations.id = %(id_1)s 
 LIMIT %(param_1)s
INFO:sqlalchemy.engine.Engine:BEGIN (implicit)
INFO:sqlalchemy.engine.Engine:[cached since 276.8s ago] {'id_1': 3, 'param_1': 1}
INFO:sqlalchemy.engine.Engine:SELECT organizations.id AS organizations_id, organizations.name AS organizations_name, organizations.name_short AS organizations_name_short, organizations.location AS organizations_location, organizations.phone_number AS organizations_phone_number, organizations.email AS organizations_email, organizations.description AS organizations_description, organizations.image AS organizations_image, organizations.website AS organizations_website, organizations.facebook AS organizations_facebook, organizations.twitter AS organizations_twitter, organizations.instagram AS organizations_instagram, organizations.youtube AS organizations_youtube 
FROM organizations 
WHERE organizations.id = %(id_1)s 
 LIMIT %(param_1)s
INFO:sqlalchemy.engine.Engine:[cached since 276.8s ago] {'id_1': 3, 'param_1': 1}
INFO:sqlalchemy.engine.Engine:ROLLBACK
INFO:werkzeug:127.0.0.1 - - [13/Mar/2024 15:28:17] "GET /api/v1/organizations/3/image HTTP/1.1" 200 -
INFO:sqlalchemy.engine.Engine:BEGIN (implicit)
INFO:sqlalchemy.engine.Engine:ROLLBACK
INFO:werkzeug:127.0.0.1 - - [13/Mar/2024 15:28:17] "GET /api/v1/organizations/3/image HTTP/1.1" 200 -
INFO:sqlalchemy.engine.Engine:SELECT organizations.id AS organizations_id, organizations.name AS organizations_name, organizations.name_short AS organizations_name_short, organizations.location AS organizations_location, organizations.phone_number AS organizations_phone_number, organizations.email AS organizations_email, organizations.description AS organizations_description, organizations.image AS organizations_image, organizations.website AS organizations_website, organizations.facebook AS organizations_facebook, organizations.twitter AS organizations_twitter, organizations.instagram AS organizations_instagram, organizations.youtube AS organizations_youtube 
FROM organizations 
WHERE organizations.id = %(id_1)s 
 LIMIT %(param_1)s
INFO:sqlalchemy.engine.Engine:BEGIN (implicit)
INFO:sqlalchemy.engine.Engine:BEGIN (implicit)
INFO:sqlalchemy.engine.Engine:[cached since 276.9s ago] {'id_1': 3, 'param_1': 1}
INFO:sqlalchemy.engine.Engine:BEGIN (implicit)
INFO:sqlalchemy.engine.Engine:SELECT organizations.id AS organizations_id, organizations.name AS organizations_name, organizations.name_short AS organizations_name_short, organizations.location AS organizations_location, organizations.phone_number AS organizations_phone_number, organizations.email AS organizations_email, organizations.description AS organizations_description, organizations.image AS organizations_image, organizations.website AS organizations_website, organizations.facebook AS organizations_facebook, organizations.twitter AS organizations_twitter, organizations.instagram AS organizations_instagram, organizations.youtube AS organizations_youtube 
FROM organizations 
WHERE organizations.id = %(id_1)s 
 LIMIT %(param_1)s
INFO:sqlalchemy.engine.Engine:SELECT organizations.id AS organizations_id, organizations.name AS organizations_name, organizations.name_short AS organizations_name_short, organizations.location AS organizations_location, organizations.phone_number AS organizations_phone_number, organizations.email AS organizations_email, organizations.description AS organizations_description, organizations.image AS organizations_image, organizations.website AS organizations_website, organizations.facebook AS organizations_facebook, organizations.twitter AS organizations_twitter, organizations.instagram AS organizations_instagram, organizations.youtube AS organizations_youtube 
FROM organizations 
WHERE organizations.id = %(id_1)s 
 LIMIT %(param_1)s
INFO:sqlalchemy.engine.Engine:SELECT organizations.id AS organizations_id, organizations.name AS organizations_name, organizations.name_short AS organizations_name_short, organizations.location AS organizations_location, organizations.phone_number AS organizations_phone_number, organizations.email AS organizations_email, organizations.description AS organizations_description, organizations.image AS organizations_image, organizations.website AS organizations_website, organizations.facebook AS organizations_facebook, organizations.twitter AS organizations_twitter, organizations.instagram AS organizations_instagram, organizations.youtube AS organizations_youtube 
FROM organizations 
WHERE organizations.id = %(id_1)s 
 LIMIT %(param_1)s
INFO:sqlalchemy.engine.Engine:ROLLBACK
INFO:sqlalchemy.engine.Engine:[cached since 276.9s ago] {'id_1': 3, 'param_1': 1}
INFO:sqlalchemy.engine.Engine:[cached since 276.9s ago] {'id_1': 3, 'param_1': 1}
INFO:sqlalchemy.engine.Engine:[cached since 276.9s ago] {'id_1': 3, 'param_1': 1}
INFO:werkzeug:127.0.0.1 - - [13/Mar/2024 15:28:17] "GET /api/v1/organizations/3/image HTTP/1.1" 200 -
INFO:sqlalchemy.engine.Engine:ROLLBACK
INFO:sqlalchemy.engine.Engine:ROLLBACK
INFO:werkzeug:127.0.0.1 - - [13/Mar/2024 15:28:17] "GET /api/v1/organizations/3/image HTTP/1.1" 200 -
INFO:werkzeug:127.0.0.1 - - [13/Mar/2024 15:28:17] "GET /api/v1/organizations/3/image HTTP/1.1" 200 -
INFO:sqlalchemy.engine.Engine:ROLLBACK
INFO:werkzeug:127.0.0.1 - - [13/Mar/2024 15:28:17] "GET /api/v1/organizations/3/image HTTP/1.1" 200 -
INFO:sqlalchemy.engine.Engine:BEGIN (implicit)
INFO:sqlalchemy.engine.Engine:SELECT organizations.id AS organizations_id, organizations.name AS organizations_name, organizations.name_short AS organizations_name_short, organizations.location AS organizations_location, organizations.phone_number AS organizations_phone_number, organizations.email AS organizations_email, organizations.description AS organizations_description, organizations.image AS organizations_image, organizations.website AS organizations_website, organizations.facebook AS organizations_facebook, organizations.twitter AS organizations_twitter, organizations.instagram AS organizations_instagram, organizations.youtube AS organizations_youtube 
FROM organizations 
WHERE organizations.id = %(id_1)s 
 LIMIT %(param_1)s
INFO:sqlalchemy.engine.Engine:BEGIN (implicit)
INFO:sqlalchemy.engine.Engine:BEGIN (implicit)
INFO:sqlalchemy.engine.Engine:[cached since 3808s ago] {'id_1': 3, 'param_1': 1}
INFO:sqlalchemy.engine.Engine:SELECT organizations.id AS organizations_id, organizations.name AS organizations_name, organizations.name_short AS organizations_name_short, organizations.location AS organizations_location, organizations.phone_number AS organizations_phone_number, organizations.email AS organizations_email, organizations.description AS organizations_description, organizations.image AS organizations_image, organizations.website AS organizations_website, organizations.facebook AS organizations_facebook, organizations.twitter AS organizations_twitter, organizations.instagram AS organizations_instagram, organizations.youtube AS organizations_youtube 
FROM organizations 
WHERE organizations.id = %(id_1)s 
 LIMIT %(param_1)s
INFO:sqlalchemy.engine.Engine:SELECT organizations.id AS organizations_id, organizations.name AS organizations_name, organizations.name_short AS organizations_name_short, organizations.location AS organizations_location, organizations.phone_number AS organizations_phone_number, organizations.email AS organizations_email, organizations.description AS organizations_description, organizations.image AS organizations_image, organizations.website AS organizations_website, organizations.facebook AS organizations_facebook, organizations.twitter AS organizations_twitter, organizations.instagram AS organizations_instagram, organizations.youtube AS organizations_youtube 
FROM organizations 
WHERE organizations.id = %(id_1)s 
 LIMIT %(param_1)s
INFO:sqlalchemy.engine.Engine:[cached since 3808s ago] {'id_1': 3, 'param_1': 1}
INFO:sqlalchemy.engine.Engine:ROLLBACK
INFO:sqlalchemy.engine.Engine:[cached since 3808s ago] {'id_1': 3, 'param_1': 1}
INFO:werkzeug:127.0.0.1 - - [13/Mar/2024 16:27:08] "GET /api/v1/organizations/3/image HTTP/1.1" 200 -
INFO:sqlalchemy.engine.Engine:BEGIN (implicit)
INFO:sqlalchemy.engine.Engine:BEGIN (implicit)
INFO:sqlalchemy.engine.Engine:ROLLBACK
INFO:sqlalchemy.engine.Engine:SELECT organizations.id AS organizations_id, organizations.name AS organizations_name, organizations.name_short AS organizations_name_short, organizations.location AS organizations_location, organizations.phone_number AS organizations_phone_number, organizations.email AS organizations_email, organizations.description AS organizations_description, organizations.image AS organizations_image, organizations.website AS organizations_website, organizations.facebook AS organizations_facebook, organizations.twitter AS organizations_twitter, organizations.instagram AS organizations_instagram, organizations.youtube AS organizations_youtube 
FROM organizations 
WHERE organizations.id = %(id_1)s 
 LIMIT %(param_1)s
INFO:werkzeug:127.0.0.1 - - [13/Mar/2024 16:27:08] "GET /api/v1/organizations/3/image HTTP/1.1" 200 -
INFO:sqlalchemy.engine.Engine:SELECT organizations.id AS organizations_id, organizations.name AS organizations_name, organizations.name_short AS organizations_name_short, organizations.location AS organizations_location, organizations.phone_number AS organizations_phone_number, organizations.email AS organizations_email, organizations.description AS organizations_description, organizations.image AS organizations_image, organizations.website AS organizations_website, organizations.facebook AS organizations_facebook, organizations.twitter AS organizations_twitter, organizations.instagram AS organizations_instagram, organizations.youtube AS organizations_youtube 
FROM organizations 
WHERE organizations.id = %(id_1)s 
 LIMIT %(param_1)s
INFO:sqlalchemy.engine.Engine:BEGIN (implicit)
INFO:sqlalchemy.engine.Engine:ROLLBACK
INFO:sqlalchemy.engine.Engine:[cached since 3808s ago] {'id_1': 3, 'param_1': 1}
INFO:sqlalchemy.engine.Engine:[cached since 3808s ago] {'id_1': 3, 'param_1': 1}
INFO:werkzeug:127.0.0.1 - - [13/Mar/2024 16:27:08] "GET /api/v1/organizations/3/image HTTP/1.1" 200 -
INFO:sqlalchemy.engine.Engine:SELECT organizations.id AS organizations_id, organizations.name AS organizations_name, organizations.name_short AS organizations_name_short, organizations.location AS organizations_location, organizations.phone_number AS organizations_phone_number, organizations.email AS organizations_email, organizations.description AS organizations_description, organizations.image AS organizations_image, organizations.website AS organizations_website, organizations.facebook AS organizations_facebook, organizations.twitter AS organizations_twitter, organizations.instagram AS organizations_instagram, organizations.youtube AS organizations_youtube 
FROM organizations 
WHERE organizations.id = %(id_1)s 
 LIMIT %(param_1)s
INFO:sqlalchemy.engine.Engine:ROLLBACK
INFO:sqlalchemy.engine.Engine:ROLLBACK
INFO:sqlalchemy.engine.Engine:[cached since 3808s ago] {'id_1': 3, 'param_1': 1}
INFO:werkzeug:127.0.0.1 - - [13/Mar/2024 16:27:08] "GET /api/v1/organizations/3/image HTTP/1.1" 200 -
INFO:werkzeug:127.0.0.1 - - [13/Mar/2024 16:27:08] "GET /api/v1/organizations/3/image HTTP/1.1" 200 -
INFO:sqlalchemy.engine.Engine:ROLLBACK
INFO:werkzeug:127.0.0.1 - - [13/Mar/2024 16:27:08] "GET /api/v1/organizations/3/image HTTP/1.1" 200 -
INFO:sqlalchemy.engine.Engine:BEGIN (implicit)
INFO:sqlalchemy.engine.Engine:SELECT organizations.id AS organizations_id, organizations.name AS organizations_name, organizations.name_short AS organizations_name_short, organizations.location AS organizations_location, organizations.phone_number AS organizations_phone_number, organizations.email AS organizations_email, organizations.description AS organizations_description, organizations.image AS organizations_image, organizations.website AS organizations_website, organizations.facebook AS organizations_facebook, organizations.twitter AS organizations_twitter, organizations.instagram AS organizations_instagram, organizations.youtube AS organizations_youtube 
FROM organizations 
WHERE organizations.id = %(id_1)s 
 LIMIT %(param_1)s
INFO:sqlalchemy.engine.Engine:[cached since 3843s ago] {'id_1': 3, 'param_1': 1}
INFO:sqlalchemy.engine.Engine:BEGIN (implicit)
INFO:sqlalchemy.engine.Engine:BEGIN (implicit)
INFO:sqlalchemy.engine.Engine:SELECT organizations.id AS organizations_id, organizations.name AS organizations_name, organizations.name_short AS organizations_name_short, organizations.location AS organizations_location, organizations.phone_number AS organizations_phone_number, organizations.email AS organizations_email, organizations.description AS organizations_description, organizations.image AS organizations_image, organizations.website AS organizations_website, organizations.facebook AS organizations_facebook, organizations.twitter AS organizations_twitter, organizations.instagram AS organizations_instagram, organizations.youtube AS organizations_youtube 
FROM organizations 
WHERE organizations.id = %(id_1)s 
 LIMIT %(param_1)s
INFO:sqlalchemy.engine.Engine:SELECT organizations.id AS organizations_id, organizations.name AS organizations_name, organizations.name_short AS organizations_name_short, organizations.location AS organizations_location, organizations.phone_number AS organizations_phone_number, organizations.email AS organizations_email, organizations.description AS organizations_description, organizations.image AS organizations_image, organizations.website AS organizations_website, organizations.facebook AS organizations_facebook, organizations.twitter AS organizations_twitter, organizations.instagram AS organizations_instagram, organizations.youtube AS organizations_youtube 
FROM organizations 
WHERE organizations.id = %(id_1)s 
 LIMIT %(param_1)s
INFO:sqlalchemy.engine.Engine:[cached since 3843s ago] {'id_1': 3, 'param_1': 1}
INFO:sqlalchemy.engine.Engine:ROLLBACK
INFO:sqlalchemy.engine.Engine:[cached since 3843s ago] {'id_1': 3, 'param_1': 1}
INFO:werkzeug:127.0.0.1 - - [13/Mar/2024 16:27:42] "GET /api/v1/organizations/3/image HTTP/1.1" 200 -
INFO:sqlalchemy.engine.Engine:ROLLBACK
INFO:sqlalchemy.engine.Engine:ROLLBACK
INFO:sqlalchemy.engine.Engine:BEGIN (implicit)
INFO:sqlalchemy.engine.Engine:SELECT organizations.id AS organizations_id, organizations.name AS organizations_name, organizations.name_short AS organizations_name_short, organizations.location AS organizations_location, organizations.phone_number AS organizations_phone_number, organizations.email AS organizations_email, organizations.description AS organizations_description, organizations.image AS organizations_image, organizations.website AS organizations_website, organizations.facebook AS organizations_facebook, organizations.twitter AS organizations_twitter, organizations.instagram AS organizations_instagram, organizations.youtube AS organizations_youtube 
FROM organizations 
WHERE organizations.id = %(id_1)s 
 LIMIT %(param_1)s
INFO:werkzeug:127.0.0.1 - - [13/Mar/2024 16:27:42] "GET /api/v1/organizations/3/image HTTP/1.1" 200 -
INFO:sqlalchemy.engine.Engine:BEGIN (implicit)
INFO:werkzeug:127.0.0.1 - - [13/Mar/2024 16:27:42] "GET /api/v1/organizations/3/image HTTP/1.1" 200 -
INFO:sqlalchemy.engine.Engine:BEGIN (implicit)
INFO:sqlalchemy.engine.Engine:[cached since 3843s ago] {'id_1': 3, 'param_1': 1}
INFO:sqlalchemy.engine.Engine:SELECT organizations.id AS organizations_id, organizations.name AS organizations_name, organizations.name_short AS organizations_name_short, organizations.location AS organizations_location, organizations.phone_number AS organizations_phone_number, organizations.email AS organizations_email, organizations.description AS organizations_description, organizations.image AS organizations_image, organizations.website AS organizations_website, organizations.facebook AS organizations_facebook, organizations.twitter AS organizations_twitter, organizations.instagram AS organizations_instagram, organizations.youtube AS organizations_youtube 
FROM organizations 
WHERE organizations.id = %(id_1)s 
 LIMIT %(param_1)s
INFO:sqlalchemy.engine.Engine:SELECT organizations.id AS organizations_id, organizations.name AS organizations_name, organizations.name_short AS organizations_name_short, organizations.location AS organizations_location, organizations.phone_number AS organizations_phone_number, organizations.email AS organizations_email, organizations.description AS organizations_description, organizations.image AS organizations_image, organizations.website AS organizations_website, organizations.facebook AS organizations_facebook, organizations.twitter AS organizations_twitter, organizations.instagram AS organizations_instagram, organizations.youtube AS organizations_youtube 
FROM organizations 
WHERE organizations.id = %(id_1)s 
 LIMIT %(param_1)s
INFO:sqlalchemy.engine.Engine:[cached since 3843s ago] {'id_1': 3, 'param_1': 1}
INFO:sqlalchemy.engine.Engine:ROLLBACK
INFO:sqlalchemy.engine.Engine:[cached since 3843s ago] {'id_1': 3, 'param_1': 1}
INFO:werkzeug:127.0.0.1 - - [13/Mar/2024 16:27:42] "GET /api/v1/organizations/3/image HTTP/1.1" 200 -
INFO:sqlalchemy.engine.Engine:ROLLBACK
INFO:sqlalchemy.engine.Engine:ROLLBACK
INFO:werkzeug:127.0.0.1 - - [13/Mar/2024 16:27:42] "GET /api/v1/organizations/3/image HTTP/1.1" 200 -
INFO:werkzeug:127.0.0.1 - - [13/Mar/2024 16:27:42] "GET /api/v1/organizations/3/image HTTP/1.1" 200 -
INFO:root:Started
INFO:sqlalchemy.engine.Engine:SELECT DATABASE()
INFO:sqlalchemy.engine.Engine:[raw sql] {}
INFO:sqlalchemy.engine.Engine:SELECT @@sql_mode
INFO:sqlalchemy.engine.Engine:[raw sql] {}
INFO:sqlalchemy.engine.Engine:SELECT @@lower_case_table_names
INFO:sqlalchemy.engine.Engine:[raw sql] {}
INFO:sqlalchemy.engine.Engine:BEGIN (implicit)
INFO:sqlalchemy.engine.Engine:DESCRIBE `salamcity`.`organizations`
INFO:sqlalchemy.engine.Engine:[raw sql] {}
INFO:sqlalchemy.engine.Engine:DESCRIBE `salamcity`.`events`
INFO:sqlalchemy.engine.Engine:[raw sql] {}
INFO:sqlalchemy.engine.Engine:DESCRIBE `salamcity`.`prayer_times`
INFO:sqlalchemy.engine.Engine:[raw sql] {}
INFO:sqlalchemy.engine.Engine:COMMIT
INFO:root:Database connected
INFO:sqlalchemy.engine.Engine:BEGIN (implicit)
INFO:sqlalchemy.engine.Engine:SELECT organizations.id AS organizations_id, organizations.name AS organizations_name, organizations.name_short AS organizations_name_short, organizations.location AS organizations_location, organizations.phone_number AS organizations_phone_number, organizations.email AS organizations_email, organizations.description AS organizations_description, organizations.image AS organizations_image, organizations.website AS organizations_website, organizations.facebook AS organizations_facebook, organizations.twitter AS organizations_twitter, organizations.instagram AS organizations_instagram, organizations.youtube AS organizations_youtube 
FROM organizations
INFO:sqlalchemy.engine.Engine:[generated in 0.00045s] {}
INFO:sqlalchemy.engine.Engine:ROLLBACK
INFO:werkzeug:[31m[1mWARNING: This is a development server. Do not use it in a production deployment. Use a production WSGI server instead.[0m
 * Running on http://127.0.0.1:5000
INFO:werkzeug:[33mPress CTRL+C to quit[0m
INFO:sqlalchemy.engine.Engine:BEGIN (implicit)
INFO:sqlalchemy.engine.Engine:SELECT events.id AS events_id, events.title AS events_title, events.link AS events_link, events.sub_links AS events_sub_links, events.image AS events_image, events.date AS events_date, events.start_time AS events_start_time, events.end_time AS events_end_time, events.location AS events_location, events.short_description AS events_short_description, events.full_description AS events_full_description, events.other_info AS events_other_info, events.cost AS events_cost, events.category AS events_category, events.created_at AS events_created_at, events.is_video AS events_is_video, events.organization_id AS events_organization_id, events.organization_name AS events_organization_name 
FROM events 
WHERE events.organization_id = %(organization_id_1)s AND events.created_at >= %(created_at_1)s AND events.created_at <= %(created_at_2)s
INFO:sqlalchemy.engine.Engine:[generated in 0.00090s] {'organization_id_1': 10, 'created_at_1': datetime.datetime(2024, 3, 15, 0, 0), 'created_at_2': datetime.datetime(2024, 3, 15, 23, 59, 59)}
INFO:sqlalchemy.engine.Engine:BEGIN (implicit)
INFO:sqlalchemy.engine.Engine:SELECT events.id AS events_id, events.title AS events_title, events.link AS events_link, events.sub_links AS events_sub_links, events.image AS events_image, events.date AS events_date, events.start_time AS events_start_time, events.end_time AS events_end_time, events.location AS events_location, events.short_description AS events_short_description, events.full_description AS events_full_description, events.other_info AS events_other_info, events.cost AS events_cost, events.category AS events_category, events.created_at AS events_created_at, events.is_video AS events_is_video, events.organization_id AS events_organization_id, events.organization_name AS events_organization_name 
FROM events 
WHERE events.organization_id = %(organization_id_1)s AND events.created_at >= %(created_at_1)s AND events.created_at <= %(created_at_2)s
INFO:sqlalchemy.engine.Engine:[cached since 0.003095s ago] {'organization_id_1': 10, 'created_at_1': datetime.datetime(2024, 3, 15, 0, 0), 'created_at_2': datetime.datetime(2024, 3, 15, 23, 59, 59)}
INFO:sqlalchemy.engine.Engine:ROLLBACK
INFO:sqlalchemy.engine.Engine:ROLLBACK
INFO:werkzeug:127.0.0.1 - - [15/Mar/2024 15:49:43] "GET /api/v1/events/10 HTTP/1.1" 200 -
INFO:werkzeug:127.0.0.1 - - [15/Mar/2024 15:49:43] "GET /api/v1/events/10 HTTP/1.1" 200 -
INFO:sqlalchemy.engine.Engine:BEGIN (implicit)
INFO:sqlalchemy.engine.Engine:SELECT events.id AS events_id, events.title AS events_title, events.link AS events_link, events.sub_links AS events_sub_links, events.image AS events_image, events.date AS events_date, events.start_time AS events_start_time, events.end_time AS events_end_time, events.location AS events_location, events.short_description AS events_short_description, events.full_description AS events_full_description, events.other_info AS events_other_info, events.cost AS events_cost, events.category AS events_category, events.created_at AS events_created_at, events.is_video AS events_is_video, events.organization_id AS events_organization_id, events.organization_name AS events_organization_name 
FROM events 
WHERE events.organization_id = %(organization_id_1)s AND events.created_at >= %(created_at_1)s AND events.created_at <= %(created_at_2)s
INFO:sqlalchemy.engine.Engine:[cached since 0.1543s ago] {'organization_id_1': 4, 'created_at_1': datetime.datetime(2024, 3, 15, 0, 0), 'created_at_2': datetime.datetime(2024, 3, 15, 23, 59, 59)}
INFO:sqlalchemy.engine.Engine:ROLLBACK
INFO:werkzeug:127.0.0.1 - - [15/Mar/2024 15:49:43] "GET /api/v1/events/4 HTTP/1.1" 200 -
INFO:sqlalchemy.engine.Engine:BEGIN (implicit)
INFO:sqlalchemy.engine.Engine:SELECT events.id AS events_id, events.title AS events_title, events.link AS events_link, events.sub_links AS events_sub_links, events.image AS events_image, events.date AS events_date, events.start_time AS events_start_time, events.end_time AS events_end_time, events.location AS events_location, events.short_description AS events_short_description, events.full_description AS events_full_description, events.other_info AS events_other_info, events.cost AS events_cost, events.category AS events_category, events.created_at AS events_created_at, events.is_video AS events_is_video, events.organization_id AS events_organization_id, events.organization_name AS events_organization_name 
FROM events 
WHERE events.organization_id = %(organization_id_1)s AND events.created_at >= %(created_at_1)s AND events.created_at <= %(created_at_2)s
INFO:sqlalchemy.engine.Engine:[cached since 0.171s ago] {'organization_id_1': 4, 'created_at_1': datetime.datetime(2024, 3, 15, 0, 0), 'created_at_2': datetime.datetime(2024, 3, 15, 23, 59, 59)}
INFO:sqlalchemy.engine.Engine:ROLLBACK
INFO:werkzeug:127.0.0.1 - - [15/Mar/2024 15:49:43] "GET /api/v1/events/4 HTTP/1.1" 200 -
INFO:sqlalchemy.engine.Engine:BEGIN (implicit)
INFO:sqlalchemy.engine.Engine:SELECT events.id AS events_id, events.title AS events_title, events.link AS events_link, events.sub_links AS events_sub_links, events.image AS events_image, events.date AS events_date, events.start_time AS events_start_time, events.end_time AS events_end_time, events.location AS events_location, events.short_description AS events_short_description, events.full_description AS events_full_description, events.other_info AS events_other_info, events.cost AS events_cost, events.category AS events_category, events.created_at AS events_created_at, events.is_video AS events_is_video, events.organization_id AS events_organization_id, events.organization_name AS events_organization_name 
FROM events 
WHERE events.organization_id = %(organization_id_1)s AND events.created_at >= %(created_at_1)s AND events.created_at <= %(created_at_2)s
INFO:sqlalchemy.engine.Engine:[cached since 0.3991s ago] {'organization_id_1': 10, 'created_at_1': datetime.datetime(2024, 3, 15, 0, 0), 'created_at_2': datetime.datetime(2024, 3, 15, 23, 59, 59)}
INFO:sqlalchemy.engine.Engine:ROLLBACK
INFO:werkzeug:127.0.0.1 - - [15/Mar/2024 15:49:43] "GET /api/v1/events/10 HTTP/1.1" 200 -
INFO:sqlalchemy.engine.Engine:BEGIN (implicit)
INFO:sqlalchemy.engine.Engine:SELECT events.id AS events_id, events.title AS events_title, events.link AS events_link, events.sub_links AS events_sub_links, events.image AS events_image, events.date AS events_date, events.start_time AS events_start_time, events.end_time AS events_end_time, events.location AS events_location, events.short_description AS events_short_description, events.full_description AS events_full_description, events.other_info AS events_other_info, events.cost AS events_cost, events.category AS events_category, events.created_at AS events_created_at, events.is_video AS events_is_video, events.organization_id AS events_organization_id, events.organization_name AS events_organization_name 
FROM events 
WHERE events.organization_id = %(organization_id_1)s AND events.created_at >= %(created_at_1)s AND events.created_at <= %(created_at_2)s
INFO:sqlalchemy.engine.Engine:[cached since 0.4083s ago] {'organization_id_1': 10, 'created_at_1': datetime.datetime(2024, 3, 15, 0, 0), 'created_at_2': datetime.datetime(2024, 3, 15, 23, 59, 59)}
INFO:sqlalchemy.engine.Engine:BEGIN (implicit)
INFO:sqlalchemy.engine.Engine:ROLLBACK
INFO:sqlalchemy.engine.Engine:SELECT prayer_times.id AS prayer_times_id, prayer_times.prayer_name AS prayer_times_prayer_name, prayer_times.athan_time AS prayer_times_athan_time, prayer_times.iqama_time AS prayer_times_iqama_time, prayer_times.jumuah_time AS prayer_times_jumuah_time, prayer_times.jumuah_time2 AS prayer_times_jumuah_time2, prayer_times.created_at AS prayer_times_created_at, prayer_times.organization_id AS prayer_times_organization_id, prayer_times.organization_name AS prayer_times_organization_name 
FROM prayer_times 
WHERE prayer_times.organization_id = %(organization_id_1)s AND prayer_times.created_at >= %(created_at_1)s AND prayer_times.created_at <= %(created_at_2)s
INFO:werkzeug:127.0.0.1 - - [15/Mar/2024 15:49:43] "GET /api/v1/events/10 HTTP/1.1" 200 -
INFO:sqlalchemy.engine.Engine:[generated in 0.00387s] {'organization_id_1': 3, 'created_at_1': datetime.datetime(2024, 3, 15, 0, 0), 'created_at_2': datetime.datetime(2024, 3, 15, 23, 59, 59)}
INFO:sqlalchemy.engine.Engine:BEGIN (implicit)
INFO:sqlalchemy.engine.Engine:SELECT prayer_times.id AS prayer_times_id, prayer_times.prayer_name AS prayer_times_prayer_name, prayer_times.athan_time AS prayer_times_athan_time, prayer_times.iqama_time AS prayer_times_iqama_time, prayer_times.jumuah_time AS prayer_times_jumuah_time, prayer_times.jumuah_time2 AS prayer_times_jumuah_time2, prayer_times.created_at AS prayer_times_created_at, prayer_times.organization_id AS prayer_times_organization_id, prayer_times.organization_name AS prayer_times_organization_name 
FROM prayer_times 
WHERE prayer_times.organization_id = %(organization_id_1)s AND prayer_times.created_at >= %(created_at_1)s AND prayer_times.created_at <= %(created_at_2)s
INFO:sqlalchemy.engine.Engine:[cached since 0.01056s ago] {'organization_id_1': 3, 'created_at_1': datetime.datetime(2024, 3, 15, 0, 0), 'created_at_2': datetime.datetime(2024, 3, 15, 23, 59, 59)}
INFO:sqlalchemy.engine.Engine:ROLLBACK
INFO:sqlalchemy.engine.Engine:ROLLBACK
INFO:werkzeug:127.0.0.1 - - [15/Mar/2024 15:49:43] "GET /api/v1/prayer_times/3 HTTP/1.1" 200 -
INFO:werkzeug:127.0.0.1 - - [15/Mar/2024 15:49:43] "GET /api/v1/prayer_times/3 HTTP/1.1" 200 -
INFO:sqlalchemy.engine.Engine:BEGIN (implicit)
INFO:sqlalchemy.engine.Engine:BEGIN (implicit)
INFO:sqlalchemy.engine.Engine:SELECT events.id AS events_id, events.title AS events_title, events.link AS events_link, events.sub_links AS events_sub_links, events.image AS events_image, events.date AS events_date, events.start_time AS events_start_time, events.end_time AS events_end_time, events.location AS events_location, events.short_description AS events_short_description, events.full_description AS events_full_description, events.other_info AS events_other_info, events.cost AS events_cost, events.category AS events_category, events.created_at AS events_created_at, events.is_video AS events_is_video, events.organization_id AS events_organization_id, events.organization_name AS events_organization_name 
FROM events 
WHERE events.organization_id = %(organization_id_1)s AND events.created_at >= %(created_at_1)s AND events.created_at <= %(created_at_2)s
INFO:sqlalchemy.engine.Engine:SELECT events.id AS events_id, events.title AS events_title, events.link AS events_link, events.sub_links AS events_sub_links, events.image AS events_image, events.date AS events_date, events.start_time AS events_start_time, events.end_time AS events_end_time, events.location AS events_location, events.short_description AS events_short_description, events.full_description AS events_full_description, events.other_info AS events_other_info, events.cost AS events_cost, events.category AS events_category, events.created_at AS events_created_at, events.is_video AS events_is_video, events.organization_id AS events_organization_id, events.organization_name AS events_organization_name 
FROM events 
WHERE events.organization_id = %(organization_id_1)s AND events.created_at >= %(created_at_1)s AND events.created_at <= %(created_at_2)s
INFO:sqlalchemy.engine.Engine:[cached since 0.5103s ago] {'organization_id_1': 4, 'created_at_1': datetime.datetime(2024, 3, 15, 0, 0), 'created_at_2': datetime.datetime(2024, 3, 15, 23, 59, 59)}
INFO:sqlalchemy.engine.Engine:[cached since 0.5108s ago] {'organization_id_1': 4, 'created_at_1': datetime.datetime(2024, 3, 15, 0, 0), 'created_at_2': datetime.datetime(2024, 3, 15, 23, 59, 59)}
INFO:sqlalchemy.engine.Engine:ROLLBACK
INFO:sqlalchemy.engine.Engine:ROLLBACK
INFO:werkzeug:127.0.0.1 - - [15/Mar/2024 15:49:44] "GET /api/v1/events/4 HTTP/1.1" 200 -
INFO:werkzeug:127.0.0.1 - - [15/Mar/2024 15:49:44] "GET /api/v1/events/4 HTTP/1.1" 200 -
INFO:werkzeug:127.0.0.1 - - [15/Mar/2024 15:49:48] "GET /api/v1/organizations HTTP/1.1" 200 -
INFO:sqlalchemy.engine.Engine:BEGIN (implicit)
INFO:sqlalchemy.engine.Engine:SELECT events.id AS events_id, events.title AS events_title, events.link AS events_link, events.sub_links AS events_sub_links, events.image AS events_image, events.date AS events_date, events.start_time AS events_start_time, events.end_time AS events_end_time, events.location AS events_location, events.short_description AS events_short_description, events.full_description AS events_full_description, events.other_info AS events_other_info, events.cost AS events_cost, events.category AS events_category, events.created_at AS events_created_at, events.is_video AS events_is_video, events.organization_id AS events_organization_id, events.organization_name AS events_organization_name 
FROM events 
WHERE events.created_at >= %(created_at_1)s AND events.created_at <= %(created_at_2)s
INFO:sqlalchemy.engine.Engine:[generated in 0.00072s] {'created_at_1': datetime.datetime(2024, 3, 15, 0, 0), 'created_at_2': datetime.datetime(2024, 3, 15, 23, 59, 59)}
INFO:sqlalchemy.engine.Engine:ROLLBACK
INFO:werkzeug:127.0.0.1 - - [15/Mar/2024 15:49:48] "GET /api/v1/organizations HTTP/1.1" 200 -
INFO:werkzeug:127.0.0.1 - - [15/Mar/2024 15:49:48] "GET /api/v1/events HTTP/1.1" 200 -
INFO:sqlalchemy.engine.Engine:BEGIN (implicit)
INFO:sqlalchemy.engine.Engine:SELECT events.id AS events_id, events.title AS events_title, events.link AS events_link, events.sub_links AS events_sub_links, events.image AS events_image, events.date AS events_date, events.start_time AS events_start_time, events.end_time AS events_end_time, events.location AS events_location, events.short_description AS events_short_description, events.full_description AS events_full_description, events.other_info AS events_other_info, events.cost AS events_cost, events.category AS events_category, events.created_at AS events_created_at, events.is_video AS events_is_video, events.organization_id AS events_organization_id, events.organization_name AS events_organization_name 
FROM events 
WHERE events.created_at >= %(created_at_1)s AND events.created_at <= %(created_at_2)s
INFO:sqlalchemy.engine.Engine:[cached since 0.02354s ago] {'created_at_1': datetime.datetime(2024, 3, 15, 0, 0), 'created_at_2': datetime.datetime(2024, 3, 15, 23, 59, 59)}
INFO:sqlalchemy.engine.Engine:ROLLBACK
INFO:werkzeug:127.0.0.1 - - [15/Mar/2024 15:49:48] "GET /api/v1/events HTTP/1.1" 200 -
INFO:werkzeug:127.0.0.1 - - [15/Mar/2024 15:54:08] "GET /api/v1/organizations HTTP/1.1" 200 -
INFO:werkzeug:127.0.0.1 - - [15/Mar/2024 15:54:08] "GET /api/v1/organizations HTTP/1.1" 200 -
INFO:sqlalchemy.engine.Engine:BEGIN (implicit)
INFO:sqlalchemy.engine.Engine:BEGIN (implicit)
INFO:sqlalchemy.engine.Engine:SELECT events.id AS events_id, events.title AS events_title, events.link AS events_link, events.sub_links AS events_sub_links, events.image AS events_image, events.date AS events_date, events.start_time AS events_start_time, events.end_time AS events_end_time, events.location AS events_location, events.short_description AS events_short_description, events.full_description AS events_full_description, events.other_info AS events_other_info, events.cost AS events_cost, events.category AS events_category, events.created_at AS events_created_at, events.is_video AS events_is_video, events.organization_id AS events_organization_id, events.organization_name AS events_organization_name 
FROM events 
WHERE events.created_at >= %(created_at_1)s AND events.created_at <= %(created_at_2)s
INFO:sqlalchemy.engine.Engine:SELECT events.id AS events_id, events.title AS events_title, events.link AS events_link, events.sub_links AS events_sub_links, events.image AS events_image, events.date AS events_date, events.start_time AS events_start_time, events.end_time AS events_end_time, events.location AS events_location, events.short_description AS events_short_description, events.full_description AS events_full_description, events.other_info AS events_other_info, events.cost AS events_cost, events.category AS events_category, events.created_at AS events_created_at, events.is_video AS events_is_video, events.organization_id AS events_organization_id, events.organization_name AS events_organization_name 
FROM events 
WHERE events.created_at >= %(created_at_1)s AND events.created_at <= %(created_at_2)s
INFO:sqlalchemy.engine.Engine:[cached since 260.5s ago] {'created_at_1': datetime.datetime(2024, 3, 15, 0, 0), 'created_at_2': datetime.datetime(2024, 3, 15, 23, 59, 59)}
INFO:sqlalchemy.engine.Engine:[cached since 260.5s ago] {'created_at_1': datetime.datetime(2024, 3, 15, 0, 0), 'created_at_2': datetime.datetime(2024, 3, 15, 23, 59, 59)}
INFO:sqlalchemy.engine.Engine:ROLLBACK
INFO:werkzeug:127.0.0.1 - - [15/Mar/2024 15:54:08] "GET /api/v1/events HTTP/1.1" 200 -
INFO:sqlalchemy.engine.Engine:ROLLBACK
INFO:werkzeug:127.0.0.1 - - [15/Mar/2024 15:54:08] "GET /api/v1/events HTTP/1.1" 200 -
INFO:sqlalchemy.engine.Engine:BEGIN (implicit)
INFO:sqlalchemy.engine.Engine:SELECT organizations.id AS organizations_id, organizations.name AS organizations_name, organizations.name_short AS organizations_name_short, organizations.location AS organizations_location, organizations.phone_number AS organizations_phone_number, organizations.email AS organizations_email, organizations.description AS organizations_description, organizations.image AS organizations_image, organizations.website AS organizations_website, organizations.facebook AS organizations_facebook, organizations.twitter AS organizations_twitter, organizations.instagram AS organizations_instagram, organizations.youtube AS organizations_youtube 
FROM organizations 
WHERE organizations.id = %(id_1)s 
 LIMIT %(param_1)s
INFO:sqlalchemy.engine.Engine:[generated in 0.00105s] {'id_1': 3, 'param_1': 1}
INFO:sqlalchemy.engine.Engine:BEGIN (implicit)
INFO:sqlalchemy.engine.Engine:SELECT organizations.id AS organizations_id, organizations.name AS organizations_name, organizations.name_short AS organizations_name_short, organizations.location AS organizations_location, organizations.phone_number AS organizations_phone_number, organizations.email AS organizations_email, organizations.description AS organizations_description, organizations.image AS organizations_image, organizations.website AS organizations_website, organizations.facebook AS organizations_facebook, organizations.twitter AS organizations_twitter, organizations.instagram AS organizations_instagram, organizations.youtube AS organizations_youtube 
FROM organizations 
WHERE organizations.id = %(id_1)s 
 LIMIT %(param_1)s
INFO:sqlalchemy.engine.Engine:ROLLBACK
INFO:sqlalchemy.engine.Engine:[cached since 0.011s ago] {'id_1': 3, 'param_1': 1}
INFO:werkzeug:127.0.0.1 - - [15/Mar/2024 15:54:09] "GET /api/v1/organizations/3/image HTTP/1.1" 200 -
INFO:sqlalchemy.engine.Engine:BEGIN (implicit)
INFO:sqlalchemy.engine.Engine:SELECT organizations.id AS organizations_id, organizations.name AS organizations_name, organizations.name_short AS organizations_name_short, organizations.location AS organizations_location, organizations.phone_number AS organizations_phone_number, organizations.email AS organizations_email, organizations.description AS organizations_description, organizations.image AS organizations_image, organizations.website AS organizations_website, organizations.facebook AS organizations_facebook, organizations.twitter AS organizations_twitter, organizations.instagram AS organizations_instagram, organizations.youtube AS organizations_youtube 
FROM organizations 
WHERE organizations.id = %(id_1)s 
 LIMIT %(param_1)s
INFO:sqlalchemy.engine.Engine:ROLLBACK
INFO:sqlalchemy.engine.Engine:BEGIN (implicit)
INFO:werkzeug:127.0.0.1 - - [15/Mar/2024 15:54:09] "GET /api/v1/organizations/3/image HTTP/1.1" 200 -
INFO:sqlalchemy.engine.Engine:[cached since 0.01612s ago] {'id_1': 3, 'param_1': 1}
INFO:sqlalchemy.engine.Engine:SELECT organizations.id AS organizations_id, organizations.name AS organizations_name, organizations.name_short AS organizations_name_short, organizations.location AS organizations_location, organizations.phone_number AS organizations_phone_number, organizations.email AS organizations_email, organizations.description AS organizations_description, organizations.image AS organizations_image, organizations.website AS organizations_website, organizations.facebook AS organizations_facebook, organizations.twitter AS organizations_twitter, organizations.instagram AS organizations_instagram, organizations.youtube AS organizations_youtube 
FROM organizations 
WHERE organizations.id = %(id_1)s 
 LIMIT %(param_1)s
INFO:sqlalchemy.engine.Engine:BEGIN (implicit)
INFO:sqlalchemy.engine.Engine:BEGIN (implicit)
INFO:sqlalchemy.engine.Engine:[cached since 0.01926s ago] {'id_1': 3, 'param_1': 1}
INFO:sqlalchemy.engine.Engine:SELECT organizations.id AS organizations_id, organizations.name AS organizations_name, organizations.name_short AS organizations_name_short, organizations.location AS organizations_location, organizations.phone_number AS organizations_phone_number, organizations.email AS organizations_email, organizations.description AS organizations_description, organizations.image AS organizations_image, organizations.website AS organizations_website, organizations.facebook AS organizations_facebook, organizations.twitter AS organizations_twitter, organizations.instagram AS organizations_instagram, organizations.youtube AS organizations_youtube 
FROM organizations 
WHERE organizations.id = %(id_1)s 
 LIMIT %(param_1)s
INFO:sqlalchemy.engine.Engine:SELECT organizations.id AS organizations_id, organizations.name AS organizations_name, organizations.name_short AS organizations_name_short, organizations.location AS organizations_location, organizations.phone_number AS organizations_phone_number, organizations.email AS organizations_email, organizations.description AS organizations_description, organizations.image AS organizations_image, organizations.website AS organizations_website, organizations.facebook AS organizations_facebook, organizations.twitter AS organizations_twitter, organizations.instagram AS organizations_instagram, organizations.youtube AS organizations_youtube 
FROM organizations 
WHERE organizations.id = %(id_1)s 
 LIMIT %(param_1)s
INFO:sqlalchemy.engine.Engine:ROLLBACK
INFO:sqlalchemy.engine.Engine:[cached since 0.02156s ago] {'id_1': 3, 'param_1': 1}
INFO:sqlalchemy.engine.Engine:ROLLBACK
INFO:werkzeug:127.0.0.1 - - [15/Mar/2024 15:54:09] "GET /api/v1/organizations/3/image HTTP/1.1" 200 -
INFO:sqlalchemy.engine.Engine:[cached since 0.02477s ago] {'id_1': 3, 'param_1': 1}
INFO:werkzeug:127.0.0.1 - - [15/Mar/2024 15:54:09] "GET /api/v1/organizations/3/image HTTP/1.1" 200 -
INFO:sqlalchemy.engine.Engine:ROLLBACK
INFO:werkzeug:127.0.0.1 - - [15/Mar/2024 15:54:09] "GET /api/v1/organizations/3/image HTTP/1.1" 200 -
INFO:sqlalchemy.engine.Engine:ROLLBACK
INFO:werkzeug:127.0.0.1 - - [15/Mar/2024 15:54:09] "GET /api/v1/organizations/3/image HTTP/1.1" 200 -
INFO:sqlalchemy.engine.Engine:BEGIN (implicit)
INFO:sqlalchemy.engine.Engine:SELECT organizations.id AS organizations_id, organizations.name AS organizations_name, organizations.name_short AS organizations_name_short, organizations.location AS organizations_location, organizations.phone_number AS organizations_phone_number, organizations.email AS organizations_email, organizations.description AS organizations_description, organizations.image AS organizations_image, organizations.website AS organizations_website, organizations.facebook AS organizations_facebook, organizations.twitter AS organizations_twitter, organizations.instagram AS organizations_instagram, organizations.youtube AS organizations_youtube 
FROM organizations 
WHERE organizations.id = %(id_1)s 
 LIMIT %(param_1)s
INFO:sqlalchemy.engine.Engine:[cached since 4.793s ago] {'id_1': 3, 'param_1': 1}
INFO:sqlalchemy.engine.Engine:BEGIN (implicit)
INFO:sqlalchemy.engine.Engine:SELECT organizations.id AS organizations_id, organizations.name AS organizations_name, organizations.name_short AS organizations_name_short, organizations.location AS organizations_location, organizations.phone_number AS organizations_phone_number, organizations.email AS organizations_email, organizations.description AS organizations_description, organizations.image AS organizations_image, organizations.website AS organizations_website, organizations.facebook AS organizations_facebook, organizations.twitter AS organizations_twitter, organizations.instagram AS organizations_instagram, organizations.youtube AS organizations_youtube 
FROM organizations 
WHERE organizations.id = %(id_1)s 
 LIMIT %(param_1)s
INFO:sqlalchemy.engine.Engine:[cached since 4.796s ago] {'id_1': 3, 'param_1': 1}
INFO:sqlalchemy.engine.Engine:BEGIN (implicit)
INFO:sqlalchemy.engine.Engine:ROLLBACK
INFO:sqlalchemy.engine.Engine:SELECT organizations.id AS organizations_id, organizations.name AS organizations_name, organizations.name_short AS organizations_name_short, organizations.location AS organizations_location, organizations.phone_number AS organizations_phone_number, organizations.email AS organizations_email, organizations.description AS organizations_description, organizations.image AS organizations_image, organizations.website AS organizations_website, organizations.facebook AS organizations_facebook, organizations.twitter AS organizations_twitter, organizations.instagram AS organizations_instagram, organizations.youtube AS organizations_youtube 
FROM organizations 
WHERE organizations.id = %(id_1)s 
 LIMIT %(param_1)s
INFO:werkzeug:127.0.0.1 - - [15/Mar/2024 15:54:14] "GET /api/v1/organizations/3/image HTTP/1.1" 200 -
INFO:sqlalchemy.engine.Engine:ROLLBACK
INFO:sqlalchemy.engine.Engine:[cached since 4.799s ago] {'id_1': 3, 'param_1': 1}
INFO:werkzeug:127.0.0.1 - - [15/Mar/2024 15:54:14] "GET /api/v1/organizations/3/image HTTP/1.1" 200 -
INFO:sqlalchemy.engine.Engine:ROLLBACK
INFO:werkzeug:127.0.0.1 - - [15/Mar/2024 15:54:14] "GET /api/v1/organizations/3/image HTTP/1.1" 200 -
INFO:sqlalchemy.engine.Engine:BEGIN (implicit)
INFO:sqlalchemy.engine.Engine:SELECT organizations.id AS organizations_id, organizations.name AS organizations_name, organizations.name_short AS organizations_name_short, organizations.location AS organizations_location, organizations.phone_number AS organizations_phone_number, organizations.email AS organizations_email, organizations.description AS organizations_description, organizations.image AS organizations_image, organizations.website AS organizations_website, organizations.facebook AS organizations_facebook, organizations.twitter AS organizations_twitter, organizations.instagram AS organizations_instagram, organizations.youtube AS organizations_youtube 
FROM organizations 
WHERE organizations.id = %(id_1)s 
 LIMIT %(param_1)s
INFO:sqlalchemy.engine.Engine:[cached since 4.808s ago] {'id_1': 3, 'param_1': 1}
INFO:sqlalchemy.engine.Engine:BEGIN (implicit)
INFO:sqlalchemy.engine.Engine:ROLLBACK
INFO:werkzeug:127.0.0.1 - - [15/Mar/2024 15:54:14] "GET /api/v1/organizations/3/image HTTP/1.1" 200 -
INFO:sqlalchemy.engine.Engine:SELECT organizations.id AS organizations_id, organizations.name AS organizations_name, organizations.name_short AS organizations_name_short, organizations.location AS organizations_location, organizations.phone_number AS organizations_phone_number, organizations.email AS organizations_email, organizations.description AS organizations_description, organizations.image AS organizations_image, organizations.website AS organizations_website, organizations.facebook AS organizations_facebook, organizations.twitter AS organizations_twitter, organizations.instagram AS organizations_instagram, organizations.youtube AS organizations_youtube 
FROM organizations 
WHERE organizations.id = %(id_1)s 
 LIMIT %(param_1)s
INFO:sqlalchemy.engine.Engine:BEGIN (implicit)
INFO:sqlalchemy.engine.Engine:[cached since 4.82s ago] {'id_1': 3, 'param_1': 1}
INFO:sqlalchemy.engine.Engine:SELECT organizations.id AS organizations_id, organizations.name AS organizations_name, organizations.name_short AS organizations_name_short, organizations.location AS organizations_location, organizations.phone_number AS organizations_phone_number, organizations.email AS organizations_email, organizations.description AS organizations_description, organizations.image AS organizations_image, organizations.website AS organizations_website, organizations.facebook AS organizations_facebook, organizations.twitter AS organizations_twitter, organizations.instagram AS organizations_instagram, organizations.youtube AS organizations_youtube 
FROM organizations 
WHERE organizations.id = %(id_1)s 
 LIMIT %(param_1)s
INFO:sqlalchemy.engine.Engine:[cached since 4.821s ago] {'id_1': 3, 'param_1': 1}
INFO:sqlalchemy.engine.Engine:ROLLBACK
INFO:werkzeug:127.0.0.1 - - [15/Mar/2024 15:54:14] "GET /api/v1/organizations/3/image HTTP/1.1" 200 -
INFO:sqlalchemy.engine.Engine:ROLLBACK
INFO:werkzeug:127.0.0.1 - - [15/Mar/2024 15:54:14] "GET /api/v1/organizations/3/image HTTP/1.1" 200 -
INFO:sqlalchemy.engine.Engine:BEGIN (implicit)
INFO:sqlalchemy.engine.Engine:SELECT organizations.id AS organizations_id, organizations.name AS organizations_name, organizations.name_short AS organizations_name_short, organizations.location AS organizations_location, organizations.phone_number AS organizations_phone_number, organizations.email AS organizations_email, organizations.description AS organizations_description, organizations.image AS organizations_image, organizations.website AS organizations_website, organizations.facebook AS organizations_facebook, organizations.twitter AS organizations_twitter, organizations.instagram AS organizations_instagram, organizations.youtube AS organizations_youtube 
FROM organizations 
WHERE organizations.id = %(id_1)s 
 LIMIT %(param_1)s
INFO:sqlalchemy.engine.Engine:[cached since 10.63s ago] {'id_1': 3, 'param_1': 1}
INFO:sqlalchemy.engine.Engine:ROLLBACK
INFO:werkzeug:127.0.0.1 - - [15/Mar/2024 15:54:19] "GET /api/v1/organizations/3/image HTTP/1.1" 200 -
INFO:sqlalchemy.engine.Engine:BEGIN (implicit)
INFO:sqlalchemy.engine.Engine:SELECT organizations.id AS organizations_id, organizations.name AS organizations_name, organizations.name_short AS organizations_name_short, organizations.location AS organizations_location, organizations.phone_number AS organizations_phone_number, organizations.email AS organizations_email, organizations.description AS organizations_description, organizations.image AS organizations_image, organizations.website AS organizations_website, organizations.facebook AS organizations_facebook, organizations.twitter AS organizations_twitter, organizations.instagram AS organizations_instagram, organizations.youtube AS organizations_youtube 
FROM organizations 
WHERE organizations.id = %(id_1)s 
 LIMIT %(param_1)s
INFO:sqlalchemy.engine.Engine:BEGIN (implicit)
INFO:sqlalchemy.engine.Engine:[cached since 10.64s ago] {'id_1': 3, 'param_1': 1}
INFO:sqlalchemy.engine.Engine:SELECT organizations.id AS organizations_id, organizations.name AS organizations_name, organizations.name_short AS organizations_name_short, organizations.location AS organizations_location, organizations.phone_number AS organizations_phone_number, organizations.email AS organizations_email, organizations.description AS organizations_description, organizations.image AS organizations_image, organizations.website AS organizations_website, organizations.facebook AS organizations_facebook, organizations.twitter AS organizations_twitter, organizations.instagram AS organizations_instagram, organizations.youtube AS organizations_youtube 
FROM organizations 
WHERE organizations.id = %(id_1)s 
 LIMIT %(param_1)s
INFO:sqlalchemy.engine.Engine:[cached since 10.64s ago] {'id_1': 3, 'param_1': 1}
INFO:sqlalchemy.engine.Engine:ROLLBACK
INFO:sqlalchemy.engine.Engine:BEGIN (implicit)
INFO:werkzeug:127.0.0.1 - - [15/Mar/2024 15:54:19] "GET /api/v1/organizations/3/image HTTP/1.1" 200 -
INFO:sqlalchemy.engine.Engine:SELECT organizations.id AS organizations_id, organizations.name AS organizations_name, organizations.name_short AS organizations_name_short, organizations.location AS organizations_location, organizations.phone_number AS organizations_phone_number, organizations.email AS organizations_email, organizations.description AS organizations_description, organizations.image AS organizations_image, organizations.website AS organizations_website, organizations.facebook AS organizations_facebook, organizations.twitter AS organizations_twitter, organizations.instagram AS organizations_instagram, organizations.youtube AS organizations_youtube 
FROM organizations 
WHERE organizations.id = %(id_1)s 
 LIMIT %(param_1)s
INFO:sqlalchemy.engine.Engine:[cached since 10.65s ago] {'id_1': 3, 'param_1': 1}
INFO:sqlalchemy.engine.Engine:BEGIN (implicit)
INFO:sqlalchemy.engine.Engine:ROLLBACK
INFO:sqlalchemy.engine.Engine:BEGIN (implicit)
INFO:sqlalchemy.engine.Engine:SELECT organizations.id AS organizations_id, organizations.name AS organizations_name, organizations.name_short AS organizations_name_short, organizations.location AS organizations_location, organizations.phone_number AS organizations_phone_number, organizations.email AS organizations_email, organizations.description AS organizations_description, organizations.image AS organizations_image, organizations.website AS organizations_website, organizations.facebook AS organizations_facebook, organizations.twitter AS organizations_twitter, organizations.instagram AS organizations_instagram, organizations.youtube AS organizations_youtube 
FROM organizations 
WHERE organizations.id = %(id_1)s 
 LIMIT %(param_1)s
INFO:werkzeug:127.0.0.1 - - [15/Mar/2024 15:54:19] "GET /api/v1/organizations/3/image HTTP/1.1" 200 -
INFO:sqlalchemy.engine.Engine:ROLLBACK
INFO:sqlalchemy.engine.Engine:BEGIN (implicit)
INFO:werkzeug:127.0.0.1 - - [15/Mar/2024 15:54:19] "GET /api/v1/organizations/3/image HTTP/1.1" 200 -
INFO:sqlalchemy.engine.Engine:SELECT organizations.id AS organizations_id, organizations.name AS organizations_name, organizations.name_short AS organizations_name_short, organizations.location AS organizations_location, organizations.phone_number AS organizations_phone_number, organizations.email AS organizations_email, organizations.description AS organizations_description, organizations.image AS organizations_image, organizations.website AS organizations_website, organizations.facebook AS organizations_facebook, organizations.twitter AS organizations_twitter, organizations.instagram AS organizations_instagram, organizations.youtube AS organizations_youtube 
FROM organizations 
WHERE organizations.id = %(id_1)s 
 LIMIT %(param_1)s
INFO:sqlalchemy.engine.Engine:BEGIN (implicit)
INFO:sqlalchemy.engine.Engine:[cached since 10.66s ago] {'id_1': 3, 'param_1': 1}
INFO:sqlalchemy.engine.Engine:SELECT organizations.id AS organizations_id, organizations.name AS organizations_name, organizations.name_short AS organizations_name_short, organizations.location AS organizations_location, organizations.phone_number AS organizations_phone_number, organizations.email AS organizations_email, organizations.description AS organizations_description, organizations.image AS organizations_image, organizations.website AS organizations_website, organizations.facebook AS organizations_facebook, organizations.twitter AS organizations_twitter, organizations.instagram AS organizations_instagram, organizations.youtube AS organizations_youtube 
FROM organizations 
WHERE organizations.id = %(id_1)s 
 LIMIT %(param_1)s
INFO:sqlalchemy.engine.Engine:[cached since 10.67s ago] {'id_1': 3, 'param_1': 1}
INFO:sqlalchemy.engine.Engine:SELECT organizations.id AS organizations_id, organizations.name AS organizations_name, organizations.name_short AS organizations_name_short, organizations.location AS organizations_location, organizations.phone_number AS organizations_phone_number, organizations.email AS organizations_email, organizations.description AS organizations_description, organizations.image AS organizations_image, organizations.website AS organizations_website, organizations.facebook AS organizations_facebook, organizations.twitter AS organizations_twitter, organizations.instagram AS organizations_instagram, organizations.youtube AS organizations_youtube 
FROM organizations 
WHERE organizations.id = %(id_1)s 
 LIMIT %(param_1)s
INFO:sqlalchemy.engine.Engine:ROLLBACK
INFO:sqlalchemy.engine.Engine:[cached since 10.67s ago] {'id_1': 3, 'param_1': 1}
INFO:sqlalchemy.engine.Engine:[cached since 10.67s ago] {'id_1': 3, 'param_1': 1}
INFO:werkzeug:127.0.0.1 - - [15/Mar/2024 15:54:19] "GET /api/v1/organizations/3/image HTTP/1.1" 200 -
INFO:sqlalchemy.engine.Engine:ROLLBACK
INFO:sqlalchemy.engine.Engine:ROLLBACK
INFO:werkzeug:127.0.0.1 - - [15/Mar/2024 15:54:19] "GET /api/v1/organizations/3/image HTTP/1.1" 200 -
INFO:werkzeug:127.0.0.1 - - [15/Mar/2024 15:54:19] "GET /api/v1/organizations/3/image HTTP/1.1" 200 -
INFO:sqlalchemy.engine.Engine:ROLLBACK
INFO:werkzeug:127.0.0.1 - - [15/Mar/2024 15:54:19] "GET /api/v1/organizations/3/image HTTP/1.1" 200 -
INFO:sqlalchemy.engine.Engine:BEGIN (implicit)
INFO:sqlalchemy.engine.Engine:SELECT organizations.id AS organizations_id, organizations.name AS organizations_name, organizations.name_short AS organizations_name_short, organizations.location AS organizations_location, organizations.phone_number AS organizations_phone_number, organizations.email AS organizations_email, organizations.description AS organizations_description, organizations.image AS organizations_image, organizations.website AS organizations_website, organizations.facebook AS organizations_facebook, organizations.twitter AS organizations_twitter, organizations.instagram AS organizations_instagram, organizations.youtube AS organizations_youtube 
FROM organizations 
WHERE organizations.id = %(id_1)s 
 LIMIT %(param_1)s
INFO:sqlalchemy.engine.Engine:[cached since 13.9s ago] {'id_1': 3, 'param_1': 1}
INFO:sqlalchemy.engine.Engine:BEGIN (implicit)
INFO:sqlalchemy.engine.Engine:SELECT organizations.id AS organizations_id, organizations.name AS organizations_name, organizations.name_short AS organizations_name_short, organizations.location AS organizations_location, organizations.phone_number AS organizations_phone_number, organizations.email AS organizations_email, organizations.description AS organizations_description, organizations.image AS organizations_image, organizations.website AS organizations_website, organizations.facebook AS organizations_facebook, organizations.twitter AS organizations_twitter, organizations.instagram AS organizations_instagram, organizations.youtube AS organizations_youtube 
FROM organizations 
WHERE organizations.id = %(id_1)s 
 LIMIT %(param_1)s
INFO:sqlalchemy.engine.Engine:ROLLBACK
INFO:sqlalchemy.engine.Engine:[cached since 13.9s ago] {'id_1': 3, 'param_1': 1}
INFO:werkzeug:127.0.0.1 - - [15/Mar/2024 15:54:23] "GET /api/v1/organizations/3/image HTTP/1.1" 200 -
INFO:sqlalchemy.engine.Engine:ROLLBACK
INFO:werkzeug:127.0.0.1 - - [15/Mar/2024 15:54:23] "GET /api/v1/organizations/3/image HTTP/1.1" 200 -
INFO:sqlalchemy.engine.Engine:BEGIN (implicit)
INFO:sqlalchemy.engine.Engine:SELECT organizations.id AS organizations_id, organizations.name AS organizations_name, organizations.name_short AS organizations_name_short, organizations.location AS organizations_location, organizations.phone_number AS organizations_phone_number, organizations.email AS organizations_email, organizations.description AS organizations_description, organizations.image AS organizations_image, organizations.website AS organizations_website, organizations.facebook AS organizations_facebook, organizations.twitter AS organizations_twitter, organizations.instagram AS organizations_instagram, organizations.youtube AS organizations_youtube 
FROM organizations 
WHERE organizations.id = %(id_1)s 
 LIMIT %(param_1)s
INFO:sqlalchemy.engine.Engine:[cached since 237.4s ago] {'id_1': 3, 'param_1': 1}
INFO:sqlalchemy.engine.Engine:ROLLBACK
INFO:sqlalchemy.engine.Engine:BEGIN (implicit)
INFO:werkzeug:127.0.0.1 - - [15/Mar/2024 15:58:06] "GET /api/v1/organizations/3/image HTTP/1.1" 200 -
INFO:sqlalchemy.engine.Engine:BEGIN (implicit)
INFO:sqlalchemy.engine.Engine:SELECT organizations.id AS organizations_id, organizations.name AS organizations_name, organizations.name_short AS organizations_name_short, organizations.location AS organizations_location, organizations.phone_number AS organizations_phone_number, organizations.email AS organizations_email, organizations.description AS organizations_description, organizations.image AS organizations_image, organizations.website AS organizations_website, organizations.facebook AS organizations_facebook, organizations.twitter AS organizations_twitter, organizations.instagram AS organizations_instagram, organizations.youtube AS organizations_youtube 
FROM organizations 
WHERE organizations.id = %(id_1)s 
 LIMIT %(param_1)s
INFO:sqlalchemy.engine.Engine:BEGIN (implicit)
INFO:sqlalchemy.engine.Engine:BEGIN (implicit)
INFO:sqlalchemy.engine.Engine:SELECT organizations.id AS organizations_id, organizations.name AS organizations_name, organizations.name_short AS organizations_name_short, organizations.location AS organizations_location, organizations.phone_number AS organizations_phone_number, organizations.email AS organizations_email, organizations.description AS organizations_description, organizations.image AS organizations_image, organizations.website AS organizations_website, organizations.facebook AS organizations_facebook, organizations.twitter AS organizations_twitter, organizations.instagram AS organizations_instagram, organizations.youtube AS organizations_youtube 
FROM organizations 
WHERE organizations.id = %(id_1)s 
 LIMIT %(param_1)s
INFO:sqlalchemy.engine.Engine:BEGIN (implicit)
INFO:sqlalchemy.engine.Engine:[cached since 237.4s ago] {'id_1': 3, 'param_1': 1}
INFO:sqlalchemy.engine.Engine:SELECT organizations.id AS organizations_id, organizations.name AS organizations_name, organizations.name_short AS organizations_name_short, organizations.location AS organizations_location, organizations.phone_number AS organizations_phone_number, organizations.email AS organizations_email, organizations.description AS organizations_description, organizations.image AS organizations_image, organizations.website AS organizations_website, organizations.facebook AS organizations_facebook, organizations.twitter AS organizations_twitter, organizations.instagram AS organizations_instagram, organizations.youtube AS organizations_youtube 
FROM organizations 
WHERE organizations.id = %(id_1)s 
 LIMIT %(param_1)s
INFO:sqlalchemy.engine.Engine:SELECT organizations.id AS organizations_id, organizations.name AS organizations_name, organizations.name_short AS organizations_name_short, organizations.location AS organizations_location, organizations.phone_number AS organizations_phone_number, organizations.email AS organizations_email, organizations.description AS organizations_description, organizations.image AS organizations_image, organizations.website AS organizations_website, organizations.facebook AS organizations_facebook, organizations.twitter AS organizations_twitter, organizations.instagram AS organizations_instagram, organizations.youtube AS organizations_youtube 
FROM organizations 
WHERE organizations.id = %(id_1)s 
 LIMIT %(param_1)s
INFO:sqlalchemy.engine.Engine:[cached since 237.4s ago] {'id_1': 3, 'param_1': 1}
INFO:sqlalchemy.engine.Engine:SELECT organizations.id AS organizations_id, organizations.name AS organizations_name, organizations.name_short AS organizations_name_short, organizations.location AS organizations_location, organizations.phone_number AS organizations_phone_number, organizations.email AS organizations_email, organizations.description AS organizations_description, organizations.image AS organizations_image, organizations.website AS organizations_website, organizations.facebook AS organizations_facebook, organizations.twitter AS organizations_twitter, organizations.instagram AS organizations_instagram, organizations.youtube AS organizations_youtube 
FROM organizations 
WHERE organizations.id = %(id_1)s 
 LIMIT %(param_1)s
INFO:sqlalchemy.engine.Engine:[cached since 237.4s ago] {'id_1': 3, 'param_1': 1}
INFO:sqlalchemy.engine.Engine:ROLLBACK
INFO:sqlalchemy.engine.Engine:[cached since 237.4s ago] {'id_1': 3, 'param_1': 1}
INFO:werkzeug:127.0.0.1 - - [15/Mar/2024 15:58:06] "GET /api/v1/organizations/3/image HTTP/1.1" 200 -
INFO:sqlalchemy.engine.Engine:ROLLBACK
INFO:sqlalchemy.engine.Engine:[cached since 237.4s ago] {'id_1': 3, 'param_1': 1}
INFO:werkzeug:127.0.0.1 - - [15/Mar/2024 15:58:06] "GET /api/v1/organizations/3/image HTTP/1.1" 200 -
INFO:sqlalchemy.engine.Engine:ROLLBACK
INFO:sqlalchemy.engine.Engine:ROLLBACK
INFO:werkzeug:127.0.0.1 - - [15/Mar/2024 15:58:06] "GET /api/v1/organizations/3/image HTTP/1.1" 200 -
INFO:werkzeug:127.0.0.1 - - [15/Mar/2024 15:58:06] "GET /api/v1/organizations/3/image HTTP/1.1" 200 -
INFO:sqlalchemy.engine.Engine:ROLLBACK
INFO:werkzeug:127.0.0.1 - - [15/Mar/2024 15:58:06] "GET /api/v1/organizations/3/image HTTP/1.1" 200 -
INFO:sqlalchemy.engine.Engine:BEGIN (implicit)
INFO:sqlalchemy.engine.Engine:SELECT organizations.id AS organizations_id, organizations.name AS organizations_name, organizations.name_short AS organizations_name_short, organizations.location AS organizations_location, organizations.phone_number AS organizations_phone_number, organizations.email AS organizations_email, organizations.description AS organizations_description, organizations.image AS organizations_image, organizations.website AS organizations_website, organizations.facebook AS organizations_facebook, organizations.twitter AS organizations_twitter, organizations.instagram AS organizations_instagram, organizations.youtube AS organizations_youtube 
FROM organizations 
WHERE organizations.id = %(id_1)s 
 LIMIT %(param_1)s
INFO:sqlalchemy.engine.Engine:BEGIN (implicit)
INFO:sqlalchemy.engine.Engine:[cached since 243s ago] {'id_1': 3, 'param_1': 1}
INFO:sqlalchemy.engine.Engine:SELECT organizations.id AS organizations_id, organizations.name AS organizations_name, organizations.name_short AS organizations_name_short, organizations.location AS organizations_location, organizations.phone_number AS organizations_phone_number, organizations.email AS organizations_email, organizations.description AS organizations_description, organizations.image AS organizations_image, organizations.website AS organizations_website, organizations.facebook AS organizations_facebook, organizations.twitter AS organizations_twitter, organizations.instagram AS organizations_instagram, organizations.youtube AS organizations_youtube 
FROM organizations 
WHERE organizations.id = %(id_1)s 
 LIMIT %(param_1)s
INFO:sqlalchemy.engine.Engine:BEGIN (implicit)
INFO:sqlalchemy.engine.Engine:BEGIN (implicit)
INFO:sqlalchemy.engine.Engine:[cached since 243s ago] {'id_1': 3, 'param_1': 1}
INFO:sqlalchemy.engine.Engine:ROLLBACK
INFO:sqlalchemy.engine.Engine:SELECT organizations.id AS organizations_id, organizations.name AS organizations_name, organizations.name_short AS organizations_name_short, organizations.location AS organizations_location, organizations.phone_number AS organizations_phone_number, organizations.email AS organizations_email, organizations.description AS organizations_description, organizations.image AS organizations_image, organizations.website AS organizations_website, organizations.facebook AS organizations_facebook, organizations.twitter AS organizations_twitter, organizations.instagram AS organizations_instagram, organizations.youtube AS organizations_youtube 
FROM organizations 
WHERE organizations.id = %(id_1)s 
 LIMIT %(param_1)s
INFO:werkzeug:127.0.0.1 - - [15/Mar/2024 15:58:12] "GET /api/v1/organizations/3/image HTTP/1.1" 200 -
INFO:sqlalchemy.engine.Engine:BEGIN (implicit)
INFO:sqlalchemy.engine.Engine:SELECT organizations.id AS organizations_id, organizations.name AS organizations_name, organizations.name_short AS organizations_name_short, organizations.location AS organizations_location, organizations.phone_number AS organizations_phone_number, organizations.email AS organizations_email, organizations.description AS organizations_description, organizations.image AS organizations_image, organizations.website AS organizations_website, organizations.facebook AS organizations_facebook, organizations.twitter AS organizations_twitter, organizations.instagram AS organizations_instagram, organizations.youtube AS organizations_youtube 
FROM organizations 
WHERE organizations.id = %(id_1)s 
 LIMIT %(param_1)s
INFO:sqlalchemy.engine.Engine:BEGIN (implicit)
INFO:sqlalchemy.engine.Engine:[cached since 243s ago] {'id_1': 3, 'param_1': 1}
INFO:sqlalchemy.engine.Engine:ROLLBACK
INFO:sqlalchemy.engine.Engine:SELECT organizations.id AS organizations_id, organizations.name AS organizations_name, organizations.name_short AS organizations_name_short, organizations.location AS organizations_location, organizations.phone_number AS organizations_phone_number, organizations.email AS organizations_email, organizations.description AS organizations_description, organizations.image AS organizations_image, organizations.website AS organizations_website, organizations.facebook AS organizations_facebook, organizations.twitter AS organizations_twitter, organizations.instagram AS organizations_instagram, organizations.youtube AS organizations_youtube 
FROM organizations 
WHERE organizations.id = %(id_1)s 
 LIMIT %(param_1)s
INFO:werkzeug:127.0.0.1 - - [15/Mar/2024 15:58:12] "GET /api/v1/organizations/3/image HTTP/1.1" 200 -
INFO:sqlalchemy.engine.Engine:[cached since 243s ago] {'id_1': 3, 'param_1': 1}
INFO:sqlalchemy.engine.Engine:SELECT organizations.id AS organizations_id, organizations.name AS organizations_name, organizations.name_short AS organizations_name_short, organizations.location AS organizations_location, organizations.phone_number AS organizations_phone_number, organizations.email AS organizations_email, organizations.description AS organizations_description, organizations.image AS organizations_image, organizations.website AS organizations_website, organizations.facebook AS organizations_facebook, organizations.twitter AS organizations_twitter, organizations.instagram AS organizations_instagram, organizations.youtube AS organizations_youtube 
FROM organizations 
WHERE organizations.id = %(id_1)s 
 LIMIT %(param_1)s
INFO:sqlalchemy.engine.Engine:ROLLBACK
INFO:sqlalchemy.engine.Engine:[cached since 243s ago] {'id_1': 3, 'param_1': 1}
INFO:werkzeug:127.0.0.1 - - [15/Mar/2024 15:58:12] "GET /api/v1/organizations/3/image HTTP/1.1" 200 -
INFO:sqlalchemy.engine.Engine:[cached since 243s ago] {'id_1': 3, 'param_1': 1}
INFO:sqlalchemy.engine.Engine:ROLLBACK
INFO:sqlalchemy.engine.Engine:ROLLBACK
INFO:werkzeug:127.0.0.1 - - [15/Mar/2024 15:58:12] "GET /api/v1/organizations/3/image HTTP/1.1" 200 -
INFO:werkzeug:127.0.0.1 - - [15/Mar/2024 15:58:12] "GET /api/v1/organizations/3/image HTTP/1.1" 200 -
INFO:sqlalchemy.engine.Engine:ROLLBACK
INFO:werkzeug:127.0.0.1 - - [15/Mar/2024 15:58:12] "GET /api/v1/organizations/3/image HTTP/1.1" 200 -
INFO:sqlalchemy.engine.Engine:BEGIN (implicit)
INFO:sqlalchemy.engine.Engine:SELECT events.id AS events_id, events.title AS events_title, events.link AS events_link, events.sub_links AS events_sub_links, events.image AS events_image, events.date AS events_date, events.start_time AS events_start_time, events.end_time AS events_end_time, events.location AS events_location, events.short_description AS events_short_description, events.full_description AS events_full_description, events.other_info AS events_other_info, events.cost AS events_cost, events.category AS events_category, events.created_at AS events_created_at, events.is_video AS events_is_video, events.organization_id AS events_organization_id, events.organization_name AS events_organization_name 
FROM events 
WHERE events.organization_id = %(organization_id_1)s AND events.created_at >= %(created_at_1)s AND events.created_at <= %(created_at_2)s
INFO:sqlalchemy.engine.Engine:[cached since 2573s ago] {'organization_id_1': 10, 'created_at_1': datetime.datetime(2024, 3, 15, 0, 0), 'created_at_2': datetime.datetime(2024, 3, 15, 23, 59, 59)}
INFO:sqlalchemy.engine.Engine:ROLLBACK
INFO:werkzeug:127.0.0.1 - - [15/Mar/2024 16:32:36] "GET /api/v1/events/10 HTTP/1.1" 200 -
INFO:sqlalchemy.engine.Engine:BEGIN (implicit)
INFO:sqlalchemy.engine.Engine:SELECT events.id AS events_id, events.title AS events_title, events.link AS events_link, events.sub_links AS events_sub_links, events.image AS events_image, events.date AS events_date, events.start_time AS events_start_time, events.end_time AS events_end_time, events.location AS events_location, events.short_description AS events_short_description, events.full_description AS events_full_description, events.other_info AS events_other_info, events.cost AS events_cost, events.category AS events_category, events.created_at AS events_created_at, events.is_video AS events_is_video, events.organization_id AS events_organization_id, events.organization_name AS events_organization_name 
FROM events 
WHERE events.organization_id = %(organization_id_1)s AND events.created_at >= %(created_at_1)s AND events.created_at <= %(created_at_2)s
INFO:sqlalchemy.engine.Engine:[cached since 2573s ago] {'organization_id_1': 10, 'created_at_1': datetime.datetime(2024, 3, 15, 0, 0), 'created_at_2': datetime.datetime(2024, 3, 15, 23, 59, 59)}
INFO:sqlalchemy.engine.Engine:ROLLBACK
INFO:werkzeug:127.0.0.1 - - [15/Mar/2024 16:32:36] "GET /api/v1/events/10 HTTP/1.1" 200 -
INFO:sqlalchemy.engine.Engine:BEGIN (implicit)
INFO:sqlalchemy.engine.Engine:SELECT events.id AS events_id, events.title AS events_title, events.link AS events_link, events.sub_links AS events_sub_links, events.image AS events_image, events.date AS events_date, events.start_time AS events_start_time, events.end_time AS events_end_time, events.location AS events_location, events.short_description AS events_short_description, events.full_description AS events_full_description, events.other_info AS events_other_info, events.cost AS events_cost, events.category AS events_category, events.created_at AS events_created_at, events.is_video AS events_is_video, events.organization_id AS events_organization_id, events.organization_name AS events_organization_name 
FROM events 
WHERE events.organization_id = %(organization_id_1)s AND events.created_at >= %(created_at_1)s AND events.created_at <= %(created_at_2)s
INFO:sqlalchemy.engine.Engine:[cached since 2573s ago] {'organization_id_1': 4, 'created_at_1': datetime.datetime(2024, 3, 15, 0, 0), 'created_at_2': datetime.datetime(2024, 3, 15, 23, 59, 59)}
INFO:sqlalchemy.engine.Engine:ROLLBACK
INFO:werkzeug:127.0.0.1 - - [15/Mar/2024 16:32:36] "GET /api/v1/events/4 HTTP/1.1" 200 -
INFO:sqlalchemy.engine.Engine:BEGIN (implicit)
INFO:sqlalchemy.engine.Engine:SELECT events.id AS events_id, events.title AS events_title, events.link AS events_link, events.sub_links AS events_sub_links, events.image AS events_image, events.date AS events_date, events.start_time AS events_start_time, events.end_time AS events_end_time, events.location AS events_location, events.short_description AS events_short_description, events.full_description AS events_full_description, events.other_info AS events_other_info, events.cost AS events_cost, events.category AS events_category, events.created_at AS events_created_at, events.is_video AS events_is_video, events.organization_id AS events_organization_id, events.organization_name AS events_organization_name 
FROM events 
WHERE events.organization_id = %(organization_id_1)s AND events.created_at >= %(created_at_1)s AND events.created_at <= %(created_at_2)s
INFO:sqlalchemy.engine.Engine:[cached since 2573s ago] {'organization_id_1': 4, 'created_at_1': datetime.datetime(2024, 3, 15, 0, 0), 'created_at_2': datetime.datetime(2024, 3, 15, 23, 59, 59)}
INFO:sqlalchemy.engine.Engine:ROLLBACK
INFO:werkzeug:127.0.0.1 - - [15/Mar/2024 16:32:36] "GET /api/v1/events/4 HTTP/1.1" 200 -
INFO:sqlalchemy.engine.Engine:BEGIN (implicit)
INFO:sqlalchemy.engine.Engine:SELECT events.id AS events_id, events.title AS events_title, events.link AS events_link, events.sub_links AS events_sub_links, events.image AS events_image, events.date AS events_date, events.start_time AS events_start_time, events.end_time AS events_end_time, events.location AS events_location, events.short_description AS events_short_description, events.full_description AS events_full_description, events.other_info AS events_other_info, events.cost AS events_cost, events.category AS events_category, events.created_at AS events_created_at, events.is_video AS events_is_video, events.organization_id AS events_organization_id, events.organization_name AS events_organization_name 
FROM events 
WHERE events.organization_id = %(organization_id_1)s AND events.created_at >= %(created_at_1)s AND events.created_at <= %(created_at_2)s
INFO:sqlalchemy.engine.Engine:[cached since 2574s ago] {'organization_id_1': 10, 'created_at_1': datetime.datetime(2024, 3, 15, 0, 0), 'created_at_2': datetime.datetime(2024, 3, 15, 23, 59, 59)}
INFO:sqlalchemy.engine.Engine:BEGIN (implicit)
INFO:sqlalchemy.engine.Engine:BEGIN (implicit)
INFO:sqlalchemy.engine.Engine:SELECT events.id AS events_id, events.title AS events_title, events.link AS events_link, events.sub_links AS events_sub_links, events.image AS events_image, events.date AS events_date, events.start_time AS events_start_time, events.end_time AS events_end_time, events.location AS events_location, events.short_description AS events_short_description, events.full_description AS events_full_description, events.other_info AS events_other_info, events.cost AS events_cost, events.category AS events_category, events.created_at AS events_created_at, events.is_video AS events_is_video, events.organization_id AS events_organization_id, events.organization_name AS events_organization_name 
FROM events 
WHERE events.organization_id = %(organization_id_1)s AND events.created_at >= %(created_at_1)s AND events.created_at <= %(created_at_2)s
INFO:sqlalchemy.engine.Engine:BEGIN (implicit)
INFO:sqlalchemy.engine.Engine:ROLLBACK
INFO:sqlalchemy.engine.Engine:SELECT prayer_times.id AS prayer_times_id, prayer_times.prayer_name AS prayer_times_prayer_name, prayer_times.athan_time AS prayer_times_athan_time, prayer_times.iqama_time AS prayer_times_iqama_time, prayer_times.jumuah_time AS prayer_times_jumuah_time, prayer_times.jumuah_time2 AS prayer_times_jumuah_time2, prayer_times.created_at AS prayer_times_created_at, prayer_times.organization_id AS prayer_times_organization_id, prayer_times.organization_name AS prayer_times_organization_name 
FROM prayer_times 
WHERE prayer_times.organization_id = %(organization_id_1)s AND prayer_times.created_at >= %(created_at_1)s AND prayer_times.created_at <= %(created_at_2)s
INFO:sqlalchemy.engine.Engine:[cached since 2574s ago] {'organization_id_1': 10, 'created_at_1': datetime.datetime(2024, 3, 15, 0, 0), 'created_at_2': datetime.datetime(2024, 3, 15, 23, 59, 59)}
INFO:werkzeug:127.0.0.1 - - [15/Mar/2024 16:32:36] "GET /api/v1/events/10 HTTP/1.1" 200 -
INFO:sqlalchemy.engine.Engine:SELECT prayer_times.id AS prayer_times_id, prayer_times.prayer_name AS prayer_times_prayer_name, prayer_times.athan_time AS prayer_times_athan_time, prayer_times.iqama_time AS prayer_times_iqama_time, prayer_times.jumuah_time AS prayer_times_jumuah_time, prayer_times.jumuah_time2 AS prayer_times_jumuah_time2, prayer_times.created_at AS prayer_times_created_at, prayer_times.organization_id AS prayer_times_organization_id, prayer_times.organization_name AS prayer_times_organization_name 
FROM prayer_times 
WHERE prayer_times.organization_id = %(organization_id_1)s AND prayer_times.created_at >= %(created_at_1)s AND prayer_times.created_at <= %(created_at_2)s
INFO:sqlalchemy.engine.Engine:[cached since 2573s ago] {'organization_id_1': 3, 'created_at_1': datetime.datetime(2024, 3, 15, 0, 0), 'created_at_2': datetime.datetime(2024, 3, 15, 23, 59, 59)}
INFO:sqlalchemy.engine.Engine:[cached since 2573s ago] {'organization_id_1': 3, 'created_at_1': datetime.datetime(2024, 3, 15, 0, 0), 'created_at_2': datetime.datetime(2024, 3, 15, 23, 59, 59)}
INFO:sqlalchemy.engine.Engine:ROLLBACK
INFO:sqlalchemy.engine.Engine:ROLLBACK
INFO:werkzeug:127.0.0.1 - - [15/Mar/2024 16:32:37] "GET /api/v1/prayer_times/3 HTTP/1.1" 200 -
INFO:werkzeug:127.0.0.1 - - [15/Mar/2024 16:32:37] "GET /api/v1/prayer_times/3 HTTP/1.1" 200 -
INFO:sqlalchemy.engine.Engine:ROLLBACK
INFO:werkzeug:127.0.0.1 - - [15/Mar/2024 16:32:37] "GET /api/v1/events/10 HTTP/1.1" 200 -
INFO:sqlalchemy.engine.Engine:BEGIN (implicit)
INFO:sqlalchemy.engine.Engine:SELECT events.id AS events_id, events.title AS events_title, events.link AS events_link, events.sub_links AS events_sub_links, events.image AS events_image, events.date AS events_date, events.start_time AS events_start_time, events.end_time AS events_end_time, events.location AS events_location, events.short_description AS events_short_description, events.full_description AS events_full_description, events.other_info AS events_other_info, events.cost AS events_cost, events.category AS events_category, events.created_at AS events_created_at, events.is_video AS events_is_video, events.organization_id AS events_organization_id, events.organization_name AS events_organization_name 
FROM events 
WHERE events.organization_id = %(organization_id_1)s AND events.created_at >= %(created_at_1)s AND events.created_at <= %(created_at_2)s
INFO:sqlalchemy.engine.Engine:[cached since 2574s ago] {'organization_id_1': 4, 'created_at_1': datetime.datetime(2024, 3, 15, 0, 0), 'created_at_2': datetime.datetime(2024, 3, 15, 23, 59, 59)}
INFO:sqlalchemy.engine.Engine:BEGIN (implicit)
INFO:sqlalchemy.engine.Engine:SELECT events.id AS events_id, events.title AS events_title, events.link AS events_link, events.sub_links AS events_sub_links, events.image AS events_image, events.date AS events_date, events.start_time AS events_start_time, events.end_time AS events_end_time, events.location AS events_location, events.short_description AS events_short_description, events.full_description AS events_full_description, events.other_info AS events_other_info, events.cost AS events_cost, events.category AS events_category, events.created_at AS events_created_at, events.is_video AS events_is_video, events.organization_id AS events_organization_id, events.organization_name AS events_organization_name 
FROM events 
WHERE events.organization_id = %(organization_id_1)s AND events.created_at >= %(created_at_1)s AND events.created_at <= %(created_at_2)s
INFO:sqlalchemy.engine.Engine:ROLLBACK
INFO:sqlalchemy.engine.Engine:[cached since 2574s ago] {'organization_id_1': 4, 'created_at_1': datetime.datetime(2024, 3, 15, 0, 0), 'created_at_2': datetime.datetime(2024, 3, 15, 23, 59, 59)}
INFO:werkzeug:127.0.0.1 - - [15/Mar/2024 16:32:37] "GET /api/v1/events/4 HTTP/1.1" 200 -
INFO:sqlalchemy.engine.Engine:ROLLBACK
INFO:werkzeug:127.0.0.1 - - [15/Mar/2024 16:32:37] "GET /api/v1/events/4 HTTP/1.1" 200 -
INFO:werkzeug:127.0.0.1 - - [15/Mar/2024 16:35:06] "GET /logo.png HTTP/1.1" 200 -
INFO:sqlalchemy.engine.Engine:BEGIN (implicit)
INFO:sqlalchemy.engine.Engine:BEGIN (implicit)
INFO:sqlalchemy.engine.Engine:SELECT prayer_times.id AS prayer_times_id, prayer_times.prayer_name AS prayer_times_prayer_name, prayer_times.athan_time AS prayer_times_athan_time, prayer_times.iqama_time AS prayer_times_iqama_time, prayer_times.jumuah_time AS prayer_times_jumuah_time, prayer_times.jumuah_time2 AS prayer_times_jumuah_time2, prayer_times.created_at AS prayer_times_created_at, prayer_times.organization_id AS prayer_times_organization_id, prayer_times.organization_name AS prayer_times_organization_name 
FROM prayer_times 
WHERE prayer_times.created_at >= %(created_at_1)s AND prayer_times.created_at <= %(created_at_2)s
INFO:sqlalchemy.engine.Engine:SELECT prayer_times.id AS prayer_times_id, prayer_times.prayer_name AS prayer_times_prayer_name, prayer_times.athan_time AS prayer_times_athan_time, prayer_times.iqama_time AS prayer_times_iqama_time, prayer_times.jumuah_time AS prayer_times_jumuah_time, prayer_times.jumuah_time2 AS prayer_times_jumuah_time2, prayer_times.created_at AS prayer_times_created_at, prayer_times.organization_id AS prayer_times_organization_id, prayer_times.organization_name AS prayer_times_organization_name 
FROM prayer_times 
WHERE prayer_times.created_at >= %(created_at_1)s AND prayer_times.created_at <= %(created_at_2)s
INFO:sqlalchemy.engine.Engine:[generated in 0.00097s] {'created_at_1': datetime.datetime(2024, 3, 15, 0, 0), 'created_at_2': datetime.datetime(2024, 3, 15, 23, 59, 59)}
INFO:sqlalchemy.engine.Engine:[cached since 0.001637s ago] {'created_at_1': datetime.datetime(2024, 3, 15, 0, 0), 'created_at_2': datetime.datetime(2024, 3, 15, 23, 59, 59)}
INFO:sqlalchemy.engine.Engine:ROLLBACK
INFO:sqlalchemy.engine.Engine:ROLLBACK
INFO:werkzeug:127.0.0.1 - - [15/Mar/2024 16:35:06] "GET /api/v1/prayer_times HTTP/1.1" 200 -
INFO:werkzeug:127.0.0.1 - - [15/Mar/2024 16:35:06] "GET /api/v1/prayer_times HTTP/1.1" 200 -
INFO:werkzeug:127.0.0.1 - - [15/Mar/2024 16:35:06] "GET /api/v1/organizations HTTP/1.1" 200 -
INFO:werkzeug:127.0.0.1 - - [15/Mar/2024 16:35:06] "GET /api/v1/organizations HTTP/1.1" 200 -
INFO:werkzeug:127.0.0.1 - - [16/Mar/2024 00:25:36] "GET /api/pokemon HTTP/1.1" 200 -
INFO:werkzeug:127.0.0.1 - - [16/Mar/2024 00:25:36] "GET /api/pokemon HTTP/1.1" 200 -
INFO:sqlalchemy.engine.Engine:BEGIN (implicit)
INFO:sqlalchemy.engine.Engine:BEGIN (implicit)
INFO:sqlalchemy.engine.Engine:SELECT events.id AS events_id, events.title AS events_title, events.link AS events_link, events.sub_links AS events_sub_links, events.image AS events_image, events.date AS events_date, events.start_time AS events_start_time, events.end_time AS events_end_time, events.location AS events_location, events.short_description AS events_short_description, events.full_description AS events_full_description, events.other_info AS events_other_info, events.cost AS events_cost, events.category AS events_category, events.created_at AS events_created_at, events.is_video AS events_is_video, events.organization_id AS events_organization_id, events.organization_name AS events_organization_name 
FROM events 
WHERE events.organization_id = %(organization_id_1)s AND events.created_at >= %(created_at_1)s AND events.created_at <= %(created_at_2)s
INFO:sqlalchemy.engine.Engine:SELECT events.id AS events_id, events.title AS events_title, events.link AS events_link, events.sub_links AS events_sub_links, events.image AS events_image, events.date AS events_date, events.start_time AS events_start_time, events.end_time AS events_end_time, events.location AS events_location, events.short_description AS events_short_description, events.full_description AS events_full_description, events.other_info AS events_other_info, events.cost AS events_cost, events.category AS events_category, events.created_at AS events_created_at, events.is_video AS events_is_video, events.organization_id AS events_organization_id, events.organization_name AS events_organization_name 
FROM events 
WHERE events.organization_id = %(organization_id_1)s AND events.created_at >= %(created_at_1)s AND events.created_at <= %(created_at_2)s
INFO:sqlalchemy.engine.Engine:[cached since 4.568e+04s ago] {'organization_id_1': 10, 'created_at_1': datetime.datetime(2024, 3, 16, 0, 0), 'created_at_2': datetime.datetime(2024, 3, 16, 23, 59, 59)}
INFO:sqlalchemy.engine.Engine:[cached since 4.568e+04s ago] {'organization_id_1': 10, 'created_at_1': datetime.datetime(2024, 3, 16, 0, 0), 'created_at_2': datetime.datetime(2024, 3, 16, 23, 59, 59)}
INFO:sqlalchemy.engine.Engine:ROLLBACK
INFO:sqlalchemy.engine.Engine:ROLLBACK
INFO:werkzeug:127.0.0.1 - - [16/Mar/2024 00:31:01] "GET /api/v1/events/10 HTTP/1.1" 200 -
INFO:werkzeug:127.0.0.1 - - [16/Mar/2024 00:31:01] "GET /api/v1/events/10 HTTP/1.1" 200 -
INFO:werkzeug:127.0.0.1 - - [16/Mar/2024 00:31:01] "GET /logo.png HTTP/1.1" 200 -
INFO:sqlalchemy.engine.Engine:BEGIN (implicit)
INFO:sqlalchemy.engine.Engine:BEGIN (implicit)
INFO:sqlalchemy.engine.Engine:SELECT events.id AS events_id, events.title AS events_title, events.link AS events_link, events.sub_links AS events_sub_links, events.image AS events_image, events.date AS events_date, events.start_time AS events_start_time, events.end_time AS events_end_time, events.location AS events_location, events.short_description AS events_short_description, events.full_description AS events_full_description, events.other_info AS events_other_info, events.cost AS events_cost, events.category AS events_category, events.created_at AS events_created_at, events.is_video AS events_is_video, events.organization_id AS events_organization_id, events.organization_name AS events_organization_name 
FROM events 
WHERE events.organization_id = %(organization_id_1)s AND events.created_at >= %(created_at_1)s AND events.created_at <= %(created_at_2)s
INFO:sqlalchemy.engine.Engine:SELECT events.id AS events_id, events.title AS events_title, events.link AS events_link, events.sub_links AS events_sub_links, events.image AS events_image, events.date AS events_date, events.start_time AS events_start_time, events.end_time AS events_end_time, events.location AS events_location, events.short_description AS events_short_description, events.full_description AS events_full_description, events.other_info AS events_other_info, events.cost AS events_cost, events.category AS events_category, events.created_at AS events_created_at, events.is_video AS events_is_video, events.organization_id AS events_organization_id, events.organization_name AS events_organization_name 
FROM events 
WHERE events.organization_id = %(organization_id_1)s AND events.created_at >= %(created_at_1)s AND events.created_at <= %(created_at_2)s
INFO:sqlalchemy.engine.Engine:[cached since 4.568e+04s ago] {'organization_id_1': 4, 'created_at_1': datetime.datetime(2024, 3, 16, 0, 0), 'created_at_2': datetime.datetime(2024, 3, 16, 23, 59, 59)}
INFO:sqlalchemy.engine.Engine:[cached since 4.568e+04s ago] {'organization_id_1': 4, 'created_at_1': datetime.datetime(2024, 3, 16, 0, 0), 'created_at_2': datetime.datetime(2024, 3, 16, 23, 59, 59)}
INFO:sqlalchemy.engine.Engine:ROLLBACK
INFO:werkzeug:127.0.0.1 - - [16/Mar/2024 00:31:01] "GET /api/v1/events/4 HTTP/1.1" 200 -
INFO:sqlalchemy.engine.Engine:ROLLBACK
INFO:werkzeug:127.0.0.1 - - [16/Mar/2024 00:31:01] "GET /api/v1/events/4 HTTP/1.1" 200 -
INFO:sqlalchemy.engine.Engine:BEGIN (implicit)
INFO:sqlalchemy.engine.Engine:BEGIN (implicit)
INFO:sqlalchemy.engine.Engine:SELECT prayer_times.id AS prayer_times_id, prayer_times.prayer_name AS prayer_times_prayer_name, prayer_times.athan_time AS prayer_times_athan_time, prayer_times.iqama_time AS prayer_times_iqama_time, prayer_times.jumuah_time AS prayer_times_jumuah_time, prayer_times.jumuah_time2 AS prayer_times_jumuah_time2, prayer_times.created_at AS prayer_times_created_at, prayer_times.organization_id AS prayer_times_organization_id, prayer_times.organization_name AS prayer_times_organization_name 
FROM prayer_times 
WHERE prayer_times.organization_id = %(organization_id_1)s AND prayer_times.created_at >= %(created_at_1)s AND prayer_times.created_at <= %(created_at_2)s
INFO:sqlalchemy.engine.Engine:SELECT events.id AS events_id, events.title AS events_title, events.link AS events_link, events.sub_links AS events_sub_links, events.image AS events_image, events.date AS events_date, events.start_time AS events_start_time, events.end_time AS events_end_time, events.location AS events_location, events.short_description AS events_short_description, events.full_description AS events_full_description, events.other_info AS events_other_info, events.cost AS events_cost, events.category AS events_category, events.created_at AS events_created_at, events.is_video AS events_is_video, events.organization_id AS events_organization_id, events.organization_name AS events_organization_name 
FROM events 
WHERE events.organization_id = %(organization_id_1)s AND events.created_at >= %(created_at_1)s AND events.created_at <= %(created_at_2)s
INFO:sqlalchemy.engine.Engine:BEGIN (implicit)
INFO:sqlalchemy.engine.Engine:[cached since 4.568e+04s ago] {'organization_id_1': 3, 'created_at_1': datetime.datetime(2024, 3, 16, 0, 0), 'created_at_2': datetime.datetime(2024, 3, 16, 23, 59, 59)}
INFO:sqlalchemy.engine.Engine:[cached since 4.568e+04s ago] {'organization_id_1': 10, 'created_at_1': datetime.datetime(2024, 3, 16, 0, 0), 'created_at_2': datetime.datetime(2024, 3, 16, 23, 59, 59)}
INFO:sqlalchemy.engine.Engine:BEGIN (implicit)
INFO:sqlalchemy.engine.Engine:SELECT events.id AS events_id, events.title AS events_title, events.link AS events_link, events.sub_links AS events_sub_links, events.image AS events_image, events.date AS events_date, events.start_time AS events_start_time, events.end_time AS events_end_time, events.location AS events_location, events.short_description AS events_short_description, events.full_description AS events_full_description, events.other_info AS events_other_info, events.cost AS events_cost, events.category AS events_category, events.created_at AS events_created_at, events.is_video AS events_is_video, events.organization_id AS events_organization_id, events.organization_name AS events_organization_name 
FROM events 
WHERE events.organization_id = %(organization_id_1)s AND events.created_at >= %(created_at_1)s AND events.created_at <= %(created_at_2)s
INFO:sqlalchemy.engine.Engine:SELECT prayer_times.id AS prayer_times_id, prayer_times.prayer_name AS prayer_times_prayer_name, prayer_times.athan_time AS prayer_times_athan_time, prayer_times.iqama_time AS prayer_times_iqama_time, prayer_times.jumuah_time AS prayer_times_jumuah_time, prayer_times.jumuah_time2 AS prayer_times_jumuah_time2, prayer_times.created_at AS prayer_times_created_at, prayer_times.organization_id AS prayer_times_organization_id, prayer_times.organization_name AS prayer_times_organization_name 
FROM prayer_times 
WHERE prayer_times.organization_id = %(organization_id_1)s AND prayer_times.created_at >= %(created_at_1)s AND prayer_times.created_at <= %(created_at_2)s
INFO:sqlalchemy.engine.Engine:[cached since 4.568e+04s ago] {'organization_id_1': 10, 'created_at_1': datetime.datetime(2024, 3, 16, 0, 0), 'created_at_2': datetime.datetime(2024, 3, 16, 23, 59, 59)}
INFO:sqlalchemy.engine.Engine:[cached since 4.568e+04s ago] {'organization_id_1': 3, 'created_at_1': datetime.datetime(2024, 3, 16, 0, 0), 'created_at_2': datetime.datetime(2024, 3, 16, 23, 59, 59)}
INFO:sqlalchemy.engine.Engine:ROLLBACK
INFO:werkzeug:127.0.0.1 - - [16/Mar/2024 00:31:01] "GET /api/v1/prayer_times/3 HTTP/1.1" 200 -
INFO:sqlalchemy.engine.Engine:ROLLBACK
INFO:sqlalchemy.engine.Engine:ROLLBACK
INFO:werkzeug:127.0.0.1 - - [16/Mar/2024 00:31:01] "GET /api/v1/prayer_times/3 HTTP/1.1" 200 -
INFO:werkzeug:127.0.0.1 - - [16/Mar/2024 00:31:01] "GET /api/v1/events/10 HTTP/1.1" 200 -
INFO:sqlalchemy.engine.Engine:ROLLBACK
INFO:werkzeug:127.0.0.1 - - [16/Mar/2024 00:31:01] "GET /api/v1/events/10 HTTP/1.1" 200 -
INFO:sqlalchemy.engine.Engine:BEGIN (implicit)
INFO:sqlalchemy.engine.Engine:SELECT events.id AS events_id, events.title AS events_title, events.link AS events_link, events.sub_links AS events_sub_links, events.image AS events_image, events.date AS events_date, events.start_time AS events_start_time, events.end_time AS events_end_time, events.location AS events_location, events.short_description AS events_short_description, events.full_description AS events_full_description, events.other_info AS events_other_info, events.cost AS events_cost, events.category AS events_category, events.created_at AS events_created_at, events.is_video AS events_is_video, events.organization_id AS events_organization_id, events.organization_name AS events_organization_name 
FROM events 
WHERE events.organization_id = %(organization_id_1)s AND events.created_at >= %(created_at_1)s AND events.created_at <= %(created_at_2)s
INFO:sqlalchemy.engine.Engine:[cached since 4.568e+04s ago] {'organization_id_1': 4, 'created_at_1': datetime.datetime(2024, 3, 16, 0, 0), 'created_at_2': datetime.datetime(2024, 3, 16, 23, 59, 59)}
INFO:sqlalchemy.engine.Engine:ROLLBACK
INFO:werkzeug:127.0.0.1 - - [16/Mar/2024 00:31:01] "GET /api/v1/events/4 HTTP/1.1" 200 -
INFO:sqlalchemy.engine.Engine:BEGIN (implicit)
INFO:sqlalchemy.engine.Engine:SELECT events.id AS events_id, events.title AS events_title, events.link AS events_link, events.sub_links AS events_sub_links, events.image AS events_image, events.date AS events_date, events.start_time AS events_start_time, events.end_time AS events_end_time, events.location AS events_location, events.short_description AS events_short_description, events.full_description AS events_full_description, events.other_info AS events_other_info, events.cost AS events_cost, events.category AS events_category, events.created_at AS events_created_at, events.is_video AS events_is_video, events.organization_id AS events_organization_id, events.organization_name AS events_organization_name 
FROM events 
WHERE events.organization_id = %(organization_id_1)s AND events.created_at >= %(created_at_1)s AND events.created_at <= %(created_at_2)s
INFO:sqlalchemy.engine.Engine:[cached since 4.568e+04s ago] {'organization_id_1': 4, 'created_at_1': datetime.datetime(2024, 3, 16, 0, 0), 'created_at_2': datetime.datetime(2024, 3, 16, 23, 59, 59)}
INFO:sqlalchemy.engine.Engine:ROLLBACK
INFO:werkzeug:127.0.0.1 - - [16/Mar/2024 00:31:02] "GET /api/v1/events/4 HTTP/1.1" 200 -
INFO:sqlalchemy.engine.Engine:BEGIN (implicit)
INFO:sqlalchemy.engine.Engine:BEGIN (implicit)
INFO:sqlalchemy.engine.Engine:SELECT events.id AS events_id, events.title AS events_title, events.link AS events_link, events.sub_links AS events_sub_links, events.image AS events_image, events.date AS events_date, events.start_time AS events_start_time, events.end_time AS events_end_time, events.location AS events_location, events.short_description AS events_short_description, events.full_description AS events_full_description, events.other_info AS events_other_info, events.cost AS events_cost, events.category AS events_category, events.created_at AS events_created_at, events.is_video AS events_is_video, events.organization_id AS events_organization_id, events.organization_name AS events_organization_name 
FROM events 
WHERE events.organization_id = %(organization_id_1)s AND events.created_at >= %(created_at_1)s AND events.created_at <= %(created_at_2)s
INFO:sqlalchemy.engine.Engine:SELECT events.id AS events_id, events.title AS events_title, events.link AS events_link, events.sub_links AS events_sub_links, events.image AS events_image, events.date AS events_date, events.start_time AS events_start_time, events.end_time AS events_end_time, events.location AS events_location, events.short_description AS events_short_description, events.full_description AS events_full_description, events.other_info AS events_other_info, events.cost AS events_cost, events.category AS events_category, events.created_at AS events_created_at, events.is_video AS events_is_video, events.organization_id AS events_organization_id, events.organization_name AS events_organization_name 
FROM events 
WHERE events.organization_id = %(organization_id_1)s AND events.created_at >= %(created_at_1)s AND events.created_at <= %(created_at_2)s
INFO:sqlalchemy.engine.Engine:[cached since 2.72e+05s ago] {'organization_id_1': 10, 'created_at_1': datetime.datetime(2024, 3, 18, 0, 0), 'created_at_2': datetime.datetime(2024, 3, 18, 23, 59, 59)}
INFO:sqlalchemy.engine.Engine:[cached since 2.72e+05s ago] {'organization_id_1': 10, 'created_at_1': datetime.datetime(2024, 3, 18, 0, 0), 'created_at_2': datetime.datetime(2024, 3, 18, 23, 59, 59)}
INFO:sqlalchemy.engine.Engine:ROLLBACK
INFO:werkzeug:127.0.0.1 - - [18/Mar/2024 11:23:12] "GET /api/v1/events/10 HTTP/1.1" 200 -
INFO:sqlalchemy.engine.Engine:ROLLBACK
INFO:werkzeug:127.0.0.1 - - [18/Mar/2024 11:23:12] "GET /api/v1/events/10 HTTP/1.1" 200 -
INFO:werkzeug:127.0.0.1 - - [18/Mar/2024 11:23:13] "GET /logo.png HTTP/1.1" 200 -
INFO:sqlalchemy.engine.Engine:BEGIN (implicit)
INFO:sqlalchemy.engine.Engine:SELECT events.id AS events_id, events.title AS events_title, events.link AS events_link, events.sub_links AS events_sub_links, events.image AS events_image, events.date AS events_date, events.start_time AS events_start_time, events.end_time AS events_end_time, events.location AS events_location, events.short_description AS events_short_description, events.full_description AS events_full_description, events.other_info AS events_other_info, events.cost AS events_cost, events.category AS events_category, events.created_at AS events_created_at, events.is_video AS events_is_video, events.organization_id AS events_organization_id, events.organization_name AS events_organization_name 
FROM events 
WHERE events.organization_id = %(organization_id_1)s AND events.created_at >= %(created_at_1)s AND events.created_at <= %(created_at_2)s
INFO:sqlalchemy.engine.Engine:[cached since 2.72e+05s ago] {'organization_id_1': 4, 'created_at_1': datetime.datetime(2024, 3, 18, 0, 0), 'created_at_2': datetime.datetime(2024, 3, 18, 23, 59, 59)}
INFO:sqlalchemy.engine.Engine:BEGIN (implicit)
INFO:sqlalchemy.engine.Engine:SELECT events.id AS events_id, events.title AS events_title, events.link AS events_link, events.sub_links AS events_sub_links, events.image AS events_image, events.date AS events_date, events.start_time AS events_start_time, events.end_time AS events_end_time, events.location AS events_location, events.short_description AS events_short_description, events.full_description AS events_full_description, events.other_info AS events_other_info, events.cost AS events_cost, events.category AS events_category, events.created_at AS events_created_at, events.is_video AS events_is_video, events.organization_id AS events_organization_id, events.organization_name AS events_organization_name 
FROM events 
WHERE events.organization_id = %(organization_id_1)s AND events.created_at >= %(created_at_1)s AND events.created_at <= %(created_at_2)s
INFO:sqlalchemy.engine.Engine:[cached since 2.72e+05s ago] {'organization_id_1': 4, 'created_at_1': datetime.datetime(2024, 3, 18, 0, 0), 'created_at_2': datetime.datetime(2024, 3, 18, 23, 59, 59)}
INFO:sqlalchemy.engine.Engine:ROLLBACK
INFO:werkzeug:127.0.0.1 - - [18/Mar/2024 11:23:13] "GET /api/v1/events/4 HTTP/1.1" 200 -
INFO:sqlalchemy.engine.Engine:ROLLBACK
INFO:werkzeug:127.0.0.1 - - [18/Mar/2024 11:23:13] "GET /api/v1/events/4 HTTP/1.1" 200 -
INFO:sqlalchemy.engine.Engine:BEGIN (implicit)
INFO:sqlalchemy.engine.Engine:BEGIN (implicit)
INFO:sqlalchemy.engine.Engine:SELECT prayer_times.id AS prayer_times_id, prayer_times.prayer_name AS prayer_times_prayer_name, prayer_times.athan_time AS prayer_times_athan_time, prayer_times.iqama_time AS prayer_times_iqama_time, prayer_times.jumuah_time AS prayer_times_jumuah_time, prayer_times.jumuah_time2 AS prayer_times_jumuah_time2, prayer_times.created_at AS prayer_times_created_at, prayer_times.organization_id AS prayer_times_organization_id, prayer_times.organization_name AS prayer_times_organization_name 
FROM prayer_times 
WHERE prayer_times.organization_id = %(organization_id_1)s AND prayer_times.created_at >= %(created_at_1)s AND prayer_times.created_at <= %(created_at_2)s
INFO:sqlalchemy.engine.Engine:SELECT events.id AS events_id, events.title AS events_title, events.link AS events_link, events.sub_links AS events_sub_links, events.image AS events_image, events.date AS events_date, events.start_time AS events_start_time, events.end_time AS events_end_time, events.location AS events_location, events.short_description AS events_short_description, events.full_description AS events_full_description, events.other_info AS events_other_info, events.cost AS events_cost, events.category AS events_category, events.created_at AS events_created_at, events.is_video AS events_is_video, events.organization_id AS events_organization_id, events.organization_name AS events_organization_name 
FROM events 
WHERE events.organization_id = %(organization_id_1)s AND events.created_at >= %(created_at_1)s AND events.created_at <= %(created_at_2)s
INFO:sqlalchemy.engine.Engine:[cached since 2.72e+05s ago] {'organization_id_1': 3, 'created_at_1': datetime.datetime(2024, 3, 18, 0, 0), 'created_at_2': datetime.datetime(2024, 3, 18, 23, 59, 59)}
INFO:sqlalchemy.engine.Engine:BEGIN (implicit)
INFO:sqlalchemy.engine.Engine:[cached since 2.72e+05s ago] {'organization_id_1': 10, 'created_at_1': datetime.datetime(2024, 3, 18, 0, 0), 'created_at_2': datetime.datetime(2024, 3, 18, 23, 59, 59)}
INFO:sqlalchemy.engine.Engine:BEGIN (implicit)
INFO:sqlalchemy.engine.Engine:SELECT prayer_times.id AS prayer_times_id, prayer_times.prayer_name AS prayer_times_prayer_name, prayer_times.athan_time AS prayer_times_athan_time, prayer_times.iqama_time AS prayer_times_iqama_time, prayer_times.jumuah_time AS prayer_times_jumuah_time, prayer_times.jumuah_time2 AS prayer_times_jumuah_time2, prayer_times.created_at AS prayer_times_created_at, prayer_times.organization_id AS prayer_times_organization_id, prayer_times.organization_name AS prayer_times_organization_name 
FROM prayer_times 
WHERE prayer_times.organization_id = %(organization_id_1)s AND prayer_times.created_at >= %(created_at_1)s AND prayer_times.created_at <= %(created_at_2)s
INFO:sqlalchemy.engine.Engine:SELECT events.id AS events_id, events.title AS events_title, events.link AS events_link, events.sub_links AS events_sub_links, events.image AS events_image, events.date AS events_date, events.start_time AS events_start_time, events.end_time AS events_end_time, events.location AS events_location, events.short_description AS events_short_description, events.full_description AS events_full_description, events.other_info AS events_other_info, events.cost AS events_cost, events.category AS events_category, events.created_at AS events_created_at, events.is_video AS events_is_video, events.organization_id AS events_organization_id, events.organization_name AS events_organization_name 
FROM events 
WHERE events.organization_id = %(organization_id_1)s AND events.created_at >= %(created_at_1)s AND events.created_at <= %(created_at_2)s
INFO:sqlalchemy.engine.Engine:[cached since 2.72e+05s ago] {'organization_id_1': 3, 'created_at_1': datetime.datetime(2024, 3, 18, 0, 0), 'created_at_2': datetime.datetime(2024, 3, 18, 23, 59, 59)}
INFO:sqlalchemy.engine.Engine:[cached since 2.72e+05s ago] {'organization_id_1': 10, 'created_at_1': datetime.datetime(2024, 3, 18, 0, 0), 'created_at_2': datetime.datetime(2024, 3, 18, 23, 59, 59)}
INFO:sqlalchemy.engine.Engine:ROLLBACK
INFO:sqlalchemy.engine.Engine:ROLLBACK
INFO:werkzeug:127.0.0.1 - - [18/Mar/2024 11:23:14] "GET /api/v1/prayer_times/3 HTTP/1.1" 200 -
INFO:werkzeug:127.0.0.1 - - [18/Mar/2024 11:23:14] "GET /api/v1/prayer_times/3 HTTP/1.1" 200 -
INFO:sqlalchemy.engine.Engine:ROLLBACK
INFO:werkzeug:127.0.0.1 - - [18/Mar/2024 11:23:14] "GET /api/v1/events/10 HTTP/1.1" 200 -
INFO:sqlalchemy.engine.Engine:ROLLBACK
INFO:werkzeug:127.0.0.1 - - [18/Mar/2024 11:23:14] "GET /api/v1/events/10 HTTP/1.1" 200 -
INFO:sqlalchemy.engine.Engine:BEGIN (implicit)
INFO:sqlalchemy.engine.Engine:SELECT events.id AS events_id, events.title AS events_title, events.link AS events_link, events.sub_links AS events_sub_links, events.image AS events_image, events.date AS events_date, events.start_time AS events_start_time, events.end_time AS events_end_time, events.location AS events_location, events.short_description AS events_short_description, events.full_description AS events_full_description, events.other_info AS events_other_info, events.cost AS events_cost, events.category AS events_category, events.created_at AS events_created_at, events.is_video AS events_is_video, events.organization_id AS events_organization_id, events.organization_name AS events_organization_name 
FROM events 
WHERE events.organization_id = %(organization_id_1)s AND events.created_at >= %(created_at_1)s AND events.created_at <= %(created_at_2)s
INFO:sqlalchemy.engine.Engine:BEGIN (implicit)
INFO:sqlalchemy.engine.Engine:[cached since 2.721e+05s ago] {'organization_id_1': 4, 'created_at_1': datetime.datetime(2024, 3, 18, 0, 0), 'created_at_2': datetime.datetime(2024, 3, 18, 23, 59, 59)}
INFO:sqlalchemy.engine.Engine:SELECT events.id AS events_id, events.title AS events_title, events.link AS events_link, events.sub_links AS events_sub_links, events.image AS events_image, events.date AS events_date, events.start_time AS events_start_time, events.end_time AS events_end_time, events.location AS events_location, events.short_description AS events_short_description, events.full_description AS events_full_description, events.other_info AS events_other_info, events.cost AS events_cost, events.category AS events_category, events.created_at AS events_created_at, events.is_video AS events_is_video, events.organization_id AS events_organization_id, events.organization_name AS events_organization_name 
FROM events 
WHERE events.organization_id = %(organization_id_1)s AND events.created_at >= %(created_at_1)s AND events.created_at <= %(created_at_2)s
INFO:sqlalchemy.engine.Engine:[cached since 2.721e+05s ago] {'organization_id_1': 4, 'created_at_1': datetime.datetime(2024, 3, 18, 0, 0), 'created_at_2': datetime.datetime(2024, 3, 18, 23, 59, 59)}
INFO:sqlalchemy.engine.Engine:ROLLBACK
INFO:werkzeug:127.0.0.1 - - [18/Mar/2024 11:23:14] "GET /api/v1/events/4 HTTP/1.1" 200 -
INFO:sqlalchemy.engine.Engine:ROLLBACK
INFO:werkzeug:127.0.0.1 - - [18/Mar/2024 11:23:14] "GET /api/v1/events/4 HTTP/1.1" 200 -
INFO:sqlalchemy.engine.Engine:BEGIN (implicit)
INFO:sqlalchemy.engine.Engine:SELECT events.id AS events_id, events.title AS events_title, events.link AS events_link, events.sub_links AS events_sub_links, events.image AS events_image, events.date AS events_date, events.start_time AS events_start_time, events.end_time AS events_end_time, events.location AS events_location, events.short_description AS events_short_description, events.full_description AS events_full_description, events.other_info AS events_other_info, events.cost AS events_cost, events.category AS events_category, events.created_at AS events_created_at, events.is_video AS events_is_video, events.organization_id AS events_organization_id, events.organization_name AS events_organization_name 
FROM events 
WHERE events.organization_id = %(organization_id_1)s AND events.created_at >= %(created_at_1)s AND events.created_at <= %(created_at_2)s
INFO:sqlalchemy.engine.Engine:[cached since 2.723e+05s ago] {'organization_id_1': 10, 'created_at_1': datetime.datetime(2024, 3, 18, 0, 0), 'created_at_2': datetime.datetime(2024, 3, 18, 23, 59, 59)}
INFO:sqlalchemy.engine.Engine:BEGIN (implicit)
INFO:sqlalchemy.engine.Engine:SELECT events.id AS events_id, events.title AS events_title, events.link AS events_link, events.sub_links AS events_sub_links, events.image AS events_image, events.date AS events_date, events.start_time AS events_start_time, events.end_time AS events_end_time, events.location AS events_location, events.short_description AS events_short_description, events.full_description AS events_full_description, events.other_info AS events_other_info, events.cost AS events_cost, events.category AS events_category, events.created_at AS events_created_at, events.is_video AS events_is_video, events.organization_id AS events_organization_id, events.organization_name AS events_organization_name 
FROM events 
WHERE events.organization_id = %(organization_id_1)s AND events.created_at >= %(created_at_1)s AND events.created_at <= %(created_at_2)s
INFO:sqlalchemy.engine.Engine:[cached since 2.723e+05s ago] {'organization_id_1': 10, 'created_at_1': datetime.datetime(2024, 3, 18, 0, 0), 'created_at_2': datetime.datetime(2024, 3, 18, 23, 59, 59)}
INFO:sqlalchemy.engine.Engine:ROLLBACK
INFO:sqlalchemy.engine.Engine:ROLLBACK
INFO:werkzeug:127.0.0.1 - - [18/Mar/2024 11:27:00] "GET /api/v1/events/10 HTTP/1.1" 200 -
INFO:werkzeug:127.0.0.1 - - [18/Mar/2024 11:27:00] "GET /api/v1/events/10 HTTP/1.1" 200 -
INFO:sqlalchemy.engine.Engine:BEGIN (implicit)
INFO:sqlalchemy.engine.Engine:SELECT events.id AS events_id, events.title AS events_title, events.link AS events_link, events.sub_links AS events_sub_links, events.image AS events_image, events.date AS events_date, events.start_time AS events_start_time, events.end_time AS events_end_time, events.location AS events_location, events.short_description AS events_short_description, events.full_description AS events_full_description, events.other_info AS events_other_info, events.cost AS events_cost, events.category AS events_category, events.created_at AS events_created_at, events.is_video AS events_is_video, events.organization_id AS events_organization_id, events.organization_name AS events_organization_name 
FROM events 
WHERE events.organization_id = %(organization_id_1)s AND events.created_at >= %(created_at_1)s AND events.created_at <= %(created_at_2)s
INFO:sqlalchemy.engine.Engine:[cached since 2.723e+05s ago] {'organization_id_1': 4, 'created_at_1': datetime.datetime(2024, 3, 18, 0, 0), 'created_at_2': datetime.datetime(2024, 3, 18, 23, 59, 59)}
INFO:sqlalchemy.engine.Engine:BEGIN (implicit)
INFO:sqlalchemy.engine.Engine:SELECT events.id AS events_id, events.title AS events_title, events.link AS events_link, events.sub_links AS events_sub_links, events.image AS events_image, events.date AS events_date, events.start_time AS events_start_time, events.end_time AS events_end_time, events.location AS events_location, events.short_description AS events_short_description, events.full_description AS events_full_description, events.other_info AS events_other_info, events.cost AS events_cost, events.category AS events_category, events.created_at AS events_created_at, events.is_video AS events_is_video, events.organization_id AS events_organization_id, events.organization_name AS events_organization_name 
FROM events 
WHERE events.organization_id = %(organization_id_1)s AND events.created_at >= %(created_at_1)s AND events.created_at <= %(created_at_2)s
INFO:sqlalchemy.engine.Engine:[cached since 2.723e+05s ago] {'organization_id_1': 4, 'created_at_1': datetime.datetime(2024, 3, 18, 0, 0), 'created_at_2': datetime.datetime(2024, 3, 18, 23, 59, 59)}
INFO:sqlalchemy.engine.Engine:ROLLBACK
INFO:sqlalchemy.engine.Engine:ROLLBACK
INFO:werkzeug:127.0.0.1 - - [18/Mar/2024 11:27:00] "GET /api/v1/events/4 HTTP/1.1" 200 -
INFO:werkzeug:127.0.0.1 - - [18/Mar/2024 11:27:00] "GET /api/v1/events/4 HTTP/1.1" 200 -
INFO:sqlalchemy.engine.Engine:BEGIN (implicit)
INFO:sqlalchemy.engine.Engine:SELECT events.id AS events_id, events.title AS events_title, events.link AS events_link, events.sub_links AS events_sub_links, events.image AS events_image, events.date AS events_date, events.start_time AS events_start_time, events.end_time AS events_end_time, events.location AS events_location, events.short_description AS events_short_description, events.full_description AS events_full_description, events.other_info AS events_other_info, events.cost AS events_cost, events.category AS events_category, events.created_at AS events_created_at, events.is_video AS events_is_video, events.organization_id AS events_organization_id, events.organization_name AS events_organization_name 
FROM events 
WHERE events.organization_id = %(organization_id_1)s AND events.created_at >= %(created_at_1)s AND events.created_at <= %(created_at_2)s
INFO:sqlalchemy.engine.Engine:BEGIN (implicit)
INFO:sqlalchemy.engine.Engine:BEGIN (implicit)
INFO:sqlalchemy.engine.Engine:[cached since 2.723e+05s ago] {'organization_id_1': 10, 'created_at_1': datetime.datetime(2024, 3, 18, 0, 0), 'created_at_2': datetime.datetime(2024, 3, 18, 23, 59, 59)}
INFO:sqlalchemy.engine.Engine:SELECT events.id AS events_id, events.title AS events_title, events.link AS events_link, events.sub_links AS events_sub_links, events.image AS events_image, events.date AS events_date, events.start_time AS events_start_time, events.end_time AS events_end_time, events.location AS events_location, events.short_description AS events_short_description, events.full_description AS events_full_description, events.other_info AS events_other_info, events.cost AS events_cost, events.category AS events_category, events.created_at AS events_created_at, events.is_video AS events_is_video, events.organization_id AS events_organization_id, events.organization_name AS events_organization_name 
FROM events 
WHERE events.organization_id = %(organization_id_1)s AND events.created_at >= %(created_at_1)s AND events.created_at <= %(created_at_2)s
INFO:sqlalchemy.engine.Engine:SELECT prayer_times.id AS prayer_times_id, prayer_times.prayer_name AS prayer_times_prayer_name, prayer_times.athan_time AS prayer_times_athan_time, prayer_times.iqama_time AS prayer_times_iqama_time, prayer_times.jumuah_time AS prayer_times_jumuah_time, prayer_times.jumuah_time2 AS prayer_times_jumuah_time2, prayer_times.created_at AS prayer_times_created_at, prayer_times.organization_id AS prayer_times_organization_id, prayer_times.organization_name AS prayer_times_organization_name 
FROM prayer_times 
WHERE prayer_times.organization_id = %(organization_id_1)s AND prayer_times.created_at >= %(created_at_1)s AND prayer_times.created_at <= %(created_at_2)s
INFO:sqlalchemy.engine.Engine:[cached since 2.723e+05s ago] {'organization_id_1': 3, 'created_at_1': datetime.datetime(2024, 3, 18, 0, 0), 'created_at_2': datetime.datetime(2024, 3, 18, 23, 59, 59)}
INFO:sqlalchemy.engine.Engine:[cached since 2.723e+05s ago] {'organization_id_1': 10, 'created_at_1': datetime.datetime(2024, 3, 18, 0, 0), 'created_at_2': datetime.datetime(2024, 3, 18, 23, 59, 59)}
INFO:sqlalchemy.engine.Engine:BEGIN (implicit)
INFO:sqlalchemy.engine.Engine:ROLLBACK
INFO:sqlalchemy.engine.Engine:ROLLBACK
INFO:sqlalchemy.engine.Engine:ROLLBACK
INFO:werkzeug:127.0.0.1 - - [18/Mar/2024 11:27:01] "GET /api/v1/events/10 HTTP/1.1" 200 -
INFO:werkzeug:127.0.0.1 - - [18/Mar/2024 11:27:01] "GET /api/v1/prayer_times/3 HTTP/1.1" 200 -
INFO:werkzeug:127.0.0.1 - - [18/Mar/2024 11:27:01] "GET /api/v1/events/10 HTTP/1.1" 200 -
INFO:sqlalchemy.engine.Engine:SELECT prayer_times.id AS prayer_times_id, prayer_times.prayer_name AS prayer_times_prayer_name, prayer_times.athan_time AS prayer_times_athan_time, prayer_times.iqama_time AS prayer_times_iqama_time, prayer_times.jumuah_time AS prayer_times_jumuah_time, prayer_times.jumuah_time2 AS prayer_times_jumuah_time2, prayer_times.created_at AS prayer_times_created_at, prayer_times.organization_id AS prayer_times_organization_id, prayer_times.organization_name AS prayer_times_organization_name 
FROM prayer_times 
WHERE prayer_times.organization_id = %(organization_id_1)s AND prayer_times.created_at >= %(created_at_1)s AND prayer_times.created_at <= %(created_at_2)s
INFO:sqlalchemy.engine.Engine:[cached since 2.723e+05s ago] {'organization_id_1': 3, 'created_at_1': datetime.datetime(2024, 3, 18, 0, 0), 'created_at_2': datetime.datetime(2024, 3, 18, 23, 59, 59)}
INFO:sqlalchemy.engine.Engine:ROLLBACK
INFO:werkzeug:127.0.0.1 - - [18/Mar/2024 11:27:01] "GET /api/v1/prayer_times/3 HTTP/1.1" 200 -
INFO:sqlalchemy.engine.Engine:BEGIN (implicit)
INFO:sqlalchemy.engine.Engine:SELECT events.id AS events_id, events.title AS events_title, events.link AS events_link, events.sub_links AS events_sub_links, events.image AS events_image, events.date AS events_date, events.start_time AS events_start_time, events.end_time AS events_end_time, events.location AS events_location, events.short_description AS events_short_description, events.full_description AS events_full_description, events.other_info AS events_other_info, events.cost AS events_cost, events.category AS events_category, events.created_at AS events_created_at, events.is_video AS events_is_video, events.organization_id AS events_organization_id, events.organization_name AS events_organization_name 
FROM events 
WHERE events.organization_id = %(organization_id_1)s AND events.created_at >= %(created_at_1)s AND events.created_at <= %(created_at_2)s
INFO:sqlalchemy.engine.Engine:[cached since 2.723e+05s ago] {'organization_id_1': 4, 'created_at_1': datetime.datetime(2024, 3, 18, 0, 0), 'created_at_2': datetime.datetime(2024, 3, 18, 23, 59, 59)}
INFO:sqlalchemy.engine.Engine:ROLLBACK
INFO:werkzeug:127.0.0.1 - - [18/Mar/2024 11:27:01] "GET /api/v1/events/4 HTTP/1.1" 200 -
INFO:sqlalchemy.engine.Engine:BEGIN (implicit)
INFO:sqlalchemy.engine.Engine:SELECT events.id AS events_id, events.title AS events_title, events.link AS events_link, events.sub_links AS events_sub_links, events.image AS events_image, events.date AS events_date, events.start_time AS events_start_time, events.end_time AS events_end_time, events.location AS events_location, events.short_description AS events_short_description, events.full_description AS events_full_description, events.other_info AS events_other_info, events.cost AS events_cost, events.category AS events_category, events.created_at AS events_created_at, events.is_video AS events_is_video, events.organization_id AS events_organization_id, events.organization_name AS events_organization_name 
FROM events 
WHERE events.organization_id = %(organization_id_1)s AND events.created_at >= %(created_at_1)s AND events.created_at <= %(created_at_2)s
INFO:sqlalchemy.engine.Engine:[cached since 2.723e+05s ago] {'organization_id_1': 4, 'created_at_1': datetime.datetime(2024, 3, 18, 0, 0), 'created_at_2': datetime.datetime(2024, 3, 18, 23, 59, 59)}
INFO:sqlalchemy.engine.Engine:ROLLBACK
INFO:werkzeug:127.0.0.1 - - [18/Mar/2024 11:27:01] "GET /api/v1/events/4 HTTP/1.1" 200 -
INFO:werkzeug:127.0.0.1 - - [18/Mar/2024 11:27:08] "GET /api/v1/organizations HTTP/1.1" 200 -
INFO:werkzeug:127.0.0.1 - - [18/Mar/2024 11:27:08] "GET /api/v1/organizations HTTP/1.1" 200 -
INFO:sqlalchemy.engine.Engine:BEGIN (implicit)
INFO:sqlalchemy.engine.Engine:BEGIN (implicit)
INFO:sqlalchemy.engine.Engine:SELECT events.id AS events_id, events.title AS events_title, events.link AS events_link, events.sub_links AS events_sub_links, events.image AS events_image, events.date AS events_date, events.start_time AS events_start_time, events.end_time AS events_end_time, events.location AS events_location, events.short_description AS events_short_description, events.full_description AS events_full_description, events.other_info AS events_other_info, events.cost AS events_cost, events.category AS events_category, events.created_at AS events_created_at, events.is_video AS events_is_video, events.organization_id AS events_organization_id, events.organization_name AS events_organization_name 
FROM events 
WHERE events.created_at >= %(created_at_1)s AND events.created_at <= %(created_at_2)s
INFO:sqlalchemy.engine.Engine:SELECT events.id AS events_id, events.title AS events_title, events.link AS events_link, events.sub_links AS events_sub_links, events.image AS events_image, events.date AS events_date, events.start_time AS events_start_time, events.end_time AS events_end_time, events.location AS events_location, events.short_description AS events_short_description, events.full_description AS events_full_description, events.other_info AS events_other_info, events.cost AS events_cost, events.category AS events_category, events.created_at AS events_created_at, events.is_video AS events_is_video, events.organization_id AS events_organization_id, events.organization_name AS events_organization_name 
FROM events 
WHERE events.created_at >= %(created_at_1)s AND events.created_at <= %(created_at_2)s
INFO:sqlalchemy.engine.Engine:[cached since 2.723e+05s ago] {'created_at_1': datetime.datetime(2024, 3, 18, 0, 0), 'created_at_2': datetime.datetime(2024, 3, 18, 23, 59, 59)}
INFO:sqlalchemy.engine.Engine:[cached since 2.723e+05s ago] {'created_at_1': datetime.datetime(2024, 3, 18, 0, 0), 'created_at_2': datetime.datetime(2024, 3, 18, 23, 59, 59)}
INFO:sqlalchemy.engine.Engine:ROLLBACK
INFO:sqlalchemy.engine.Engine:ROLLBACK
INFO:werkzeug:127.0.0.1 - - [18/Mar/2024 11:27:08] "GET /api/v1/events HTTP/1.1" 200 -
INFO:werkzeug:127.0.0.1 - - [18/Mar/2024 11:27:08] "GET /api/v1/events HTTP/1.1" 200 -
INFO:sqlalchemy.engine.Engine:BEGIN (implicit)
INFO:sqlalchemy.engine.Engine:SELECT organizations.id AS organizations_id, organizations.name AS organizations_name, organizations.name_short AS organizations_name_short, organizations.location AS organizations_location, organizations.phone_number AS organizations_phone_number, organizations.email AS organizations_email, organizations.description AS organizations_description, organizations.image AS organizations_image, organizations.website AS organizations_website, organizations.facebook AS organizations_facebook, organizations.twitter AS organizations_twitter, organizations.instagram AS organizations_instagram, organizations.youtube AS organizations_youtube 
FROM organizations 
WHERE organizations.id = %(id_1)s 
 LIMIT %(param_1)s
INFO:sqlalchemy.engine.Engine:BEGIN (implicit)
INFO:sqlalchemy.engine.Engine:[cached since 2.72e+05s ago] {'id_1': 3, 'param_1': 1}
INFO:sqlalchemy.engine.Engine:SELECT organizations.id AS organizations_id, organizations.name AS organizations_name, organizations.name_short AS organizations_name_short, organizations.location AS organizations_location, organizations.phone_number AS organizations_phone_number, organizations.email AS organizations_email, organizations.description AS organizations_description, organizations.image AS organizations_image, organizations.website AS organizations_website, organizations.facebook AS organizations_facebook, organizations.twitter AS organizations_twitter, organizations.instagram AS organizations_instagram, organizations.youtube AS organizations_youtube 
FROM organizations 
WHERE organizations.id = %(id_1)s 
 LIMIT %(param_1)s
INFO:sqlalchemy.engine.Engine:BEGIN (implicit)
INFO:sqlalchemy.engine.Engine:[cached since 2.72e+05s ago] {'id_1': 3, 'param_1': 1}
INFO:sqlalchemy.engine.Engine:BEGIN (implicit)
INFO:sqlalchemy.engine.Engine:ROLLBACK
INFO:sqlalchemy.engine.Engine:SELECT organizations.id AS organizations_id, organizations.name AS organizations_name, organizations.name_short AS organizations_name_short, organizations.location AS organizations_location, organizations.phone_number AS organizations_phone_number, organizations.email AS organizations_email, organizations.description AS organizations_description, organizations.image AS organizations_image, organizations.website AS organizations_website, organizations.facebook AS organizations_facebook, organizations.twitter AS organizations_twitter, organizations.instagram AS organizations_instagram, organizations.youtube AS organizations_youtube 
FROM organizations 
WHERE organizations.id = %(id_1)s 
 LIMIT %(param_1)s
INFO:sqlalchemy.engine.Engine:[cached since 2.72e+05s ago] {'id_1': 3, 'param_1': 1}
INFO:werkzeug:127.0.0.1 - - [18/Mar/2024 11:27:09] "GET /api/v1/organizations/3/image HTTP/1.1" 200 -
INFO:sqlalchemy.engine.Engine:ROLLBACK
INFO:werkzeug:127.0.0.1 - - [18/Mar/2024 11:27:09] "GET /api/v1/organizations/3/image HTTP/1.1" 200 -
INFO:sqlalchemy.engine.Engine:SELECT organizations.id AS organizations_id, organizations.name AS organizations_name, organizations.name_short AS organizations_name_short, organizations.location AS organizations_location, organizations.phone_number AS organizations_phone_number, organizations.email AS organizations_email, organizations.description AS organizations_description, organizations.image AS organizations_image, organizations.website AS organizations_website, organizations.facebook AS organizations_facebook, organizations.twitter AS organizations_twitter, organizations.instagram AS organizations_instagram, organizations.youtube AS organizations_youtube 
FROM organizations 
WHERE organizations.id = %(id_1)s 
 LIMIT %(param_1)s
INFO:sqlalchemy.engine.Engine:BEGIN (implicit)
INFO:sqlalchemy.engine.Engine:SELECT organizations.id AS organizations_id, organizations.name AS organizations_name, organizations.name_short AS organizations_name_short, organizations.location AS organizations_location, organizations.phone_number AS organizations_phone_number, organizations.email AS organizations_email, organizations.description AS organizations_description, organizations.image AS organizations_image, organizations.website AS organizations_website, organizations.facebook AS organizations_facebook, organizations.twitter AS organizations_twitter, organizations.instagram AS organizations_instagram, organizations.youtube AS organizations_youtube 
FROM organizations 
WHERE organizations.id = %(id_1)s 
 LIMIT %(param_1)s
INFO:sqlalchemy.engine.Engine:[cached since 2.72e+05s ago] {'id_1': 3, 'param_1': 1}
INFO:sqlalchemy.engine.Engine:[cached since 2.72e+05s ago] {'id_1': 3, 'param_1': 1}
INFO:sqlalchemy.engine.Engine:ROLLBACK
INFO:sqlalchemy.engine.Engine:ROLLBACK
INFO:sqlalchemy.engine.Engine:ROLLBACK
INFO:werkzeug:127.0.0.1 - - [18/Mar/2024 11:27:09] "GET /api/v1/organizations/3/image HTTP/1.1" 200 -
INFO:werkzeug:127.0.0.1 - - [18/Mar/2024 11:27:09] "GET /api/v1/organizations/3/image HTTP/1.1" 200 -
INFO:werkzeug:127.0.0.1 - - [18/Mar/2024 11:27:09] "GET /api/v1/organizations/3/image HTTP/1.1" 200 -
INFO:sqlalchemy.engine.Engine:BEGIN (implicit)
INFO:sqlalchemy.engine.Engine:SELECT organizations.id AS organizations_id, organizations.name AS organizations_name, organizations.name_short AS organizations_name_short, organizations.location AS organizations_location, organizations.phone_number AS organizations_phone_number, organizations.email AS organizations_email, organizations.description AS organizations_description, organizations.image AS organizations_image, organizations.website AS organizations_website, organizations.facebook AS organizations_facebook, organizations.twitter AS organizations_twitter, organizations.instagram AS organizations_instagram, organizations.youtube AS organizations_youtube 
FROM organizations 
WHERE organizations.id = %(id_1)s 
 LIMIT %(param_1)s
INFO:sqlalchemy.engine.Engine:[cached since 2.72e+05s ago] {'id_1': 3, 'param_1': 1}
INFO:sqlalchemy.engine.Engine:ROLLBACK
INFO:werkzeug:127.0.0.1 - - [18/Mar/2024 11:27:09] "GET /api/v1/organizations/3/image HTTP/1.1" 200 -
INFO:werkzeug:127.0.0.1 - - [18/Mar/2024 23:47:08] "GET /api/pokemon HTTP/1.1" 200 -
INFO:werkzeug:127.0.0.1 - - [18/Mar/2024 23:48:47] "GET /api/pokemon HTTP/1.1" 200 -
INFO:werkzeug:127.0.0.1 - - [18/Mar/2024 23:50:26] "GET /api/pokemon HTTP/1.1" 200 -
INFO:werkzeug:127.0.0.1 - - [18/Mar/2024 23:50:30] "GET /api/pokemon HTTP/1.1" 200 -
INFO:werkzeug:127.0.0.1 - - [18/Mar/2024 23:50:32] "GET /api/pokemon HTTP/1.1" 200 -
INFO:root:Started
INFO:sqlalchemy.engine.Engine:SELECT DATABASE()
INFO:sqlalchemy.engine.Engine:[raw sql] {}
INFO:sqlalchemy.engine.Engine:SELECT @@sql_mode
INFO:sqlalchemy.engine.Engine:[raw sql] {}
INFO:sqlalchemy.engine.Engine:SELECT @@lower_case_table_names
INFO:sqlalchemy.engine.Engine:[raw sql] {}
INFO:sqlalchemy.engine.Engine:BEGIN (implicit)
INFO:sqlalchemy.engine.Engine:DESCRIBE `salamcity`.`organizations`
INFO:sqlalchemy.engine.Engine:[raw sql] {}
INFO:sqlalchemy.engine.Engine:DESCRIBE `salamcity`.`events`
INFO:sqlalchemy.engine.Engine:[raw sql] {}
INFO:sqlalchemy.engine.Engine:DESCRIBE `salamcity`.`prayer_times`
INFO:sqlalchemy.engine.Engine:[raw sql] {}
INFO:sqlalchemy.engine.Engine:COMMIT
INFO:root:Database connected
INFO:sqlalchemy.engine.Engine:BEGIN (implicit)
INFO:sqlalchemy.engine.Engine:SELECT organizations.id AS organizations_id, organizations.name AS organizations_name, organizations.name_short AS organizations_name_short, organizations.location AS organizations_location, organizations.phone_number AS organizations_phone_number, organizations.email AS organizations_email, organizations.description AS organizations_description, organizations.image AS organizations_image, organizations.website AS organizations_website, organizations.facebook AS organizations_facebook, organizations.twitter AS organizations_twitter, organizations.instagram AS organizations_instagram, organizations.youtube AS organizations_youtube 
FROM organizations
INFO:sqlalchemy.engine.Engine:[generated in 0.00117s] {}
INFO:sqlalchemy.engine.Engine:ROLLBACK
INFO:werkzeug:[31m[1mWARNING: This is a development server. Do not use it in a production deployment. Use a production WSGI server instead.[0m
 * Running on http://127.0.0.1:5000
INFO:werkzeug:[33mPress CTRL+C to quit[0m
INFO:sqlalchemy.engine.Engine:BEGIN (implicit)
INFO:sqlalchemy.engine.Engine:SELECT events.id AS events_id, events.title AS events_title, events.link AS events_link, events.sub_links AS events_sub_links, events.image AS events_image, events.date AS events_date, events.start_time AS events_start_time, events.end_time AS events_end_time, events.location AS events_location, events.short_description AS events_short_description, events.full_description AS events_full_description, events.other_info AS events_other_info, events.cost AS events_cost, events.category AS events_category, events.created_at AS events_created_at, events.is_video AS events_is_video, events.is_new AS events_is_new, events.is_active AS events_is_active, events.updated_at AS events_updated_at, events.organization_id AS events_organization_id, events.organization_name AS events_organization_name 
FROM events 
WHERE events.organization_id = %(organization_id_1)s AND events.created_at >= %(created_at_1)s AND events.created_at <= %(created_at_2)s
INFO:sqlalchemy.engine.Engine:[generated in 0.00152s] {'organization_id_1': 10, 'created_at_1': datetime.datetime(2024, 4, 18, 0, 0), 'created_at_2': datetime.datetime(2024, 4, 18, 23, 59, 59)}
INFO:sqlalchemy.engine.Engine:BEGIN (implicit)
INFO:sqlalchemy.engine.Engine:SELECT events.id AS events_id, events.title AS events_title, events.link AS events_link, events.sub_links AS events_sub_links, events.image AS events_image, events.date AS events_date, events.start_time AS events_start_time, events.end_time AS events_end_time, events.location AS events_location, events.short_description AS events_short_description, events.full_description AS events_full_description, events.other_info AS events_other_info, events.cost AS events_cost, events.category AS events_category, events.created_at AS events_created_at, events.is_video AS events_is_video, events.is_new AS events_is_new, events.is_active AS events_is_active, events.updated_at AS events_updated_at, events.organization_id AS events_organization_id, events.organization_name AS events_organization_name 
FROM events 
WHERE events.organization_id = %(organization_id_1)s AND events.created_at >= %(created_at_1)s AND events.created_at <= %(created_at_2)s
INFO:sqlalchemy.engine.Engine:ROLLBACK
INFO:sqlalchemy.engine.Engine:[cached since 0.01873s ago] {'organization_id_1': 10, 'created_at_1': datetime.datetime(2024, 4, 18, 0, 0), 'created_at_2': datetime.datetime(2024, 4, 18, 23, 59, 59)}
INFO:werkzeug:127.0.0.1 - - [18/Apr/2024 15:56:02] "GET /api/v1/events/10 HTTP/1.1" 200 -
INFO:sqlalchemy.engine.Engine:ROLLBACK
INFO:werkzeug:127.0.0.1 - - [18/Apr/2024 15:56:02] "GET /api/v1/events/10 HTTP/1.1" 200 -
INFO:werkzeug:127.0.0.1 - - [18/Apr/2024 15:56:02] "GET /logo.png HTTP/1.1" 200 -
INFO:sqlalchemy.engine.Engine:BEGIN (implicit)
INFO:sqlalchemy.engine.Engine:SELECT events.id AS events_id, events.title AS events_title, events.link AS events_link, events.sub_links AS events_sub_links, events.image AS events_image, events.date AS events_date, events.start_time AS events_start_time, events.end_time AS events_end_time, events.location AS events_location, events.short_description AS events_short_description, events.full_description AS events_full_description, events.other_info AS events_other_info, events.cost AS events_cost, events.category AS events_category, events.created_at AS events_created_at, events.is_video AS events_is_video, events.is_new AS events_is_new, events.is_active AS events_is_active, events.updated_at AS events_updated_at, events.organization_id AS events_organization_id, events.organization_name AS events_organization_name 
FROM events 
WHERE events.organization_id = %(organization_id_1)s AND events.created_at >= %(created_at_1)s AND events.created_at <= %(created_at_2)s
INFO:sqlalchemy.engine.Engine:BEGIN (implicit)
INFO:sqlalchemy.engine.Engine:[cached since 0.699s ago] {'organization_id_1': 4, 'created_at_1': datetime.datetime(2024, 4, 18, 0, 0), 'created_at_2': datetime.datetime(2024, 4, 18, 23, 59, 59)}
INFO:sqlalchemy.engine.Engine:SELECT events.id AS events_id, events.title AS events_title, events.link AS events_link, events.sub_links AS events_sub_links, events.image AS events_image, events.date AS events_date, events.start_time AS events_start_time, events.end_time AS events_end_time, events.location AS events_location, events.short_description AS events_short_description, events.full_description AS events_full_description, events.other_info AS events_other_info, events.cost AS events_cost, events.category AS events_category, events.created_at AS events_created_at, events.is_video AS events_is_video, events.is_new AS events_is_new, events.is_active AS events_is_active, events.updated_at AS events_updated_at, events.organization_id AS events_organization_id, events.organization_name AS events_organization_name 
FROM events 
WHERE events.organization_id = %(organization_id_1)s AND events.created_at >= %(created_at_1)s AND events.created_at <= %(created_at_2)s
INFO:sqlalchemy.engine.Engine:[cached since 0.7021s ago] {'organization_id_1': 4, 'created_at_1': datetime.datetime(2024, 4, 18, 0, 0), 'created_at_2': datetime.datetime(2024, 4, 18, 23, 59, 59)}
INFO:sqlalchemy.engine.Engine:ROLLBACK
INFO:werkzeug:127.0.0.1 - - [18/Apr/2024 15:56:03] "GET /api/v1/events/4 HTTP/1.1" 200 -
INFO:sqlalchemy.engine.Engine:ROLLBACK
INFO:werkzeug:127.0.0.1 - - [18/Apr/2024 15:56:03] "GET /api/v1/events/4 HTTP/1.1" 200 -
INFO:werkzeug:127.0.0.1 - - [18/Apr/2024 15:56:03] "GET /api/v1/events/10 HTTP/1.1" 200 -
INFO:werkzeug:127.0.0.1 - - [18/Apr/2024 15:56:03] "GET /api/v1/events/10 HTTP/1.1" 200 -
INFO:sqlalchemy.engine.Engine:BEGIN (implicit)
INFO:sqlalchemy.engine.Engine:BEGIN (implicit)
INFO:sqlalchemy.engine.Engine:SELECT prayer_times.id AS prayer_times_id, prayer_times.prayer_name AS prayer_times_prayer_name, prayer_times.athan_time AS prayer_times_athan_time, prayer_times.iqama_time AS prayer_times_iqama_time, prayer_times.jumuah_time AS prayer_times_jumuah_time, prayer_times.jumuah_time2 AS prayer_times_jumuah_time2, prayer_times.created_at AS prayer_times_created_at, prayer_times.organization_id AS prayer_times_organization_id, prayer_times.organization_name AS prayer_times_organization_name 
FROM prayer_times 
WHERE prayer_times.organization_id = %(organization_id_1)s AND prayer_times.created_at >= %(created_at_1)s AND prayer_times.created_at <= %(created_at_2)s
INFO:sqlalchemy.engine.Engine:SELECT prayer_times.id AS prayer_times_id, prayer_times.prayer_name AS prayer_times_prayer_name, prayer_times.athan_time AS prayer_times_athan_time, prayer_times.iqama_time AS prayer_times_iqama_time, prayer_times.jumuah_time AS prayer_times_jumuah_time, prayer_times.jumuah_time2 AS prayer_times_jumuah_time2, prayer_times.created_at AS prayer_times_created_at, prayer_times.organization_id AS prayer_times_organization_id, prayer_times.organization_name AS prayer_times_organization_name 
FROM prayer_times 
WHERE prayer_times.organization_id = %(organization_id_1)s AND prayer_times.created_at >= %(created_at_1)s AND prayer_times.created_at <= %(created_at_2)s
INFO:sqlalchemy.engine.Engine:[generated in 0.00387s] {'organization_id_1': 3, 'created_at_1': datetime.datetime(2024, 4, 18, 0, 0), 'created_at_2': datetime.datetime(2024, 4, 18, 23, 59, 59)}
INFO:sqlalchemy.engine.Engine:[cached since 0.005804s ago] {'organization_id_1': 3, 'created_at_1': datetime.datetime(2024, 4, 18, 0, 0), 'created_at_2': datetime.datetime(2024, 4, 18, 23, 59, 59)}
INFO:sqlalchemy.engine.Engine:ROLLBACK
INFO:sqlalchemy.engine.Engine:ROLLBACK
INFO:werkzeug:127.0.0.1 - - [18/Apr/2024 15:56:03] "GET /api/v1/prayer_times/3 HTTP/1.1" 200 -
INFO:werkzeug:127.0.0.1 - - [18/Apr/2024 15:56:03] "GET /api/v1/prayer_times/3 HTTP/1.1" 200 -
INFO:werkzeug:127.0.0.1 - - [18/Apr/2024 15:56:03] "GET /api/v1/events/4 HTTP/1.1" 200 -
INFO:werkzeug:127.0.0.1 - - [18/Apr/2024 15:56:03] "GET /api/v1/events/4 HTTP/1.1" 200 -
INFO:werkzeug:127.0.0.1 - - [18/Apr/2024 15:56:12] "GET /api/v1/organizations HTTP/1.1" 200 -
INFO:werkzeug:127.0.0.1 - - [18/Apr/2024 15:56:12] "GET /api/v1/organizations HTTP/1.1" 200 -
INFO:sqlalchemy.engine.Engine:BEGIN (implicit)
INFO:sqlalchemy.engine.Engine:SELECT events.id AS events_id, events.title AS events_title, events.link AS events_link, events.sub_links AS events_sub_links, events.image AS events_image, events.date AS events_date, events.start_time AS events_start_time, events.end_time AS events_end_time, events.location AS events_location, events.short_description AS events_short_description, events.full_description AS events_full_description, events.other_info AS events_other_info, events.cost AS events_cost, events.category AS events_category, events.created_at AS events_created_at, events.is_video AS events_is_video, events.is_new AS events_is_new, events.is_active AS events_is_active, events.updated_at AS events_updated_at, events.organization_id AS events_organization_id, events.organization_name AS events_organization_name 
FROM events 
WHERE events.is_active = true
INFO:sqlalchemy.engine.Engine:BEGIN (implicit)
INFO:sqlalchemy.engine.Engine:[generated in 0.00174s] {}
INFO:sqlalchemy.engine.Engine:SELECT events.id AS events_id, events.title AS events_title, events.link AS events_link, events.sub_links AS events_sub_links, events.image AS events_image, events.date AS events_date, events.start_time AS events_start_time, events.end_time AS events_end_time, events.location AS events_location, events.short_description AS events_short_description, events.full_description AS events_full_description, events.other_info AS events_other_info, events.cost AS events_cost, events.category AS events_category, events.created_at AS events_created_at, events.is_video AS events_is_video, events.is_new AS events_is_new, events.is_active AS events_is_active, events.updated_at AS events_updated_at, events.organization_id AS events_organization_id, events.organization_name AS events_organization_name 
FROM events 
WHERE events.is_active = true
INFO:sqlalchemy.engine.Engine:[cached since 0.01016s ago] {}
INFO:sqlalchemy.engine.Engine:ROLLBACK
INFO:werkzeug:127.0.0.1 - - [18/Apr/2024 15:56:12] "GET /api/v1/events HTTP/1.1" 200 -
INFO:sqlalchemy.engine.Engine:ROLLBACK
INFO:werkzeug:127.0.0.1 - - [18/Apr/2024 15:56:12] "GET /api/v1/events HTTP/1.1" 200 -
INFO:root:Started
INFO:sqlalchemy.engine.Engine:SELECT DATABASE()
INFO:sqlalchemy.engine.Engine:[raw sql] {}
INFO:sqlalchemy.engine.Engine:SELECT @@sql_mode
INFO:sqlalchemy.engine.Engine:[raw sql] {}
INFO:sqlalchemy.engine.Engine:SELECT @@lower_case_table_names
INFO:sqlalchemy.engine.Engine:[raw sql] {}
INFO:sqlalchemy.engine.Engine:BEGIN (implicit)
INFO:sqlalchemy.engine.Engine:DESCRIBE `salamcity`.`organizations`
INFO:sqlalchemy.engine.Engine:[raw sql] {}
INFO:sqlalchemy.engine.Engine:DESCRIBE `salamcity`.`events`
INFO:sqlalchemy.engine.Engine:[raw sql] {}
INFO:sqlalchemy.engine.Engine:DESCRIBE `salamcity`.`prayer_times`
INFO:sqlalchemy.engine.Engine:[raw sql] {}
INFO:sqlalchemy.engine.Engine:COMMIT
INFO:root:Database connected
INFO:sqlalchemy.engine.Engine:BEGIN (implicit)
INFO:sqlalchemy.engine.Engine:SELECT organizations.id AS organizations_id, organizations.name AS organizations_name, organizations.name_short AS organizations_name_short, organizations.location AS organizations_location, organizations.phone_number AS organizations_phone_number, organizations.email AS organizations_email, organizations.description AS organizations_description, organizations.image AS organizations_image, organizations.website AS organizations_website, organizations.facebook AS organizations_facebook, organizations.twitter AS organizations_twitter, organizations.instagram AS organizations_instagram, organizations.youtube AS organizations_youtube 
FROM organizations
INFO:sqlalchemy.engine.Engine:[generated in 0.00129s] {}
INFO:sqlalchemy.engine.Engine:ROLLBACK
INFO:werkzeug:[31m[1mWARNING: This is a development server. Do not use it in a production deployment. Use a production WSGI server instead.[0m
 * Running on http://127.0.0.1:5000
INFO:werkzeug:[33mPress CTRL+C to quit[0m
INFO:sqlalchemy.engine.Engine:BEGIN (implicit)
INFO:sqlalchemy.engine.Engine:SELECT prayer_times.id AS prayer_times_id, prayer_times.prayer_name AS prayer_times_prayer_name, prayer_times.athan_time AS prayer_times_athan_time, prayer_times.iqama_time AS prayer_times_iqama_time, prayer_times.jumuah_time AS prayer_times_jumuah_time, prayer_times.jumuah_time2 AS prayer_times_jumuah_time2, prayer_times.created_at AS prayer_times_created_at, prayer_times.organization_id AS prayer_times_organization_id, prayer_times.organization_name AS prayer_times_organization_name 
FROM prayer_times 
WHERE prayer_times.organization_id = %(organization_id_1)s AND prayer_times.created_at >= %(created_at_1)s AND prayer_times.created_at <= %(created_at_2)s
INFO:sqlalchemy.engine.Engine:[generated in 0.00092s] {'organization_id_1': 3, 'created_at_1': datetime.datetime(2024, 4, 18, 0, 0), 'created_at_2': datetime.datetime(2024, 4, 18, 23, 59, 59)}
INFO:sqlalchemy.engine.Engine:ROLLBACK
INFO:werkzeug:127.0.0.1 - - [18/Apr/2024 17:30:05] "GET /api/v1/prayer_times/3 HTTP/1.1" 200 -
INFO:werkzeug:127.0.0.1 - - [18/Apr/2024 17:30:06] "GET /favicon.ico HTTP/1.1" 200 -
INFO:sqlalchemy.engine.Engine:BEGIN (implicit)
INFO:sqlalchemy.engine.Engine:SELECT events.id AS events_id, events.title AS events_title, events.link AS events_link, events.sub_links AS events_sub_links, events.image AS events_image, events.date AS events_date, events.start_time AS events_start_time, events.end_time AS events_end_time, events.location AS events_location, events.short_description AS events_short_description, events.full_description AS events_full_description, events.other_info AS events_other_info, events.cost AS events_cost, events.category AS events_category, events.created_at AS events_created_at, events.is_video AS events_is_video, events.is_new AS events_is_new, events.is_active AS events_is_active, events.updated_at AS events_updated_at, events.organization_id AS events_organization_id, events.organization_name AS events_organization_name 
FROM events 
WHERE events.organization_id = %(organization_id_1)s AND events.created_at >= %(created_at_1)s AND events.created_at <= %(created_at_2)s
INFO:sqlalchemy.engine.Engine:[generated in 0.00233s] {'organization_id_1': 10, 'created_at_1': datetime.datetime(2024, 4, 18, 0, 0), 'created_at_2': datetime.datetime(2024, 4, 18, 23, 59, 59)}
INFO:sqlalchemy.engine.Engine:BEGIN (implicit)
INFO:sqlalchemy.engine.Engine:SELECT events.id AS events_id, events.title AS events_title, events.link AS events_link, events.sub_links AS events_sub_links, events.image AS events_image, events.date AS events_date, events.start_time AS events_start_time, events.end_time AS events_end_time, events.location AS events_location, events.short_description AS events_short_description, events.full_description AS events_full_description, events.other_info AS events_other_info, events.cost AS events_cost, events.category AS events_category, events.created_at AS events_created_at, events.is_video AS events_is_video, events.is_new AS events_is_new, events.is_active AS events_is_active, events.updated_at AS events_updated_at, events.organization_id AS events_organization_id, events.organization_name AS events_organization_name 
FROM events 
WHERE events.organization_id = %(organization_id_1)s AND events.created_at >= %(created_at_1)s AND events.created_at <= %(created_at_2)s
INFO:sqlalchemy.engine.Engine:[cached since 0.006717s ago] {'organization_id_1': 10, 'created_at_1': datetime.datetime(2024, 4, 18, 0, 0), 'created_at_2': datetime.datetime(2024, 4, 18, 23, 59, 59)}
INFO:sqlalchemy.engine.Engine:ROLLBACK
INFO:sqlalchemy.engine.Engine:ROLLBACK
INFO:werkzeug:127.0.0.1 - - [18/Apr/2024 17:30:10] "GET /api/v1/events/10 HTTP/1.1" 200 -
INFO:werkzeug:127.0.0.1 - - [18/Apr/2024 17:30:10] "GET /api/v1/events/10 HTTP/1.1" 200 -
INFO:sqlalchemy.engine.Engine:BEGIN (implicit)
INFO:sqlalchemy.engine.Engine:SELECT events.id AS events_id, events.title AS events_title, events.link AS events_link, events.sub_links AS events_sub_links, events.image AS events_image, events.date AS events_date, events.start_time AS events_start_time, events.end_time AS events_end_time, events.location AS events_location, events.short_description AS events_short_description, events.full_description AS events_full_description, events.other_info AS events_other_info, events.cost AS events_cost, events.category AS events_category, events.created_at AS events_created_at, events.is_video AS events_is_video, events.is_new AS events_is_new, events.is_active AS events_is_active, events.updated_at AS events_updated_at, events.organization_id AS events_organization_id, events.organization_name AS events_organization_name 
FROM events 
WHERE events.organization_id = %(organization_id_1)s AND events.created_at >= %(created_at_1)s AND events.created_at <= %(created_at_2)s
INFO:sqlalchemy.engine.Engine:[cached since 0.3776s ago] {'organization_id_1': 4, 'created_at_1': datetime.datetime(2024, 4, 18, 0, 0), 'created_at_2': datetime.datetime(2024, 4, 18, 23, 59, 59)}
INFO:sqlalchemy.engine.Engine:ROLLBACK
INFO:werkzeug:127.0.0.1 - - [18/Apr/2024 17:30:10] "GET /api/v1/events/4 HTTP/1.1" 200 -
INFO:werkzeug:127.0.0.1 - - [18/Apr/2024 17:30:10] "GET /api/v1/events/4 HTTP/1.1" 200 -
INFO:werkzeug:127.0.0.1 - - [18/Apr/2024 17:30:10] "GET /api/v1/events/10 HTTP/1.1" 200 -
INFO:werkzeug:127.0.0.1 - - [18/Apr/2024 17:30:10] "GET /api/v1/prayer_times/3 HTTP/1.1" 200 -
INFO:werkzeug:127.0.0.1 - - [18/Apr/2024 17:30:10] "GET /api/v1/events/10 HTTP/1.1" 200 -
INFO:werkzeug:127.0.0.1 - - [18/Apr/2024 17:30:10] "GET /api/v1/prayer_times/3 HTTP/1.1" 200 -
INFO:werkzeug:127.0.0.1 - - [18/Apr/2024 17:30:10] "GET /api/v1/events/4 HTTP/1.1" 200 -
INFO:werkzeug:127.0.0.1 - - [18/Apr/2024 17:30:10] "GET /api/v1/events/4 HTTP/1.1" 200 -
INFO:werkzeug:127.0.0.1 - - [18/Apr/2024 17:30:14] "GET /api/v1/organizations HTTP/1.1" 200 -
INFO:werkzeug:127.0.0.1 - - [18/Apr/2024 17:30:14] "GET /api/v1/organizations HTTP/1.1" 200 -
INFO:sqlalchemy.engine.Engine:BEGIN (implicit)
INFO:sqlalchemy.engine.Engine:BEGIN (implicit)
INFO:sqlalchemy.engine.Engine:SELECT events.id AS events_id, events.title AS events_title, events.link AS events_link, events.sub_links AS events_sub_links, events.image AS events_image, events.date AS events_date, events.start_time AS events_start_time, events.end_time AS events_end_time, events.location AS events_location, events.short_description AS events_short_description, events.full_description AS events_full_description, events.other_info AS events_other_info, events.cost AS events_cost, events.category AS events_category, events.created_at AS events_created_at, events.is_video AS events_is_video, events.is_new AS events_is_new, events.is_active AS events_is_active, events.updated_at AS events_updated_at, events.organization_id AS events_organization_id, events.organization_name AS events_organization_name 
FROM events 
WHERE events.is_active = true
INFO:sqlalchemy.engine.Engine:SELECT events.id AS events_id, events.title AS events_title, events.link AS events_link, events.sub_links AS events_sub_links, events.image AS events_image, events.date AS events_date, events.start_time AS events_start_time, events.end_time AS events_end_time, events.location AS events_location, events.short_description AS events_short_description, events.full_description AS events_full_description, events.other_info AS events_other_info, events.cost AS events_cost, events.category AS events_category, events.created_at AS events_created_at, events.is_video AS events_is_video, events.is_new AS events_is_new, events.is_active AS events_is_active, events.updated_at AS events_updated_at, events.organization_id AS events_organization_id, events.organization_name AS events_organization_name 
FROM events 
WHERE events.is_active = true
INFO:sqlalchemy.engine.Engine:[generated in 0.00179s] {}
INFO:sqlalchemy.engine.Engine:[cached since 0.002943s ago] {}
INFO:sqlalchemy.engine.Engine:ROLLBACK
INFO:werkzeug:127.0.0.1 - - [18/Apr/2024 17:30:14] "GET /api/v1/events HTTP/1.1" 200 -
INFO:sqlalchemy.engine.Engine:ROLLBACK
INFO:werkzeug:127.0.0.1 - - [18/Apr/2024 17:30:14] "GET /api/v1/events HTTP/1.1" 200 -
INFO:sqlalchemy.engine.Engine:BEGIN (implicit)
INFO:sqlalchemy.engine.Engine:SELECT organizations.id AS organizations_id, organizations.name AS organizations_name, organizations.name_short AS organizations_name_short, organizations.location AS organizations_location, organizations.phone_number AS organizations_phone_number, organizations.email AS organizations_email, organizations.description AS organizations_description, organizations.image AS organizations_image, organizations.website AS organizations_website, organizations.facebook AS organizations_facebook, organizations.twitter AS organizations_twitter, organizations.instagram AS organizations_instagram, organizations.youtube AS organizations_youtube 
FROM organizations 
WHERE organizations.id = %(id_1)s 
 LIMIT %(param_1)s
INFO:sqlalchemy.engine.Engine:[generated in 0.00254s] {'id_1': 3, 'param_1': 1}
INFO:sqlalchemy.engine.Engine:BEGIN (implicit)
INFO:sqlalchemy.engine.Engine:ROLLBACK
INFO:werkzeug:127.0.0.1 - - [18/Apr/2024 17:30:15] "GET /api/v1/organizations/3/image HTTP/1.1" 200 -
INFO:sqlalchemy.engine.Engine:SELECT organizations.id AS organizations_id, organizations.name AS organizations_name, organizations.name_short AS organizations_name_short, organizations.location AS organizations_location, organizations.phone_number AS organizations_phone_number, organizations.email AS organizations_email, organizations.description AS organizations_description, organizations.image AS organizations_image, organizations.website AS organizations_website, organizations.facebook AS organizations_facebook, organizations.twitter AS organizations_twitter, organizations.instagram AS organizations_instagram, organizations.youtube AS organizations_youtube 
FROM organizations 
WHERE organizations.id = %(id_1)s 
 LIMIT %(param_1)s
INFO:sqlalchemy.engine.Engine:[cached since 0.01711s ago] {'id_1': 3, 'param_1': 1}
INFO:sqlalchemy.engine.Engine:ROLLBACK
INFO:werkzeug:127.0.0.1 - - [18/Apr/2024 17:30:15] "GET /api/v1/organizations/3/image HTTP/1.1" 200 -
INFO:sqlalchemy.engine.Engine:BEGIN (implicit)
INFO:sqlalchemy.engine.Engine:SELECT organizations.id AS organizations_id, organizations.name AS organizations_name, organizations.name_short AS organizations_name_short, organizations.location AS organizations_location, organizations.phone_number AS organizations_phone_number, organizations.email AS organizations_email, organizations.description AS organizations_description, organizations.image AS organizations_image, organizations.website AS organizations_website, organizations.facebook AS organizations_facebook, organizations.twitter AS organizations_twitter, organizations.instagram AS organizations_instagram, organizations.youtube AS organizations_youtube 
FROM organizations 
WHERE organizations.id = %(id_1)s 
 LIMIT %(param_1)s
INFO:sqlalchemy.engine.Engine:[cached since 0.03256s ago] {'id_1': 3, 'param_1': 1}
INFO:sqlalchemy.engine.Engine:ROLLBACK
INFO:werkzeug:127.0.0.1 - - [18/Apr/2024 17:30:15] "GET /api/v1/organizations/3/image HTTP/1.1" 200 -
INFO:werkzeug:127.0.0.1 - - [18/Apr/2024 17:30:15] "GET /api/v1/organizations/3/image HTTP/1.1" 200 -
INFO:werkzeug:127.0.0.1 - - [18/Apr/2024 17:30:24] "GET /api/v1/organizations/3/image HTTP/1.1" 200 -
INFO:werkzeug:127.0.0.1 - - [18/Apr/2024 17:30:24] "GET /api/v1/organizations/3/image HTTP/1.1" 200 -
INFO:werkzeug:127.0.0.1 - - [18/Apr/2024 17:30:24] "GET /api/v1/organizations/3/image HTTP/1.1" 200 -
INFO:werkzeug:127.0.0.1 - - [18/Apr/2024 17:30:24] "GET /api/v1/organizations/3/image HTTP/1.1" 200 -
INFO:werkzeug:127.0.0.1 - - [18/Apr/2024 17:30:29] "GET /api/v1/organizations/3/image HTTP/1.1" 200 -
INFO:werkzeug:127.0.0.1 - - [18/Apr/2024 17:30:29] "GET /api/v1/organizations/3/image HTTP/1.1" 200 -
INFO:werkzeug:127.0.0.1 - - [18/Apr/2024 17:30:29] "GET /api/v1/organizations/3/image HTTP/1.1" 200 -
INFO:werkzeug:127.0.0.1 - - [18/Apr/2024 17:30:29] "GET /api/v1/organizations/3/image HTTP/1.1" 200 -
INFO:werkzeug:127.0.0.1 - - [18/Apr/2024 17:34:50] "GET /api/v1/organizations/3/image HTTP/1.1" 200 -
INFO:werkzeug:127.0.0.1 - - [18/Apr/2024 17:34:50] "GET /api/v1/organizations/3/image HTTP/1.1" 200 -
INFO:werkzeug:127.0.0.1 - - [18/Apr/2024 17:34:50] "GET /api/v1/organizations/3/image HTTP/1.1" 200 -
INFO:werkzeug:127.0.0.1 - - [18/Apr/2024 17:34:50] "GET /api/v1/organizations/3/image HTTP/1.1" 200 -
INFO:werkzeug:127.0.0.1 - - [18/Apr/2024 17:34:53] "GET /api/v1/organizations/3/image HTTP/1.1" 200 -
INFO:werkzeug:127.0.0.1 - - [18/Apr/2024 17:34:53] "GET /api/v1/organizations/3/image HTTP/1.1" 200 -
INFO:werkzeug:127.0.0.1 - - [18/Apr/2024 17:34:53] "GET /api/v1/organizations/3/image HTTP/1.1" 200 -
INFO:werkzeug:127.0.0.1 - - [18/Apr/2024 17:34:53] "GET /api/v1/organizations/3/image HTTP/1.1" 200 -
INFO:werkzeug:127.0.0.1 - - [18/Apr/2024 17:34:55] "GET /api/v1/organizations/3/image HTTP/1.1" 200 -
INFO:werkzeug:127.0.0.1 - - [18/Apr/2024 17:34:55] "GET /api/v1/organizations/3/image HTTP/1.1" 200 -
INFO:werkzeug:127.0.0.1 - - [18/Apr/2024 17:55:14] "GET /api/v1/events/10 HTTP/1.1" 200 -
INFO:werkzeug:127.0.0.1 - - [18/Apr/2024 17:55:14] "GET /api/v1/events/10 HTTP/1.1" 200 -
INFO:werkzeug:127.0.0.1 - - [18/Apr/2024 17:55:14] "GET /logo.png HTTP/1.1" 200 -
INFO:werkzeug:127.0.0.1 - - [18/Apr/2024 17:55:14] "GET /api/v1/events/4 HTTP/1.1" 200 -
INFO:werkzeug:127.0.0.1 - - [18/Apr/2024 17:55:14] "GET /api/v1/events/4 HTTP/1.1" 200 -
INFO:werkzeug:127.0.0.1 - - [18/Apr/2024 17:55:14] "GET /api/v1/events/10 HTTP/1.1" 200 -
INFO:werkzeug:127.0.0.1 - - [18/Apr/2024 17:55:14] "GET /api/v1/events/10 HTTP/1.1" 200 -
INFO:werkzeug:127.0.0.1 - - [18/Apr/2024 17:55:14] "GET /api/v1/prayer_times/3 HTTP/1.1" 200 -
INFO:werkzeug:127.0.0.1 - - [18/Apr/2024 17:55:14] "GET /api/v1/prayer_times/3 HTTP/1.1" 200 -
INFO:werkzeug:127.0.0.1 - - [18/Apr/2024 17:55:14] "GET /api/v1/events/4 HTTP/1.1" 200 -
INFO:werkzeug:127.0.0.1 - - [18/Apr/2024 17:55:14] "GET /api/v1/events/4 HTTP/1.1" 200 -
INFO:werkzeug:127.0.0.1 - - [18/Apr/2024 18:39:36] "GET /api/v1/events/10 HTTP/1.1" 200 -
INFO:werkzeug:127.0.0.1 - - [18/Apr/2024 18:39:36] "GET /api/v1/events/10 HTTP/1.1" 200 -
INFO:werkzeug:127.0.0.1 - - [18/Apr/2024 18:39:36] "GET /api/v1/events/4 HTTP/1.1" 200 -
INFO:werkzeug:127.0.0.1 - - [18/Apr/2024 18:39:36] "GET /api/v1/events/4 HTTP/1.1" 200 -
INFO:werkzeug:127.0.0.1 - - [18/Apr/2024 18:39:36] "GET /api/v1/events/10 HTTP/1.1" 200 -
INFO:werkzeug:127.0.0.1 - - [18/Apr/2024 18:39:36] "GET /api/v1/prayer_times/3 HTTP/1.1" 200 -
INFO:werkzeug:127.0.0.1 - - [18/Apr/2024 18:39:36] "GET /api/v1/prayer_times/3 HTTP/1.1" 200 -
INFO:werkzeug:127.0.0.1 - - [18/Apr/2024 18:39:36] "GET /api/v1/events/10 HTTP/1.1" 200 -
INFO:werkzeug:127.0.0.1 - - [18/Apr/2024 18:39:36] "GET /api/v1/events/4 HTTP/1.1" 200 -
INFO:werkzeug:127.0.0.1 - - [18/Apr/2024 18:39:37] "GET /api/v1/events/4 HTTP/1.1" 200 -
INFO:werkzeug:127.0.0.1 - - [18/Apr/2024 19:12:18] "GET /api/v1/events/10 HTTP/1.1" 200 -
INFO:werkzeug:127.0.0.1 - - [18/Apr/2024 19:12:18] "GET /api/v1/events/10 HTTP/1.1" 200 -
INFO:werkzeug:127.0.0.1 - - [18/Apr/2024 19:12:18] "GET /api/v1/events/4 HTTP/1.1" 200 -
INFO:werkzeug:127.0.0.1 - - [18/Apr/2024 19:12:18] "GET /api/v1/events/4 HTTP/1.1" 200 -
INFO:werkzeug:127.0.0.1 - - [18/Apr/2024 19:12:18] "GET /api/v1/events/10 HTTP/1.1" 200 -
INFO:werkzeug:127.0.0.1 - - [18/Apr/2024 19:12:18] "GET /api/v1/prayer_times/3 HTTP/1.1" 200 -
INFO:werkzeug:127.0.0.1 - - [18/Apr/2024 19:12:18] "GET /api/v1/events/10 HTTP/1.1" 200 -
INFO:werkzeug:127.0.0.1 - - [18/Apr/2024 19:12:18] "GET /api/v1/prayer_times/3 HTTP/1.1" 200 -
INFO:werkzeug:127.0.0.1 - - [18/Apr/2024 19:12:18] "GET /api/v1/events/4 HTTP/1.1" 200 -
INFO:werkzeug:127.0.0.1 - - [18/Apr/2024 19:12:18] "GET /api/v1/events/4 HTTP/1.1" 200 -
INFO:root:Started
INFO:sqlalchemy.engine.Engine:SELECT DATABASE()
INFO:sqlalchemy.engine.Engine:[raw sql] {}
INFO:sqlalchemy.engine.Engine:SELECT @@sql_mode
INFO:sqlalchemy.engine.Engine:[raw sql] {}
INFO:sqlalchemy.engine.Engine:SELECT @@lower_case_table_names
INFO:sqlalchemy.engine.Engine:[raw sql] {}
INFO:sqlalchemy.engine.Engine:BEGIN (implicit)
INFO:sqlalchemy.engine.Engine:DESCRIBE `salamcity`.`organizations`
INFO:sqlalchemy.engine.Engine:[raw sql] {}
INFO:sqlalchemy.engine.Engine:DESCRIBE `salamcity`.`events`
INFO:sqlalchemy.engine.Engine:[raw sql] {}
INFO:sqlalchemy.engine.Engine:DESCRIBE `salamcity`.`prayer_times`
INFO:sqlalchemy.engine.Engine:[raw sql] {}
INFO:sqlalchemy.engine.Engine:COMMIT
INFO:root:Database connected
INFO:sqlalchemy.engine.Engine:BEGIN (implicit)
INFO:sqlalchemy.engine.Engine:SELECT organizations.id AS organizations_id, organizations.name AS organizations_name, organizations.name_short AS organizations_name_short, organizations.location AS organizations_location, organizations.phone_number AS organizations_phone_number, organizations.email AS organizations_email, organizations.description AS organizations_description, organizations.image AS organizations_image, organizations.website AS organizations_website, organizations.facebook AS organizations_facebook, organizations.twitter AS organizations_twitter, organizations.instagram AS organizations_instagram, organizations.youtube AS organizations_youtube 
FROM organizations
INFO:sqlalchemy.engine.Engine:[generated in 0.00041s] {}
INFO:sqlalchemy.engine.Engine:ROLLBACK
INFO:werkzeug:[31m[1mWARNING: This is a development server. Do not use it in a production deployment. Use a production WSGI server instead.[0m
 * Running on http://127.0.0.1:5000
INFO:werkzeug:[33mPress CTRL+C to quit[0m
INFO:werkzeug:127.0.0.1 - - [19/Apr/2024 13:40:59] "GET /logo.png HTTP/1.1" 200 -
INFO:sqlalchemy.engine.Engine:BEGIN (implicit)
INFO:sqlalchemy.engine.Engine:SELECT events.id AS events_id, events.title AS events_title, events.link AS events_link, events.sub_links AS events_sub_links, events.image AS events_image, events.date AS events_date, events.start_time AS events_start_time, events.end_time AS events_end_time, events.location AS events_location, events.short_description AS events_short_description, events.full_description AS events_full_description, events.other_info AS events_other_info, events.cost AS events_cost, events.category AS events_category, events.created_at AS events_created_at, events.is_video AS events_is_video, events.is_new AS events_is_new, events.is_active AS events_is_active, events.updated_at AS events_updated_at, events.organization_id AS events_organization_id, events.organization_name AS events_organization_name 
FROM events 
WHERE events.organization_id = %(organization_id_1)s AND events.created_at >= %(created_at_1)s AND events.created_at <= %(created_at_2)s
INFO:sqlalchemy.engine.Engine:[generated in 0.00139s] {'organization_id_1': 10, 'created_at_1': datetime.datetime(2024, 4, 19, 0, 0), 'created_at_2': datetime.datetime(2024, 4, 19, 23, 59, 59)}
INFO:sqlalchemy.engine.Engine:BEGIN (implicit)
INFO:sqlalchemy.engine.Engine:SELECT events.id AS events_id, events.title AS events_title, events.link AS events_link, events.sub_links AS events_sub_links, events.image AS events_image, events.date AS events_date, events.start_time AS events_start_time, events.end_time AS events_end_time, events.location AS events_location, events.short_description AS events_short_description, events.full_description AS events_full_description, events.other_info AS events_other_info, events.cost AS events_cost, events.category AS events_category, events.created_at AS events_created_at, events.is_video AS events_is_video, events.is_new AS events_is_new, events.is_active AS events_is_active, events.updated_at AS events_updated_at, events.organization_id AS events_organization_id, events.organization_name AS events_organization_name 
FROM events 
WHERE events.organization_id = %(organization_id_1)s AND events.created_at >= %(created_at_1)s AND events.created_at <= %(created_at_2)s
INFO:sqlalchemy.engine.Engine:[cached since 0.01388s ago] {'organization_id_1': 10, 'created_at_1': datetime.datetime(2024, 4, 19, 0, 0), 'created_at_2': datetime.datetime(2024, 4, 19, 23, 59, 59)}
INFO:sqlalchemy.engine.Engine:ROLLBACK
INFO:werkzeug:127.0.0.1 - - [19/Apr/2024 13:41:12] "GET /api/v1/events/10 HTTP/1.1" 200 -
INFO:sqlalchemy.engine.Engine:ROLLBACK
INFO:werkzeug:127.0.0.1 - - [19/Apr/2024 13:41:12] "GET /api/v1/events/10 HTTP/1.1" 200 -
INFO:sqlalchemy.engine.Engine:BEGIN (implicit)
INFO:sqlalchemy.engine.Engine:SELECT events.id AS events_id, events.title AS events_title, events.link AS events_link, events.sub_links AS events_sub_links, events.image AS events_image, events.date AS events_date, events.start_time AS events_start_time, events.end_time AS events_end_time, events.location AS events_location, events.short_description AS events_short_description, events.full_description AS events_full_description, events.other_info AS events_other_info, events.cost AS events_cost, events.category AS events_category, events.created_at AS events_created_at, events.is_video AS events_is_video, events.is_new AS events_is_new, events.is_active AS events_is_active, events.updated_at AS events_updated_at, events.organization_id AS events_organization_id, events.organization_name AS events_organization_name 
FROM events 
WHERE events.organization_id = %(organization_id_1)s AND events.created_at >= %(created_at_1)s AND events.created_at <= %(created_at_2)s
INFO:sqlalchemy.engine.Engine:[cached since 0.789s ago] {'organization_id_1': 4, 'created_at_1': datetime.datetime(2024, 4, 19, 0, 0), 'created_at_2': datetime.datetime(2024, 4, 19, 23, 59, 59)}
INFO:sqlalchemy.engine.Engine:ROLLBACK
INFO:werkzeug:127.0.0.1 - - [19/Apr/2024 13:41:13] "GET /api/v1/events/4 HTTP/1.1" 200 -
INFO:werkzeug:127.0.0.1 - - [19/Apr/2024 13:41:13] "GET /api/v1/events/4 HTTP/1.1" 200 -
INFO:werkzeug:127.0.0.1 - - [19/Apr/2024 13:41:13] "GET /api/v1/events/10 HTTP/1.1" 200 -
INFO:werkzeug:127.0.0.1 - - [19/Apr/2024 13:41:13] "GET /api/v1/events/10 HTTP/1.1" 200 -
INFO:sqlalchemy.engine.Engine:BEGIN (implicit)
INFO:sqlalchemy.engine.Engine:SELECT prayer_times.id AS prayer_times_id, prayer_times.prayer_name AS prayer_times_prayer_name, prayer_times.athan_time AS prayer_times_athan_time, prayer_times.iqama_time AS prayer_times_iqama_time, prayer_times.jumuah_time AS prayer_times_jumuah_time, prayer_times.jumuah_time2 AS prayer_times_jumuah_time2, prayer_times.created_at AS prayer_times_created_at, prayer_times.organization_id AS prayer_times_organization_id, prayer_times.organization_name AS prayer_times_organization_name 
FROM prayer_times 
WHERE prayer_times.organization_id = %(organization_id_1)s AND prayer_times.created_at >= %(created_at_1)s AND prayer_times.created_at <= %(created_at_2)s
INFO:sqlalchemy.engine.Engine:[generated in 0.00246s] {'organization_id_1': 3, 'created_at_1': datetime.datetime(2024, 4, 19, 0, 0), 'created_at_2': datetime.datetime(2024, 4, 19, 23, 59, 59)}
INFO:sqlalchemy.engine.Engine:ROLLBACK
INFO:werkzeug:127.0.0.1 - - [19/Apr/2024 13:41:13] "GET /api/v1/prayer_times/3 HTTP/1.1" 200 -
INFO:werkzeug:127.0.0.1 - - [19/Apr/2024 13:41:13] "GET /api/v1/prayer_times/3 HTTP/1.1" 200 -
INFO:werkzeug:127.0.0.1 - - [19/Apr/2024 13:41:14] "GET /api/v1/events/4 HTTP/1.1" 200 -
INFO:werkzeug:127.0.0.1 - - [19/Apr/2024 13:41:14] "GET /api/v1/events/4 HTTP/1.1" 200 -
INFO:werkzeug:127.0.0.1 - - [19/Apr/2024 14:16:39] "GET /api/v1/events/10 HTTP/1.1" 200 -
INFO:werkzeug:127.0.0.1 - - [19/Apr/2024 14:16:40] "GET /api/v1/events/10 HTTP/1.1" 200 -
INFO:werkzeug:127.0.0.1 - - [19/Apr/2024 14:16:40] "GET /api/v1/events/4 HTTP/1.1" 200 -
INFO:werkzeug:127.0.0.1 - - [19/Apr/2024 14:16:40] "GET /api/v1/events/4 HTTP/1.1" 200 -
INFO:werkzeug:127.0.0.1 - - [19/Apr/2024 14:16:40] "GET /api/v1/events/10 HTTP/1.1" 200 -
INFO:werkzeug:127.0.0.1 - - [19/Apr/2024 14:16:40] "GET /api/v1/events/10 HTTP/1.1" 200 -
INFO:werkzeug:127.0.0.1 - - [19/Apr/2024 14:16:40] "GET /api/v1/prayer_times/3 HTTP/1.1" 200 -
INFO:werkzeug:127.0.0.1 - - [19/Apr/2024 14:16:40] "GET /api/v1/prayer_times/3 HTTP/1.1" 200 -
INFO:werkzeug:127.0.0.1 - - [19/Apr/2024 14:16:40] "GET /api/v1/events/4 HTTP/1.1" 200 -
INFO:werkzeug:127.0.0.1 - - [19/Apr/2024 14:16:40] "GET /api/v1/events/4 HTTP/1.1" 200 -
INFO:werkzeug:127.0.0.1 - - [19/Apr/2024 14:16:52] "GET /api/v1/organizations HTTP/1.1" 200 -
INFO:sqlalchemy.engine.Engine:BEGIN (implicit)
INFO:sqlalchemy.engine.Engine:SELECT events.id AS events_id, events.title AS events_title, events.link AS events_link, events.sub_links AS events_sub_links, events.image AS events_image, events.date AS events_date, events.start_time AS events_start_time, events.end_time AS events_end_time, events.location AS events_location, events.short_description AS events_short_description, events.full_description AS events_full_description, events.other_info AS events_other_info, events.cost AS events_cost, events.category AS events_category, events.created_at AS events_created_at, events.is_video AS events_is_video, events.is_new AS events_is_new, events.is_active AS events_is_active, events.updated_at AS events_updated_at, events.organization_id AS events_organization_id, events.organization_name AS events_organization_name 
FROM events 
WHERE events.is_active = true
INFO:sqlalchemy.engine.Engine:[generated in 0.00201s] {}
INFO:werkzeug:127.0.0.1 - - [19/Apr/2024 14:16:52] "GET /api/v1/organizations HTTP/1.1" 200 -
INFO:sqlalchemy.engine.Engine:ROLLBACK
INFO:werkzeug:127.0.0.1 - - [19/Apr/2024 14:16:52] "GET /api/v1/events HTTP/1.1" 200 -
INFO:werkzeug:127.0.0.1 - - [19/Apr/2024 14:16:52] "GET /api/v1/events HTTP/1.1" 200 -
INFO:sqlalchemy.engine.Engine:BEGIN (implicit)
INFO:sqlalchemy.engine.Engine:BEGIN (implicit)
INFO:sqlalchemy.engine.Engine:SELECT organizations.id AS organizations_id, organizations.name AS organizations_name, organizations.name_short AS organizations_name_short, organizations.location AS organizations_location, organizations.phone_number AS organizations_phone_number, organizations.email AS organizations_email, organizations.description AS organizations_description, organizations.image AS organizations_image, organizations.website AS organizations_website, organizations.facebook AS organizations_facebook, organizations.twitter AS organizations_twitter, organizations.instagram AS organizations_instagram, organizations.youtube AS organizations_youtube 
FROM organizations 
WHERE organizations.id = %(id_1)s 
 LIMIT %(param_1)s
INFO:sqlalchemy.engine.Engine:SELECT organizations.id AS organizations_id, organizations.name AS organizations_name, organizations.name_short AS organizations_name_short, organizations.location AS organizations_location, organizations.phone_number AS organizations_phone_number, organizations.email AS organizations_email, organizations.description AS organizations_description, organizations.image AS organizations_image, organizations.website AS organizations_website, organizations.facebook AS organizations_facebook, organizations.twitter AS organizations_twitter, organizations.instagram AS organizations_instagram, organizations.youtube AS organizations_youtube 
FROM organizations 
WHERE organizations.id = %(id_1)s 
 LIMIT %(param_1)s
INFO:sqlalchemy.engine.Engine:[generated in 0.00279s] {'id_1': 3, 'param_1': 1}
INFO:sqlalchemy.engine.Engine:[cached since 0.003712s ago] {'id_1': 3, 'param_1': 1}
INFO:sqlalchemy.engine.Engine:BEGIN (implicit)
INFO:sqlalchemy.engine.Engine:ROLLBACK
INFO:sqlalchemy.engine.Engine:SELECT organizations.id AS organizations_id, organizations.name AS organizations_name, organizations.name_short AS organizations_name_short, organizations.location AS organizations_location, organizations.phone_number AS organizations_phone_number, organizations.email AS organizations_email, organizations.description AS organizations_description, organizations.image AS organizations_image, organizations.website AS organizations_website, organizations.facebook AS organizations_facebook, organizations.twitter AS organizations_twitter, organizations.instagram AS organizations_instagram, organizations.youtube AS organizations_youtube 
FROM organizations 
WHERE organizations.id = %(id_1)s 
 LIMIT %(param_1)s
INFO:werkzeug:127.0.0.1 - - [19/Apr/2024 14:16:53] "GET /api/v1/organizations/3/image HTTP/1.1" 200 -
INFO:sqlalchemy.engine.Engine:ROLLBACK
INFO:sqlalchemy.engine.Engine:[cached since 0.009119s ago] {'id_1': 3, 'param_1': 1}
INFO:werkzeug:127.0.0.1 - - [19/Apr/2024 14:16:53] "GET /api/v1/organizations/3/image HTTP/1.1" 200 -
INFO:sqlalchemy.engine.Engine:ROLLBACK
INFO:werkzeug:127.0.0.1 - - [19/Apr/2024 14:16:53] "GET /api/v1/organizations/3/image HTTP/1.1" 200 -
INFO:werkzeug:127.0.0.1 - - [19/Apr/2024 14:16:53] "GET /api/v1/organizations/3/image HTTP/1.1" 200 -
INFO:werkzeug:127.0.0.1 - - [19/Apr/2024 14:17:16] "GET /api/v1/organizations/3/image HTTP/1.1" 200 -
INFO:werkzeug:127.0.0.1 - - [19/Apr/2024 14:17:16] "GET /api/v1/organizations/3/image HTTP/1.1" 200 -
INFO:werkzeug:127.0.0.1 - - [19/Apr/2024 14:17:16] "GET /api/v1/organizations/3/image HTTP/1.1" 200 -
INFO:werkzeug:127.0.0.1 - - [19/Apr/2024 14:17:16] "GET /api/v1/organizations/3/image HTTP/1.1" 200 -
INFO:werkzeug:127.0.0.1 - - [19/Apr/2024 14:17:22] "GET /api/v1/organizations/3/image HTTP/1.1" 200 -
INFO:werkzeug:127.0.0.1 - - [19/Apr/2024 14:17:22] "GET /api/v1/organizations/3/image HTTP/1.1" 200 -
INFO:werkzeug:127.0.0.1 - - [19/Apr/2024 14:17:22] "GET /api/v1/organizations/3/image HTTP/1.1" 200 -
INFO:werkzeug:127.0.0.1 - - [19/Apr/2024 14:17:22] "GET /api/v1/organizations/3/image HTTP/1.1" 200 -
INFO:werkzeug:127.0.0.1 - - [19/Apr/2024 14:17:34] "GET /api/v1/organizations/3/image HTTP/1.1" 200 -
INFO:werkzeug:127.0.0.1 - - [19/Apr/2024 14:17:34] "GET /api/v1/organizations/3/image HTTP/1.1" 200 -
INFO:werkzeug:127.0.0.1 - - [19/Apr/2024 14:17:34] "GET /api/v1/organizations/3/image HTTP/1.1" 200 -
INFO:werkzeug:127.0.0.1 - - [19/Apr/2024 14:17:34] "GET /api/v1/organizations/3/image HTTP/1.1" 200 -
INFO:werkzeug:127.0.0.1 - - [19/Apr/2024 14:17:39] "GET /api/v1/organizations/3/image HTTP/1.1" 200 -
INFO:werkzeug:127.0.0.1 - - [19/Apr/2024 14:17:39] "GET /api/v1/organizations/3/image HTTP/1.1" 200 -
INFO:werkzeug:127.0.0.1 - - [19/Apr/2024 14:17:39] "GET /api/v1/organizations/3/image HTTP/1.1" 200 -
INFO:werkzeug:127.0.0.1 - - [19/Apr/2024 14:17:39] "GET /api/v1/organizations/3/image HTTP/1.1" 200 -
INFO:werkzeug:127.0.0.1 - - [19/Apr/2024 14:17:56] "GET /api/v1/organizations/3/image HTTP/1.1" 200 -
INFO:werkzeug:127.0.0.1 - - [19/Apr/2024 14:17:56] "GET /api/v1/organizations/3/image HTTP/1.1" 200 -
INFO:werkzeug:127.0.0.1 - - [19/Apr/2024 14:17:56] "GET /api/v1/organizations/3/image HTTP/1.1" 200 -
INFO:werkzeug:127.0.0.1 - - [19/Apr/2024 14:17:56] "GET /api/v1/organizations/3/image HTTP/1.1" 200 -
INFO:werkzeug:127.0.0.1 - - [19/Apr/2024 14:17:57] "GET /api/v1/organizations/3/image HTTP/1.1" 200 -
INFO:werkzeug:127.0.0.1 - - [19/Apr/2024 14:17:57] "GET /api/v1/organizations/3/image HTTP/1.1" 200 -
INFO:werkzeug:127.0.0.1 - - [19/Apr/2024 15:04:55] "GET /logo.png HTTP/1.1" 200 -
INFO:werkzeug:127.0.0.1 - - [19/Apr/2024 15:04:55] "GET /api/v1/organizations HTTP/1.1" 200 -
INFO:werkzeug:127.0.0.1 - - [19/Apr/2024 15:04:55] "GET /api/v1/organizations HTTP/1.1" 200 -
INFO:werkzeug:127.0.0.1 - - [19/Apr/2024 15:04:55] "GET /api/v1/events HTTP/1.1" 200 -
INFO:werkzeug:127.0.0.1 - - [19/Apr/2024 15:04:55] "GET /api/v1/events HTTP/1.1" 200 -
INFO:werkzeug:127.0.0.1 - - [19/Apr/2024 15:04:56] "GET /api/v1/organizations/3/image HTTP/1.1" 200 -
INFO:werkzeug:127.0.0.1 - - [19/Apr/2024 15:04:56] "GET /api/v1/organizations/3/image HTTP/1.1" 200 -
INFO:werkzeug:127.0.0.1 - - [19/Apr/2024 15:04:56] "GET /api/v1/organizations/3/image HTTP/1.1" 200 -
INFO:werkzeug:127.0.0.1 - - [19/Apr/2024 15:04:56] "GET /api/v1/organizations/3/image HTTP/1.1" 200 -
INFO:werkzeug:127.0.0.1 - - [19/Apr/2024 15:05:02] "GET /api/v1/organizations/3/image HTTP/1.1" 200 -
INFO:werkzeug:127.0.0.1 - - [19/Apr/2024 15:05:02] "GET /api/v1/organizations/3/image HTTP/1.1" 200 -
INFO:werkzeug:127.0.0.1 - - [19/Apr/2024 15:05:02] "GET /api/v1/organizations/3/image HTTP/1.1" 200 -
INFO:werkzeug:127.0.0.1 - - [19/Apr/2024 15:05:02] "GET /api/v1/organizations/3/image HTTP/1.1" 200 -
INFO:werkzeug:127.0.0.1 - - [19/Apr/2024 15:05:10] "GET /api/v1/organizations/3/image HTTP/1.1" 200 -
INFO:werkzeug:127.0.0.1 - - [19/Apr/2024 15:05:10] "GET /api/v1/organizations/3/image HTTP/1.1" 200 -
INFO:werkzeug:127.0.0.1 - - [19/Apr/2024 15:05:10] "GET /api/v1/organizations/3/image HTTP/1.1" 200 -
INFO:werkzeug:127.0.0.1 - - [19/Apr/2024 15:05:10] "GET /api/v1/organizations/3/image HTTP/1.1" 200 -
INFO:werkzeug:127.0.0.1 - - [19/Apr/2024 19:29:09] "GET /api/v1/events/10 HTTP/1.1" 200 -
INFO:werkzeug:127.0.0.1 - - [19/Apr/2024 19:29:09] "GET /api/v1/events/10 HTTP/1.1" 200 -
INFO:werkzeug:127.0.0.1 - - [19/Apr/2024 19:29:09] "GET /logo.png HTTP/1.1" 200 -
INFO:werkzeug:127.0.0.1 - - [19/Apr/2024 19:29:09] "GET /api/v1/events/4 HTTP/1.1" 200 -
INFO:werkzeug:127.0.0.1 - - [19/Apr/2024 19:29:09] "GET /api/v1/events/4 HTTP/1.1" 200 -
INFO:werkzeug:127.0.0.1 - - [19/Apr/2024 19:29:09] "GET /api/v1/events/10 HTTP/1.1" 200 -
INFO:werkzeug:127.0.0.1 - - [19/Apr/2024 19:29:09] "GET /api/v1/events/10 HTTP/1.1" 200 -
INFO:werkzeug:127.0.0.1 - - [19/Apr/2024 19:29:09] "GET /api/v1/prayer_times/3 HTTP/1.1" 200 -
INFO:werkzeug:127.0.0.1 - - [19/Apr/2024 19:29:09] "GET /api/v1/prayer_times/3 HTTP/1.1" 200 -
INFO:werkzeug:127.0.0.1 - - [19/Apr/2024 19:29:09] "GET /api/v1/events/4 HTTP/1.1" 200 -
INFO:werkzeug:127.0.0.1 - - [19/Apr/2024 19:29:09] "GET /api/v1/events/4 HTTP/1.1" 200 -
INFO:werkzeug:127.0.0.1 - - [19/Apr/2024 23:29:18] "GET /api/v1/events/10 HTTP/1.1" 200 -
INFO:werkzeug:127.0.0.1 - - [19/Apr/2024 23:29:18] "GET /api/v1/events/10 HTTP/1.1" 200 -
INFO:werkzeug:127.0.0.1 - - [19/Apr/2024 23:29:18] "GET /api/v1/events/4 HTTP/1.1" 200 -
INFO:werkzeug:127.0.0.1 - - [19/Apr/2024 23:29:18] "GET /api/v1/events/4 HTTP/1.1" 200 -
INFO:werkzeug:127.0.0.1 - - [19/Apr/2024 23:29:19] "GET /api/v1/events/10 HTTP/1.1" 200 -
INFO:werkzeug:127.0.0.1 - - [19/Apr/2024 23:29:19] "GET /api/v1/events/10 HTTP/1.1" 200 -
INFO:werkzeug:127.0.0.1 - - [19/Apr/2024 23:29:19] "GET /api/v1/prayer_times/3 HTTP/1.1" 200 -
INFO:werkzeug:127.0.0.1 - - [19/Apr/2024 23:29:19] "GET /api/v1/prayer_times/3 HTTP/1.1" 200 -
INFO:werkzeug:127.0.0.1 - - [19/Apr/2024 23:29:19] "GET /api/v1/events/4 HTTP/1.1" 200 -
INFO:werkzeug:127.0.0.1 - - [19/Apr/2024 23:29:19] "GET /api/v1/events/4 HTTP/1.1" 200 -
INFO:werkzeug:127.0.0.1 - - [19/Apr/2024 23:29:34] "GET /api/v1/organizations HTTP/1.1" 200 -
INFO:werkzeug:127.0.0.1 - - [19/Apr/2024 23:29:34] "GET /api/v1/organizations HTTP/1.1" 200 -
INFO:werkzeug:127.0.0.1 - - [19/Apr/2024 23:29:34] "GET /api/v1/events HTTP/1.1" 200 -
INFO:werkzeug:127.0.0.1 - - [19/Apr/2024 23:29:34] "GET /api/v1/events HTTP/1.1" 200 -
INFO:werkzeug:127.0.0.1 - - [19/Apr/2024 23:29:35] "GET /api/v1/organizations/3/image HTTP/1.1" 200 -
INFO:werkzeug:127.0.0.1 - - [19/Apr/2024 23:29:35] "GET /api/v1/organizations/3/image HTTP/1.1" 200 -
INFO:werkzeug:127.0.0.1 - - [19/Apr/2024 23:29:35] "GET /api/v1/organizations/3/image HTTP/1.1" 200 -
INFO:werkzeug:127.0.0.1 - - [19/Apr/2024 23:29:35] "GET /api/v1/organizations/3/image HTTP/1.1" 200 -
INFO:werkzeug:127.0.0.1 - - [20/Apr/2024 08:59:52] "GET /api/v1/events/10 HTTP/1.1" 200 -
INFO:werkzeug:127.0.0.1 - - [20/Apr/2024 08:59:52] "GET /api/v1/events/10 HTTP/1.1" 200 -
INFO:werkzeug:127.0.0.1 - - [20/Apr/2024 08:59:52] "GET /logo.png HTTP/1.1" 200 -
INFO:werkzeug:127.0.0.1 - - [20/Apr/2024 08:59:52] "GET /api/v1/events/4 HTTP/1.1" 200 -
INFO:werkzeug:127.0.0.1 - - [20/Apr/2024 08:59:52] "GET /api/v1/events/4 HTTP/1.1" 200 -
INFO:werkzeug:127.0.0.1 - - [20/Apr/2024 08:59:52] "GET /api/v1/events/10 HTTP/1.1" 200 -
INFO:werkzeug:127.0.0.1 - - [20/Apr/2024 08:59:52] "GET /api/v1/prayer_times/3 HTTP/1.1" 200 -
INFO:werkzeug:127.0.0.1 - - [20/Apr/2024 08:59:52] "GET /api/v1/events/10 HTTP/1.1" 200 -
INFO:werkzeug:127.0.0.1 - - [20/Apr/2024 08:59:52] "GET /api/v1/prayer_times/3 HTTP/1.1" 200 -
INFO:werkzeug:127.0.0.1 - - [20/Apr/2024 08:59:52] "GET /api/v1/events/4 HTTP/1.1" 200 -
INFO:werkzeug:127.0.0.1 - - [20/Apr/2024 08:59:52] "GET /api/v1/events/4 HTTP/1.1" 200 -
INFO:werkzeug:127.0.0.1 - - [20/Apr/2024 20:05:46] "GET /logo.png HTTP/1.1" 200 -
INFO:sqlalchemy.engine.Engine:BEGIN (implicit)
INFO:sqlalchemy.engine.Engine:SELECT events.id AS events_id, events.title AS events_title, events.link AS events_link, events.sub_links AS events_sub_links, events.image AS events_image, events.date AS events_date, events.start_time AS events_start_time, events.end_time AS events_end_time, events.location AS events_location, events.short_description AS events_short_description, events.full_description AS events_full_description, events.other_info AS events_other_info, events.cost AS events_cost, events.category AS events_category, events.created_at AS events_created_at, events.is_video AS events_is_video, events.is_new AS events_is_new, events.is_active AS events_is_active, events.updated_at AS events_updated_at, events.organization_id AS events_organization_id, events.organization_name AS events_organization_name 
FROM events 
WHERE events.organization_id = %(organization_id_1)s AND events.created_at >= %(created_at_1)s AND events.created_at <= %(created_at_2)s
INFO:sqlalchemy.engine.Engine:BEGIN (implicit)
INFO:sqlalchemy.engine.Engine:[cached since 1.239e+05s ago] {'organization_id_1': 10, 'created_at_1': datetime.datetime(2024, 4, 20, 0, 0), 'created_at_2': datetime.datetime(2024, 4, 20, 23, 59, 59)}
INFO:sqlalchemy.engine.Engine:SELECT events.id AS events_id, events.title AS events_title, events.link AS events_link, events.sub_links AS events_sub_links, events.image AS events_image, events.date AS events_date, events.start_time AS events_start_time, events.end_time AS events_end_time, events.location AS events_location, events.short_description AS events_short_description, events.full_description AS events_full_description, events.other_info AS events_other_info, events.cost AS events_cost, events.category AS events_category, events.created_at AS events_created_at, events.is_video AS events_is_video, events.is_new AS events_is_new, events.is_active AS events_is_active, events.updated_at AS events_updated_at, events.organization_id AS events_organization_id, events.organization_name AS events_organization_name 
FROM events 
WHERE events.organization_id = %(organization_id_1)s AND events.created_at >= %(created_at_1)s AND events.created_at <= %(created_at_2)s
INFO:sqlalchemy.engine.Engine:[cached since 1.239e+05s ago] {'organization_id_1': 10, 'created_at_1': datetime.datetime(2024, 4, 20, 0, 0), 'created_at_2': datetime.datetime(2024, 4, 20, 23, 59, 59)}
INFO:sqlalchemy.engine.Engine:ROLLBACK
INFO:sqlalchemy.engine.Engine:ROLLBACK
INFO:werkzeug:127.0.0.1 - - [20/Apr/2024 20:05:46] "GET /api/v1/events/10 HTTP/1.1" 200 -
INFO:werkzeug:127.0.0.1 - - [20/Apr/2024 20:05:46] "GET /api/v1/events/10 HTTP/1.1" 200 -
INFO:sqlalchemy.engine.Engine:BEGIN (implicit)
INFO:sqlalchemy.engine.Engine:SELECT events.id AS events_id, events.title AS events_title, events.link AS events_link, events.sub_links AS events_sub_links, events.image AS events_image, events.date AS events_date, events.start_time AS events_start_time, events.end_time AS events_end_time, events.location AS events_location, events.short_description AS events_short_description, events.full_description AS events_full_description, events.other_info AS events_other_info, events.cost AS events_cost, events.category AS events_category, events.created_at AS events_created_at, events.is_video AS events_is_video, events.is_new AS events_is_new, events.is_active AS events_is_active, events.updated_at AS events_updated_at, events.organization_id AS events_organization_id, events.organization_name AS events_organization_name 
FROM events 
WHERE events.organization_id = %(organization_id_1)s AND events.created_at >= %(created_at_1)s AND events.created_at <= %(created_at_2)s
INFO:sqlalchemy.engine.Engine:[cached since 1.239e+05s ago] {'organization_id_1': 4, 'created_at_1': datetime.datetime(2024, 4, 20, 0, 0), 'created_at_2': datetime.datetime(2024, 4, 20, 23, 59, 59)}
INFO:sqlalchemy.engine.Engine:BEGIN (implicit)
INFO:sqlalchemy.engine.Engine:SELECT events.id AS events_id, events.title AS events_title, events.link AS events_link, events.sub_links AS events_sub_links, events.image AS events_image, events.date AS events_date, events.start_time AS events_start_time, events.end_time AS events_end_time, events.location AS events_location, events.short_description AS events_short_description, events.full_description AS events_full_description, events.other_info AS events_other_info, events.cost AS events_cost, events.category AS events_category, events.created_at AS events_created_at, events.is_video AS events_is_video, events.is_new AS events_is_new, events.is_active AS events_is_active, events.updated_at AS events_updated_at, events.organization_id AS events_organization_id, events.organization_name AS events_organization_name 
FROM events 
WHERE events.organization_id = %(organization_id_1)s AND events.created_at >= %(created_at_1)s AND events.created_at <= %(created_at_2)s
INFO:sqlalchemy.engine.Engine:[cached since 1.239e+05s ago] {'organization_id_1': 4, 'created_at_1': datetime.datetime(2024, 4, 20, 0, 0), 'created_at_2': datetime.datetime(2024, 4, 20, 23, 59, 59)}
INFO:sqlalchemy.engine.Engine:ROLLBACK
INFO:werkzeug:127.0.0.1 - - [20/Apr/2024 20:05:46] "GET /api/v1/events/4 HTTP/1.1" 200 -
INFO:sqlalchemy.engine.Engine:ROLLBACK
INFO:werkzeug:127.0.0.1 - - [20/Apr/2024 20:05:46] "GET /api/v1/events/4 HTTP/1.1" 200 -
INFO:werkzeug:127.0.0.1 - - [20/Apr/2024 20:05:47] "GET /api/v1/events/10 HTTP/1.1" 200 -
INFO:werkzeug:127.0.0.1 - - [20/Apr/2024 20:05:47] "GET /api/v1/events/10 HTTP/1.1" 200 -
INFO:sqlalchemy.engine.Engine:BEGIN (implicit)
INFO:sqlalchemy.engine.Engine:BEGIN (implicit)
INFO:sqlalchemy.engine.Engine:SELECT prayer_times.id AS prayer_times_id, prayer_times.prayer_name AS prayer_times_prayer_name, prayer_times.athan_time AS prayer_times_athan_time, prayer_times.iqama_time AS prayer_times_iqama_time, prayer_times.jumuah_time AS prayer_times_jumuah_time, prayer_times.jumuah_time2 AS prayer_times_jumuah_time2, prayer_times.created_at AS prayer_times_created_at, prayer_times.organization_id AS prayer_times_organization_id, prayer_times.organization_name AS prayer_times_organization_name 
FROM prayer_times 
WHERE prayer_times.organization_id = %(organization_id_1)s AND prayer_times.created_at >= %(created_at_1)s AND prayer_times.created_at <= %(created_at_2)s
INFO:sqlalchemy.engine.Engine:SELECT prayer_times.id AS prayer_times_id, prayer_times.prayer_name AS prayer_times_prayer_name, prayer_times.athan_time AS prayer_times_athan_time, prayer_times.iqama_time AS prayer_times_iqama_time, prayer_times.jumuah_time AS prayer_times_jumuah_time, prayer_times.jumuah_time2 AS prayer_times_jumuah_time2, prayer_times.created_at AS prayer_times_created_at, prayer_times.organization_id AS prayer_times_organization_id, prayer_times.organization_name AS prayer_times_organization_name 
FROM prayer_times 
WHERE prayer_times.organization_id = %(organization_id_1)s AND prayer_times.created_at >= %(created_at_1)s AND prayer_times.created_at <= %(created_at_2)s
INFO:sqlalchemy.engine.Engine:[cached since 1.239e+05s ago] {'organization_id_1': 3, 'created_at_1': datetime.datetime(2024, 4, 20, 0, 0), 'created_at_2': datetime.datetime(2024, 4, 20, 23, 59, 59)}
INFO:sqlalchemy.engine.Engine:[cached since 1.239e+05s ago] {'organization_id_1': 3, 'created_at_1': datetime.datetime(2024, 4, 20, 0, 0), 'created_at_2': datetime.datetime(2024, 4, 20, 23, 59, 59)}
INFO:sqlalchemy.engine.Engine:ROLLBACK
INFO:sqlalchemy.engine.Engine:ROLLBACK
INFO:werkzeug:127.0.0.1 - - [20/Apr/2024 20:05:47] "GET /api/v1/prayer_times/3 HTTP/1.1" 200 -
INFO:werkzeug:127.0.0.1 - - [20/Apr/2024 20:05:47] "GET /api/v1/prayer_times/3 HTTP/1.1" 200 -
INFO:werkzeug:127.0.0.1 - - [20/Apr/2024 20:05:47] "GET /api/v1/events/4 HTTP/1.1" 200 -
INFO:werkzeug:127.0.0.1 - - [20/Apr/2024 20:05:47] "GET /api/v1/events/4 HTTP/1.1" 200 -
INFO:werkzeug:127.0.0.1 - - [20/Apr/2024 20:05:51] "GET /api/v1/organizations HTTP/1.1" 200 -
INFO:werkzeug:127.0.0.1 - - [20/Apr/2024 20:05:51] "GET /api/v1/organizations HTTP/1.1" 200 -
INFO:sqlalchemy.engine.Engine:BEGIN (implicit)
INFO:sqlalchemy.engine.Engine:SELECT events.id AS events_id, events.title AS events_title, events.link AS events_link, events.sub_links AS events_sub_links, events.image AS events_image, events.date AS events_date, events.start_time AS events_start_time, events.end_time AS events_end_time, events.location AS events_location, events.short_description AS events_short_description, events.full_description AS events_full_description, events.other_info AS events_other_info, events.cost AS events_cost, events.category AS events_category, events.created_at AS events_created_at, events.is_video AS events_is_video, events.is_new AS events_is_new, events.is_active AS events_is_active, events.updated_at AS events_updated_at, events.organization_id AS events_organization_id, events.organization_name AS events_organization_name 
FROM events 
WHERE events.is_active = true
INFO:sqlalchemy.engine.Engine:BEGIN (implicit)
INFO:sqlalchemy.engine.Engine:[cached since 1.217e+05s ago] {}
INFO:sqlalchemy.engine.Engine:SELECT events.id AS events_id, events.title AS events_title, events.link AS events_link, events.sub_links AS events_sub_links, events.image AS events_image, events.date AS events_date, events.start_time AS events_start_time, events.end_time AS events_end_time, events.location AS events_location, events.short_description AS events_short_description, events.full_description AS events_full_description, events.other_info AS events_other_info, events.cost AS events_cost, events.category AS events_category, events.created_at AS events_created_at, events.is_video AS events_is_video, events.is_new AS events_is_new, events.is_active AS events_is_active, events.updated_at AS events_updated_at, events.organization_id AS events_organization_id, events.organization_name AS events_organization_name 
FROM events 
WHERE events.is_active = true
INFO:sqlalchemy.engine.Engine:[cached since 1.217e+05s ago] {}
INFO:sqlalchemy.engine.Engine:ROLLBACK
INFO:werkzeug:127.0.0.1 - - [20/Apr/2024 20:05:51] "GET /api/v1/events HTTP/1.1" 200 -
INFO:sqlalchemy.engine.Engine:ROLLBACK
INFO:werkzeug:127.0.0.1 - - [20/Apr/2024 20:05:51] "GET /api/v1/events HTTP/1.1" 200 -
INFO:sqlalchemy.engine.Engine:BEGIN (implicit)
INFO:sqlalchemy.engine.Engine:SELECT organizations.id AS organizations_id, organizations.name AS organizations_name, organizations.name_short AS organizations_name_short, organizations.location AS organizations_location, organizations.phone_number AS organizations_phone_number, organizations.email AS organizations_email, organizations.description AS organizations_description, organizations.image AS organizations_image, organizations.website AS organizations_website, organizations.facebook AS organizations_facebook, organizations.twitter AS organizations_twitter, organizations.instagram AS organizations_instagram, organizations.youtube AS organizations_youtube 
FROM organizations 
WHERE organizations.id = %(id_1)s 
 LIMIT %(param_1)s
INFO:sqlalchemy.engine.Engine:[cached since 1.217e+05s ago] {'id_1': 3, 'param_1': 1}
INFO:sqlalchemy.engine.Engine:ROLLBACK
INFO:werkzeug:127.0.0.1 - - [20/Apr/2024 20:05:52] "GET /api/v1/organizations/3/image HTTP/1.1" 200 -
INFO:werkzeug:127.0.0.1 - - [20/Apr/2024 20:05:52] "GET /api/v1/organizations/3/image HTTP/1.1" 200 -
INFO:werkzeug:127.0.0.1 - - [20/Apr/2024 20:05:52] "GET /api/v1/organizations/3/image HTTP/1.1" 200 -
INFO:werkzeug:127.0.0.1 - - [20/Apr/2024 20:05:52] "GET /api/v1/organizations/3/image HTTP/1.1" 200 -
INFO:werkzeug:127.0.0.1 - - [20/Apr/2024 20:05:52] "GET /api/v1/organizations/3/image HTTP/1.1" 200 -
INFO:werkzeug:127.0.0.1 - - [20/Apr/2024 20:05:52] "GET /api/v1/organizations/3/image HTTP/1.1" 200 -
INFO:sqlalchemy.engine.Engine:BEGIN (implicit)
INFO:sqlalchemy.engine.Engine:BEGIN (implicit)
INFO:sqlalchemy.engine.Engine:SELECT events.id AS events_id, events.title AS events_title, events.link AS events_link, events.sub_links AS events_sub_links, events.image AS events_image, events.date AS events_date, events.start_time AS events_start_time, events.end_time AS events_end_time, events.location AS events_location, events.short_description AS events_short_description, events.full_description AS events_full_description, events.other_info AS events_other_info, events.cost AS events_cost, events.category AS events_category, events.created_at AS events_created_at, events.is_video AS events_is_video, events.is_new AS events_is_new, events.is_active AS events_is_active, events.updated_at AS events_updated_at, events.organization_id AS events_organization_id, events.organization_name AS events_organization_name 
FROM events 
WHERE events.organization_id = %(organization_id_1)s AND events.created_at >= %(created_at_1)s AND events.created_at <= %(created_at_2)s
INFO:sqlalchemy.engine.Engine:SELECT events.id AS events_id, events.title AS events_title, events.link AS events_link, events.sub_links AS events_sub_links, events.image AS events_image, events.date AS events_date, events.start_time AS events_start_time, events.end_time AS events_end_time, events.location AS events_location, events.short_description AS events_short_description, events.full_description AS events_full_description, events.other_info AS events_other_info, events.cost AS events_cost, events.category AS events_category, events.created_at AS events_created_at, events.is_video AS events_is_video, events.is_new AS events_is_new, events.is_active AS events_is_active, events.updated_at AS events_updated_at, events.organization_id AS events_organization_id, events.organization_name AS events_organization_name 
FROM events 
WHERE events.organization_id = %(organization_id_1)s AND events.created_at >= %(created_at_1)s AND events.created_at <= %(created_at_2)s
INFO:sqlalchemy.engine.Engine:[cached since 2.608e+05s ago] {'organization_id_1': 10, 'created_at_1': datetime.datetime(2024, 4, 22, 0, 0), 'created_at_2': datetime.datetime(2024, 4, 22, 23, 59, 59)}
INFO:sqlalchemy.engine.Engine:[cached since 2.608e+05s ago] {'organization_id_1': 10, 'created_at_1': datetime.datetime(2024, 4, 22, 0, 0), 'created_at_2': datetime.datetime(2024, 4, 22, 23, 59, 59)}
INFO:sqlalchemy.engine.Engine:ROLLBACK
INFO:sqlalchemy.engine.Engine:ROLLBACK
INFO:werkzeug:127.0.0.1 - - [22/Apr/2024 10:07:24] "GET /api/v1/events/10 HTTP/1.1" 200 -
INFO:werkzeug:127.0.0.1 - - [22/Apr/2024 10:07:24] "GET /api/v1/events/10 HTTP/1.1" 200 -
INFO:sqlalchemy.engine.Engine:BEGIN (implicit)
INFO:sqlalchemy.engine.Engine:SELECT events.id AS events_id, events.title AS events_title, events.link AS events_link, events.sub_links AS events_sub_links, events.image AS events_image, events.date AS events_date, events.start_time AS events_start_time, events.end_time AS events_end_time, events.location AS events_location, events.short_description AS events_short_description, events.full_description AS events_full_description, events.other_info AS events_other_info, events.cost AS events_cost, events.category AS events_category, events.created_at AS events_created_at, events.is_video AS events_is_video, events.is_new AS events_is_new, events.is_active AS events_is_active, events.updated_at AS events_updated_at, events.organization_id AS events_organization_id, events.organization_name AS events_organization_name 
FROM events 
WHERE events.organization_id = %(organization_id_1)s AND events.created_at >= %(created_at_1)s AND events.created_at <= %(created_at_2)s
INFO:sqlalchemy.engine.Engine:[cached since 2.608e+05s ago] {'organization_id_1': 4, 'created_at_1': datetime.datetime(2024, 4, 22, 0, 0), 'created_at_2': datetime.datetime(2024, 4, 22, 23, 59, 59)}
INFO:sqlalchemy.engine.Engine:ROLLBACK
INFO:sqlalchemy.engine.Engine:BEGIN (implicit)
INFO:werkzeug:127.0.0.1 - - [22/Apr/2024 10:07:24] "GET /api/v1/events/4 HTTP/1.1" 200 -
INFO:sqlalchemy.engine.Engine:SELECT events.id AS events_id, events.title AS events_title, events.link AS events_link, events.sub_links AS events_sub_links, events.image AS events_image, events.date AS events_date, events.start_time AS events_start_time, events.end_time AS events_end_time, events.location AS events_location, events.short_description AS events_short_description, events.full_description AS events_full_description, events.other_info AS events_other_info, events.cost AS events_cost, events.category AS events_category, events.created_at AS events_created_at, events.is_video AS events_is_video, events.is_new AS events_is_new, events.is_active AS events_is_active, events.updated_at AS events_updated_at, events.organization_id AS events_organization_id, events.organization_name AS events_organization_name 
FROM events 
WHERE events.organization_id = %(organization_id_1)s AND events.created_at >= %(created_at_1)s AND events.created_at <= %(created_at_2)s
INFO:sqlalchemy.engine.Engine:[cached since 2.608e+05s ago] {'organization_id_1': 4, 'created_at_1': datetime.datetime(2024, 4, 22, 0, 0), 'created_at_2': datetime.datetime(2024, 4, 22, 23, 59, 59)}
INFO:sqlalchemy.engine.Engine:ROLLBACK
INFO:werkzeug:127.0.0.1 - - [22/Apr/2024 10:07:25] "GET /api/v1/events/4 HTTP/1.1" 200 -
INFO:werkzeug:127.0.0.1 - - [22/Apr/2024 10:07:25] "GET /logo.png HTTP/1.1" 200 -
INFO:werkzeug:127.0.0.1 - - [22/Apr/2024 10:07:25] "GET /api/v1/events/10 HTTP/1.1" 200 -
INFO:werkzeug:127.0.0.1 - - [22/Apr/2024 10:07:25] "GET /api/v1/events/10 HTTP/1.1" 200 -
INFO:sqlalchemy.engine.Engine:BEGIN (implicit)
INFO:sqlalchemy.engine.Engine:BEGIN (implicit)
INFO:sqlalchemy.engine.Engine:SELECT prayer_times.id AS prayer_times_id, prayer_times.prayer_name AS prayer_times_prayer_name, prayer_times.athan_time AS prayer_times_athan_time, prayer_times.iqama_time AS prayer_times_iqama_time, prayer_times.jumuah_time AS prayer_times_jumuah_time, prayer_times.jumuah_time2 AS prayer_times_jumuah_time2, prayer_times.created_at AS prayer_times_created_at, prayer_times.organization_id AS prayer_times_organization_id, prayer_times.organization_name AS prayer_times_organization_name 
FROM prayer_times 
WHERE prayer_times.organization_id = %(organization_id_1)s AND prayer_times.created_at >= %(created_at_1)s AND prayer_times.created_at <= %(created_at_2)s
INFO:sqlalchemy.engine.Engine:SELECT prayer_times.id AS prayer_times_id, prayer_times.prayer_name AS prayer_times_prayer_name, prayer_times.athan_time AS prayer_times_athan_time, prayer_times.iqama_time AS prayer_times_iqama_time, prayer_times.jumuah_time AS prayer_times_jumuah_time, prayer_times.jumuah_time2 AS prayer_times_jumuah_time2, prayer_times.created_at AS prayer_times_created_at, prayer_times.organization_id AS prayer_times_organization_id, prayer_times.organization_name AS prayer_times_organization_name 
FROM prayer_times 
WHERE prayer_times.organization_id = %(organization_id_1)s AND prayer_times.created_at >= %(created_at_1)s AND prayer_times.created_at <= %(created_at_2)s
INFO:sqlalchemy.engine.Engine:[cached since 2.608e+05s ago] {'organization_id_1': 3, 'created_at_1': datetime.datetime(2024, 4, 22, 0, 0), 'created_at_2': datetime.datetime(2024, 4, 22, 23, 59, 59)}
INFO:sqlalchemy.engine.Engine:[cached since 2.608e+05s ago] {'organization_id_1': 3, 'created_at_1': datetime.datetime(2024, 4, 22, 0, 0), 'created_at_2': datetime.datetime(2024, 4, 22, 23, 59, 59)}
INFO:sqlalchemy.engine.Engine:ROLLBACK
INFO:sqlalchemy.engine.Engine:ROLLBACK
INFO:werkzeug:127.0.0.1 - - [22/Apr/2024 10:07:25] "GET /api/v1/prayer_times/3 HTTP/1.1" 200 -
INFO:werkzeug:127.0.0.1 - - [22/Apr/2024 10:07:25] "GET /api/v1/prayer_times/3 HTTP/1.1" 200 -
INFO:werkzeug:127.0.0.1 - - [22/Apr/2024 10:07:25] "GET /api/v1/events/4 HTTP/1.1" 200 -
INFO:werkzeug:127.0.0.1 - - [22/Apr/2024 10:07:25] "GET /api/v1/events/4 HTTP/1.1" 200 -
INFO:werkzeug:127.0.0.1 - - [22/Apr/2024 10:07:28] "GET /api/v1/organizations HTTP/1.1" 200 -
INFO:werkzeug:127.0.0.1 - - [22/Apr/2024 10:07:28] "GET /api/v1/organizations HTTP/1.1" 200 -
INFO:sqlalchemy.engine.Engine:BEGIN (implicit)
INFO:sqlalchemy.engine.Engine:SELECT events.id AS events_id, events.title AS events_title, events.link AS events_link, events.sub_links AS events_sub_links, events.image AS events_image, events.date AS events_date, events.start_time AS events_start_time, events.end_time AS events_end_time, events.location AS events_location, events.short_description AS events_short_description, events.full_description AS events_full_description, events.other_info AS events_other_info, events.cost AS events_cost, events.category AS events_category, events.created_at AS events_created_at, events.is_video AS events_is_video, events.is_new AS events_is_new, events.is_active AS events_is_active, events.updated_at AS events_updated_at, events.organization_id AS events_organization_id, events.organization_name AS events_organization_name 
FROM events 
WHERE events.is_active = true
INFO:sqlalchemy.engine.Engine:[cached since 2.587e+05s ago] {}
INFO:sqlalchemy.engine.Engine:ROLLBACK
INFO:werkzeug:127.0.0.1 - - [22/Apr/2024 10:07:28] "GET /api/v1/events HTTP/1.1" 200 -
INFO:werkzeug:127.0.0.1 - - [22/Apr/2024 10:07:28] "GET /api/v1/events HTTP/1.1" 200 -
INFO:sqlalchemy.engine.Engine:BEGIN (implicit)
INFO:sqlalchemy.engine.Engine:SELECT organizations.id AS organizations_id, organizations.name AS organizations_name, organizations.name_short AS organizations_name_short, organizations.location AS organizations_location, organizations.phone_number AS organizations_phone_number, organizations.email AS organizations_email, organizations.description AS organizations_description, organizations.image AS organizations_image, organizations.website AS organizations_website, organizations.facebook AS organizations_facebook, organizations.twitter AS organizations_twitter, organizations.instagram AS organizations_instagram, organizations.youtube AS organizations_youtube 
FROM organizations 
WHERE organizations.id = %(id_1)s 
 LIMIT %(param_1)s
INFO:sqlalchemy.engine.Engine:[cached since 2.587e+05s ago] {'id_1': 3, 'param_1': 1}
INFO:sqlalchemy.engine.Engine:BEGIN (implicit)
INFO:sqlalchemy.engine.Engine:BEGIN (implicit)
INFO:sqlalchemy.engine.Engine:SELECT organizations.id AS organizations_id, organizations.name AS organizations_name, organizations.name_short AS organizations_name_short, organizations.location AS organizations_location, organizations.phone_number AS organizations_phone_number, organizations.email AS organizations_email, organizations.description AS organizations_description, organizations.image AS organizations_image, organizations.website AS organizations_website, organizations.facebook AS organizations_facebook, organizations.twitter AS organizations_twitter, organizations.instagram AS organizations_instagram, organizations.youtube AS organizations_youtube 
FROM organizations 
WHERE organizations.id = %(id_1)s 
 LIMIT %(param_1)s
INFO:sqlalchemy.engine.Engine:SELECT organizations.id AS organizations_id, organizations.name AS organizations_name, organizations.name_short AS organizations_name_short, organizations.location AS organizations_location, organizations.phone_number AS organizations_phone_number, organizations.email AS organizations_email, organizations.description AS organizations_description, organizations.image AS organizations_image, organizations.website AS organizations_website, organizations.facebook AS organizations_facebook, organizations.twitter AS organizations_twitter, organizations.instagram AS organizations_instagram, organizations.youtube AS organizations_youtube 
FROM organizations 
WHERE organizations.id = %(id_1)s 
 LIMIT %(param_1)s
INFO:sqlalchemy.engine.Engine:[cached since 2.587e+05s ago] {'id_1': 3, 'param_1': 1}
INFO:sqlalchemy.engine.Engine:[cached since 2.587e+05s ago] {'id_1': 3, 'param_1': 1}
INFO:sqlalchemy.engine.Engine:ROLLBACK
INFO:sqlalchemy.engine.Engine:ROLLBACK
INFO:werkzeug:127.0.0.1 - - [22/Apr/2024 10:07:29] "GET /api/v1/organizations/3/image HTTP/1.1" 200 -
INFO:sqlalchemy.engine.Engine:ROLLBACK
INFO:werkzeug:127.0.0.1 - - [22/Apr/2024 10:07:29] "GET /api/v1/organizations/3/image HTTP/1.1" 200 -
INFO:werkzeug:127.0.0.1 - - [22/Apr/2024 10:07:29] "GET /api/v1/organizations/3/image HTTP/1.1" 200 -
INFO:werkzeug:127.0.0.1 - - [22/Apr/2024 10:07:29] "GET /api/v1/organizations/3/image HTTP/1.1" 200 -
INFO:sqlalchemy.engine.Engine:BEGIN (implicit)
INFO:sqlalchemy.engine.Engine:BEGIN (implicit)
INFO:sqlalchemy.engine.Engine:SELECT organizations.id AS organizations_id, organizations.name AS organizations_name, organizations.name_short AS organizations_name_short, organizations.location AS organizations_location, organizations.phone_number AS organizations_phone_number, organizations.email AS organizations_email, organizations.description AS organizations_description, organizations.image AS organizations_image, organizations.website AS organizations_website, organizations.facebook AS organizations_facebook, organizations.twitter AS organizations_twitter, organizations.instagram AS organizations_instagram, organizations.youtube AS organizations_youtube 
FROM organizations 
WHERE organizations.id = %(id_1)s 
 LIMIT %(param_1)s
INFO:sqlalchemy.engine.Engine:SELECT organizations.id AS organizations_id, organizations.name AS organizations_name, organizations.name_short AS organizations_name_short, organizations.location AS organizations_location, organizations.phone_number AS organizations_phone_number, organizations.email AS organizations_email, organizations.description AS organizations_description, organizations.image AS organizations_image, organizations.website AS organizations_website, organizations.facebook AS organizations_facebook, organizations.twitter AS organizations_twitter, organizations.instagram AS organizations_instagram, organizations.youtube AS organizations_youtube 
FROM organizations 
WHERE organizations.id = %(id_1)s 
 LIMIT %(param_1)s
INFO:sqlalchemy.engine.Engine:[cached since 2.587e+05s ago] {'id_1': 3, 'param_1': 1}
INFO:sqlalchemy.engine.Engine:[cached since 2.587e+05s ago] {'id_1': 3, 'param_1': 1}
INFO:sqlalchemy.engine.Engine:ROLLBACK
INFO:sqlalchemy.engine.Engine:ROLLBACK
INFO:werkzeug:127.0.0.1 - - [22/Apr/2024 10:07:29] "GET /api/v1/organizations/3/image HTTP/1.1" 200 -
INFO:werkzeug:127.0.0.1 - - [22/Apr/2024 10:07:29] "GET /api/v1/organizations/3/image HTTP/1.1" 200 -
INFO:werkzeug:127.0.0.1 - - [22/Apr/2024 10:07:36] "GET /api/v1/events/10 HTTP/1.1" 200 -
INFO:werkzeug:127.0.0.1 - - [22/Apr/2024 10:07:36] "GET /api/v1/events/10 HTTP/1.1" 200 -
INFO:werkzeug:127.0.0.1 - - [22/Apr/2024 10:07:36] "GET /api/v1/events/4 HTTP/1.1" 200 -
INFO:werkzeug:127.0.0.1 - - [22/Apr/2024 10:07:36] "GET /api/v1/events/4 HTTP/1.1" 200 -
INFO:werkzeug:127.0.0.1 - - [22/Apr/2024 10:07:36] "GET /api/v1/events/10 HTTP/1.1" 200 -
INFO:werkzeug:127.0.0.1 - - [22/Apr/2024 10:07:36] "GET /api/v1/events/10 HTTP/1.1" 200 -
INFO:werkzeug:127.0.0.1 - - [22/Apr/2024 10:07:36] "GET /api/v1/prayer_times/3 HTTP/1.1" 200 -
INFO:werkzeug:127.0.0.1 - - [22/Apr/2024 10:07:36] "GET /api/v1/prayer_times/3 HTTP/1.1" 200 -
INFO:werkzeug:127.0.0.1 - - [22/Apr/2024 10:07:36] "GET /api/v1/events/4 HTTP/1.1" 200 -
INFO:werkzeug:127.0.0.1 - - [22/Apr/2024 10:07:36] "GET /api/v1/events/4 HTTP/1.1" 200 -
INFO:werkzeug:127.0.0.1 - - [22/Apr/2024 10:07:39] "GET /api/v1/organizations HTTP/1.1" 200 -
INFO:werkzeug:127.0.0.1 - - [22/Apr/2024 10:07:39] "GET /api/v1/organizations HTTP/1.1" 200 -
INFO:werkzeug:127.0.0.1 - - [22/Apr/2024 10:07:39] "GET /api/v1/events HTTP/1.1" 200 -
INFO:werkzeug:127.0.0.1 - - [22/Apr/2024 10:07:39] "GET /api/v1/events HTTP/1.1" 200 -
INFO:werkzeug:127.0.0.1 - - [22/Apr/2024 10:07:40] "GET /api/v1/organizations/3/image HTTP/1.1" 200 -
INFO:werkzeug:127.0.0.1 - - [22/Apr/2024 10:07:40] "GET /api/v1/organizations/3/image HTTP/1.1" 200 -
INFO:werkzeug:127.0.0.1 - - [22/Apr/2024 10:07:40] "GET /api/v1/organizations/3/image HTTP/1.1" 200 -
INFO:werkzeug:127.0.0.1 - - [22/Apr/2024 10:07:40] "GET /api/v1/organizations/3/image HTTP/1.1" 200 -
INFO:werkzeug:127.0.0.1 - - [22/Apr/2024 10:07:40] "GET /api/v1/organizations/3/image HTTP/1.1" 200 -
INFO:werkzeug:127.0.0.1 - - [22/Apr/2024 10:07:40] "GET /api/v1/organizations/3/image HTTP/1.1" 200 -
INFO:werkzeug:127.0.0.1 - - [22/Apr/2024 10:07:46] "GET /api/v1/events/10 HTTP/1.1" 200 -
INFO:werkzeug:127.0.0.1 - - [22/Apr/2024 10:07:46] "GET /api/v1/events/10 HTTP/1.1" 200 -
INFO:werkzeug:127.0.0.1 - - [22/Apr/2024 10:07:47] "GET /api/v1/events/4 HTTP/1.1" 200 -
INFO:werkzeug:127.0.0.1 - - [22/Apr/2024 10:07:47] "GET /api/v1/events/4 HTTP/1.1" 200 -
INFO:werkzeug:127.0.0.1 - - [22/Apr/2024 10:07:47] "GET /api/v1/events/10 HTTP/1.1" 200 -
INFO:werkzeug:127.0.0.1 - - [22/Apr/2024 10:07:47] "GET /api/v1/events/10 HTTP/1.1" 200 -
INFO:werkzeug:127.0.0.1 - - [22/Apr/2024 10:07:47] "GET /api/v1/prayer_times/3 HTTP/1.1" 200 -
INFO:werkzeug:127.0.0.1 - - [22/Apr/2024 10:07:47] "GET /api/v1/prayer_times/3 HTTP/1.1" 200 -
INFO:werkzeug:127.0.0.1 - - [22/Apr/2024 10:07:47] "GET /api/v1/events/4 HTTP/1.1" 200 -
INFO:werkzeug:127.0.0.1 - - [22/Apr/2024 10:07:47] "GET /api/v1/events/4 HTTP/1.1" 200 -
INFO:root:Started
INFO:sqlalchemy.engine.Engine:SELECT DATABASE()
INFO:sqlalchemy.engine.Engine:[raw sql] {}
INFO:sqlalchemy.engine.Engine:SELECT @@sql_mode
INFO:sqlalchemy.engine.Engine:[raw sql] {}
INFO:sqlalchemy.engine.Engine:SELECT @@lower_case_table_names
INFO:sqlalchemy.engine.Engine:[raw sql] {}
INFO:sqlalchemy.engine.Engine:BEGIN (implicit)
INFO:sqlalchemy.engine.Engine:DESCRIBE `salamcity`.`organizations`
INFO:sqlalchemy.engine.Engine:[raw sql] {}
INFO:sqlalchemy.engine.Engine:DESCRIBE `salamcity`.`events`
INFO:sqlalchemy.engine.Engine:[raw sql] {}
INFO:sqlalchemy.engine.Engine:DESCRIBE `salamcity`.`prayer_times`
INFO:sqlalchemy.engine.Engine:[raw sql] {}
INFO:sqlalchemy.engine.Engine:COMMIT
INFO:root:Database connected
INFO:sqlalchemy.engine.Engine:BEGIN (implicit)
INFO:sqlalchemy.engine.Engine:SELECT organizations.id AS organizations_id, organizations.name AS organizations_name, organizations.name_short AS organizations_name_short, organizations.location AS organizations_location, organizations.phone_number AS organizations_phone_number, organizations.email AS organizations_email, organizations.description AS organizations_description, organizations.image AS organizations_image, organizations.website AS organizations_website, organizations.facebook AS organizations_facebook, organizations.twitter AS organizations_twitter, organizations.instagram AS organizations_instagram, organizations.youtube AS organizations_youtube 
FROM organizations
INFO:sqlalchemy.engine.Engine:[generated in 0.00054s] {}
INFO:sqlalchemy.engine.Engine:ROLLBACK
INFO:werkzeug:[31m[1mWARNING: This is a development server. Do not use it in a production deployment. Use a production WSGI server instead.[0m
 * Running on http://127.0.0.1:5000
INFO:werkzeug:[33mPress CTRL+C to quit[0m
INFO:sqlalchemy.engine.Engine:BEGIN (implicit)
INFO:sqlalchemy.engine.Engine:SELECT events.id AS events_id, events.title AS events_title, events.link AS events_link, events.sub_links AS events_sub_links, events.image AS events_image, events.date AS events_date, events.start_time AS events_start_time, events.end_time AS events_end_time, events.location AS events_location, events.short_description AS events_short_description, events.full_description AS events_full_description, events.other_info AS events_other_info, events.cost AS events_cost, events.category AS events_category, events.created_at AS events_created_at, events.is_video AS events_is_video, events.is_new AS events_is_new, events.is_active AS events_is_active, events.updated_at AS events_updated_at, events.organization_id AS events_organization_id, events.organization_name AS events_organization_name 
FROM events 
WHERE events.organization_id = %(organization_id_1)s AND events.created_at >= %(created_at_1)s AND events.created_at <= %(created_at_2)s
INFO:sqlalchemy.engine.Engine:[generated in 0.00080s] {'organization_id_1': 10, 'created_at_1': datetime.datetime(2024, 4, 30, 0, 0), 'created_at_2': datetime.datetime(2024, 4, 30, 23, 59, 59)}
INFO:sqlalchemy.engine.Engine:BEGIN (implicit)
INFO:sqlalchemy.engine.Engine:SELECT events.id AS events_id, events.title AS events_title, events.link AS events_link, events.sub_links AS events_sub_links, events.image AS events_image, events.date AS events_date, events.start_time AS events_start_time, events.end_time AS events_end_time, events.location AS events_location, events.short_description AS events_short_description, events.full_description AS events_full_description, events.other_info AS events_other_info, events.cost AS events_cost, events.category AS events_category, events.created_at AS events_created_at, events.is_video AS events_is_video, events.is_new AS events_is_new, events.is_active AS events_is_active, events.updated_at AS events_updated_at, events.organization_id AS events_organization_id, events.organization_name AS events_organization_name 
FROM events 
WHERE events.organization_id = %(organization_id_1)s AND events.created_at >= %(created_at_1)s AND events.created_at <= %(created_at_2)s
INFO:sqlalchemy.engine.Engine:[cached since 0.006806s ago] {'organization_id_1': 10, 'created_at_1': datetime.datetime(2024, 4, 30, 0, 0), 'created_at_2': datetime.datetime(2024, 4, 30, 23, 59, 59)}
INFO:sqlalchemy.engine.Engine:ROLLBACK
INFO:sqlalchemy.engine.Engine:ROLLBACK
INFO:werkzeug:127.0.0.1 - - [30/Apr/2024 09:16:16] "GET /api/v1/events/10 HTTP/1.1" 200 -
INFO:werkzeug:127.0.0.1 - - [30/Apr/2024 09:16:16] "GET /api/v1/events/10 HTTP/1.1" 200 -
INFO:sqlalchemy.engine.Engine:BEGIN (implicit)
INFO:sqlalchemy.engine.Engine:SELECT events.id AS events_id, events.title AS events_title, events.link AS events_link, events.sub_links AS events_sub_links, events.image AS events_image, events.date AS events_date, events.start_time AS events_start_time, events.end_time AS events_end_time, events.location AS events_location, events.short_description AS events_short_description, events.full_description AS events_full_description, events.other_info AS events_other_info, events.cost AS events_cost, events.category AS events_category, events.created_at AS events_created_at, events.is_video AS events_is_video, events.is_new AS events_is_new, events.is_active AS events_is_active, events.updated_at AS events_updated_at, events.organization_id AS events_organization_id, events.organization_name AS events_organization_name 
FROM events 
WHERE events.organization_id = %(organization_id_1)s AND events.created_at >= %(created_at_1)s AND events.created_at <= %(created_at_2)s
INFO:sqlalchemy.engine.Engine:BEGIN (implicit)
INFO:sqlalchemy.engine.Engine:[cached since 0.2462s ago] {'organization_id_1': 4, 'created_at_1': datetime.datetime(2024, 4, 30, 0, 0), 'created_at_2': datetime.datetime(2024, 4, 30, 23, 59, 59)}
INFO:sqlalchemy.engine.Engine:SELECT events.id AS events_id, events.title AS events_title, events.link AS events_link, events.sub_links AS events_sub_links, events.image AS events_image, events.date AS events_date, events.start_time AS events_start_time, events.end_time AS events_end_time, events.location AS events_location, events.short_description AS events_short_description, events.full_description AS events_full_description, events.other_info AS events_other_info, events.cost AS events_cost, events.category AS events_category, events.created_at AS events_created_at, events.is_video AS events_is_video, events.is_new AS events_is_new, events.is_active AS events_is_active, events.updated_at AS events_updated_at, events.organization_id AS events_organization_id, events.organization_name AS events_organization_name 
FROM events 
WHERE events.organization_id = %(organization_id_1)s AND events.created_at >= %(created_at_1)s AND events.created_at <= %(created_at_2)s
INFO:sqlalchemy.engine.Engine:[cached since 0.2471s ago] {'organization_id_1': 4, 'created_at_1': datetime.datetime(2024, 4, 30, 0, 0), 'created_at_2': datetime.datetime(2024, 4, 30, 23, 59, 59)}
INFO:sqlalchemy.engine.Engine:ROLLBACK
INFO:sqlalchemy.engine.Engine:ROLLBACK
INFO:werkzeug:127.0.0.1 - - [30/Apr/2024 09:16:16] "GET /api/v1/events/4 HTTP/1.1" 200 -
INFO:werkzeug:127.0.0.1 - - [30/Apr/2024 09:16:16] "GET /api/v1/events/4 HTTP/1.1" 200 -
INFO:werkzeug:127.0.0.1 - - [30/Apr/2024 09:16:16] "GET /api/v1/events/10 HTTP/1.1" 200 -
INFO:werkzeug:127.0.0.1 - - [30/Apr/2024 09:16:16] "GET /api/v1/events/10 HTTP/1.1" 200 -
INFO:sqlalchemy.engine.Engine:BEGIN (implicit)
INFO:sqlalchemy.engine.Engine:BEGIN (implicit)
INFO:sqlalchemy.engine.Engine:SELECT prayer_times.id AS prayer_times_id, prayer_times.prayer_name AS prayer_times_prayer_name, prayer_times.athan_time AS prayer_times_athan_time, prayer_times.iqama_time AS prayer_times_iqama_time, prayer_times.jumuah_time AS prayer_times_jumuah_time, prayer_times.jumuah_time2 AS prayer_times_jumuah_time2, prayer_times.created_at AS prayer_times_created_at, prayer_times.organization_id AS prayer_times_organization_id, prayer_times.organization_name AS prayer_times_organization_name 
FROM prayer_times 
WHERE prayer_times.organization_id = %(organization_id_1)s AND prayer_times.created_at >= %(created_at_1)s AND prayer_times.created_at <= %(created_at_2)s
INFO:sqlalchemy.engine.Engine:SELECT prayer_times.id AS prayer_times_id, prayer_times.prayer_name AS prayer_times_prayer_name, prayer_times.athan_time AS prayer_times_athan_time, prayer_times.iqama_time AS prayer_times_iqama_time, prayer_times.jumuah_time AS prayer_times_jumuah_time, prayer_times.jumuah_time2 AS prayer_times_jumuah_time2, prayer_times.created_at AS prayer_times_created_at, prayer_times.organization_id AS prayer_times_organization_id, prayer_times.organization_name AS prayer_times_organization_name 
FROM prayer_times 
WHERE prayer_times.organization_id = %(organization_id_1)s AND prayer_times.created_at >= %(created_at_1)s AND prayer_times.created_at <= %(created_at_2)s
INFO:sqlalchemy.engine.Engine:[generated in 0.00111s] {'organization_id_1': 3, 'created_at_1': datetime.datetime(2024, 4, 30, 0, 0), 'created_at_2': datetime.datetime(2024, 4, 30, 23, 59, 59)}
INFO:sqlalchemy.engine.Engine:[cached since 0.001788s ago] {'organization_id_1': 3, 'created_at_1': datetime.datetime(2024, 4, 30, 0, 0), 'created_at_2': datetime.datetime(2024, 4, 30, 23, 59, 59)}
INFO:sqlalchemy.engine.Engine:ROLLBACK
INFO:sqlalchemy.engine.Engine:ROLLBACK
INFO:werkzeug:127.0.0.1 - - [30/Apr/2024 09:16:16] "GET /api/v1/prayer_times/3 HTTP/1.1" 200 -
INFO:werkzeug:127.0.0.1 - - [30/Apr/2024 09:16:16] "GET /api/v1/prayer_times/3 HTTP/1.1" 200 -
INFO:werkzeug:127.0.0.1 - - [30/Apr/2024 09:16:17] "GET /api/v1/events/4 HTTP/1.1" 200 -
INFO:werkzeug:127.0.0.1 - - [30/Apr/2024 09:16:17] "GET /api/v1/events/4 HTTP/1.1" 200 -
INFO:werkzeug:127.0.0.1 - - [30/Apr/2024 09:16:18] "GET /api/v1/organizations HTTP/1.1" 200 -
INFO:sqlalchemy.engine.Engine:BEGIN (implicit)
INFO:werkzeug:127.0.0.1 - - [30/Apr/2024 09:16:18] "GET /api/v1/organizations HTTP/1.1" 200 -
INFO:sqlalchemy.engine.Engine:SELECT events.id AS events_id, events.title AS events_title, events.link AS events_link, events.sub_links AS events_sub_links, events.image AS events_image, events.date AS events_date, events.start_time AS events_start_time, events.end_time AS events_end_time, events.location AS events_location, events.short_description AS events_short_description, events.full_description AS events_full_description, events.other_info AS events_other_info, events.cost AS events_cost, events.category AS events_category, events.created_at AS events_created_at, events.is_video AS events_is_video, events.is_new AS events_is_new, events.is_active AS events_is_active, events.updated_at AS events_updated_at, events.organization_id AS events_organization_id, events.organization_name AS events_organization_name 
FROM events 
WHERE events.is_active = true
INFO:sqlalchemy.engine.Engine:[generated in 0.00504s] {}
INFO:sqlalchemy.engine.Engine:BEGIN (implicit)
INFO:sqlalchemy.engine.Engine:SELECT events.id AS events_id, events.title AS events_title, events.link AS events_link, events.sub_links AS events_sub_links, events.image AS events_image, events.date AS events_date, events.start_time AS events_start_time, events.end_time AS events_end_time, events.location AS events_location, events.short_description AS events_short_description, events.full_description AS events_full_description, events.other_info AS events_other_info, events.cost AS events_cost, events.category AS events_category, events.created_at AS events_created_at, events.is_video AS events_is_video, events.is_new AS events_is_new, events.is_active AS events_is_active, events.updated_at AS events_updated_at, events.organization_id AS events_organization_id, events.organization_name AS events_organization_name 
FROM events 
WHERE events.is_active = true
INFO:sqlalchemy.engine.Engine:[cached since 0.009927s ago] {}
INFO:sqlalchemy.engine.Engine:ROLLBACK
INFO:werkzeug:127.0.0.1 - - [30/Apr/2024 09:16:18] "GET /api/v1/events HTTP/1.1" 200 -
INFO:sqlalchemy.engine.Engine:ROLLBACK
INFO:werkzeug:127.0.0.1 - - [30/Apr/2024 09:16:18] "GET /api/v1/events HTTP/1.1" 200 -
INFO:sqlalchemy.engine.Engine:BEGIN (implicit)
INFO:sqlalchemy.engine.Engine:SELECT organizations.id AS organizations_id, organizations.name AS organizations_name, organizations.name_short AS organizations_name_short, organizations.location AS organizations_location, organizations.phone_number AS organizations_phone_number, organizations.email AS organizations_email, organizations.description AS organizations_description, organizations.image AS organizations_image, organizations.website AS organizations_website, organizations.facebook AS organizations_facebook, organizations.twitter AS organizations_twitter, organizations.instagram AS organizations_instagram, organizations.youtube AS organizations_youtube 
FROM organizations 
WHERE organizations.id = %(id_1)s 
 LIMIT %(param_1)s
INFO:sqlalchemy.engine.Engine:[generated in 0.00139s] {'id_1': 3, 'param_1': 1}
INFO:sqlalchemy.engine.Engine:ROLLBACK
INFO:sqlalchemy.engine.Engine:BEGIN (implicit)
INFO:werkzeug:127.0.0.1 - - [30/Apr/2024 09:16:19] "GET /api/v1/organizations/3/image HTTP/1.1" 200 -
INFO:sqlalchemy.engine.Engine:SELECT organizations.id AS organizations_id, organizations.name AS organizations_name, organizations.name_short AS organizations_name_short, organizations.location AS organizations_location, organizations.phone_number AS organizations_phone_number, organizations.email AS organizations_email, organizations.description AS organizations_description, organizations.image AS organizations_image, organizations.website AS organizations_website, organizations.facebook AS organizations_facebook, organizations.twitter AS organizations_twitter, organizations.instagram AS organizations_instagram, organizations.youtube AS organizations_youtube 
FROM organizations 
WHERE organizations.id = %(id_1)s 
 LIMIT %(param_1)s
INFO:sqlalchemy.engine.Engine:[cached since 0.01436s ago] {'id_1': 3, 'param_1': 1}
INFO:sqlalchemy.engine.Engine:ROLLBACK
INFO:werkzeug:127.0.0.1 - - [30/Apr/2024 09:16:19] "GET /api/v1/organizations/3/image HTTP/1.1" 200 -
INFO:sqlalchemy.engine.Engine:BEGIN (implicit)
INFO:sqlalchemy.engine.Engine:SELECT organizations.id AS organizations_id, organizations.name AS organizations_name, organizations.name_short AS organizations_name_short, organizations.location AS organizations_location, organizations.phone_number AS organizations_phone_number, organizations.email AS organizations_email, organizations.description AS organizations_description, organizations.image AS organizations_image, organizations.website AS organizations_website, organizations.facebook AS organizations_facebook, organizations.twitter AS organizations_twitter, organizations.instagram AS organizations_instagram, organizations.youtube AS organizations_youtube 
FROM organizations 
WHERE organizations.id = %(id_1)s 
 LIMIT %(param_1)s
INFO:sqlalchemy.engine.Engine:[cached since 0.03371s ago] {'id_1': 3, 'param_1': 1}
INFO:sqlalchemy.engine.Engine:ROLLBACK
INFO:werkzeug:127.0.0.1 - - [30/Apr/2024 09:16:19] "GET /api/v1/organizations/3/image HTTP/1.1" 200 -
INFO:sqlalchemy.engine.Engine:BEGIN (implicit)
INFO:sqlalchemy.engine.Engine:BEGIN (implicit)
INFO:sqlalchemy.engine.Engine:SELECT organizations.id AS organizations_id, organizations.name AS organizations_name, organizations.name_short AS organizations_name_short, organizations.location AS organizations_location, organizations.phone_number AS organizations_phone_number, organizations.email AS organizations_email, organizations.description AS organizations_description, organizations.image AS organizations_image, organizations.website AS organizations_website, organizations.facebook AS organizations_facebook, organizations.twitter AS organizations_twitter, organizations.instagram AS organizations_instagram, organizations.youtube AS organizations_youtube 
FROM organizations 
WHERE organizations.id = %(id_1)s 
 LIMIT %(param_1)s
INFO:sqlalchemy.engine.Engine:SELECT organizations.id AS organizations_id, organizations.name AS organizations_name, organizations.name_short AS organizations_name_short, organizations.location AS organizations_location, organizations.phone_number AS organizations_phone_number, organizations.email AS organizations_email, organizations.description AS organizations_description, organizations.image AS organizations_image, organizations.website AS organizations_website, organizations.facebook AS organizations_facebook, organizations.twitter AS organizations_twitter, organizations.instagram AS organizations_instagram, organizations.youtube AS organizations_youtube 
FROM organizations 
WHERE organizations.id = %(id_1)s 
 LIMIT %(param_1)s
INFO:sqlalchemy.engine.Engine:BEGIN (implicit)
INFO:sqlalchemy.engine.Engine:[cached since 0.04438s ago] {'id_1': 3, 'param_1': 1}
INFO:sqlalchemy.engine.Engine:[cached since 0.04501s ago] {'id_1': 3, 'param_1': 1}
INFO:sqlalchemy.engine.Engine:SELECT organizations.id AS organizations_id, organizations.name AS organizations_name, organizations.name_short AS organizations_name_short, organizations.location AS organizations_location, organizations.phone_number AS organizations_phone_number, organizations.email AS organizations_email, organizations.description AS organizations_description, organizations.image AS organizations_image, organizations.website AS organizations_website, organizations.facebook AS organizations_facebook, organizations.twitter AS organizations_twitter, organizations.instagram AS organizations_instagram, organizations.youtube AS organizations_youtube 
FROM organizations 
WHERE organizations.id = %(id_1)s 
 LIMIT %(param_1)s
INFO:sqlalchemy.engine.Engine:[cached since 0.04672s ago] {'id_1': 3, 'param_1': 1}
INFO:sqlalchemy.engine.Engine:ROLLBACK
INFO:werkzeug:127.0.0.1 - - [30/Apr/2024 09:16:19] "GET /api/v1/organizations/3/image HTTP/1.1" 200 -
INFO:sqlalchemy.engine.Engine:ROLLBACK
INFO:sqlalchemy.engine.Engine:ROLLBACK
INFO:werkzeug:127.0.0.1 - - [30/Apr/2024 09:16:19] "GET /api/v1/organizations/3/image HTTP/1.1" 200 -
INFO:werkzeug:127.0.0.1 - - [30/Apr/2024 09:16:19] "GET /api/v1/organizations/3/image HTTP/1.1" 200 -
INFO:werkzeug:127.0.0.1 - - [30/Apr/2024 09:16:20] "GET /api/v1/events/10 HTTP/1.1" 200 -
INFO:werkzeug:127.0.0.1 - - [30/Apr/2024 09:16:20] "GET /api/v1/events/10 HTTP/1.1" 200 -
INFO:werkzeug:127.0.0.1 - - [30/Apr/2024 09:16:21] "GET /api/v1/events/4 HTTP/1.1" 200 -
INFO:werkzeug:127.0.0.1 - - [30/Apr/2024 09:16:21] "GET /api/v1/events/4 HTTP/1.1" 200 -
INFO:werkzeug:127.0.0.1 - - [30/Apr/2024 09:16:21] "GET /api/v1/events/10 HTTP/1.1" 200 -
INFO:werkzeug:127.0.0.1 - - [30/Apr/2024 09:16:21] "GET /api/v1/events/10 HTTP/1.1" 200 -
INFO:werkzeug:127.0.0.1 - - [30/Apr/2024 09:16:21] "GET /api/v1/prayer_times/3 HTTP/1.1" 200 -
INFO:werkzeug:127.0.0.1 - - [30/Apr/2024 09:16:21] "GET /api/v1/prayer_times/3 HTTP/1.1" 200 -
INFO:werkzeug:127.0.0.1 - - [30/Apr/2024 09:16:21] "GET /api/v1/events/4 HTTP/1.1" 200 -
INFO:werkzeug:127.0.0.1 - - [30/Apr/2024 09:16:21] "GET /api/v1/events/4 HTTP/1.1" 200 -
INFO:werkzeug:127.0.0.1 - - [30/Apr/2024 09:19:10] "GET /api/v1/events/10 HTTP/1.1" 200 -
INFO:werkzeug:127.0.0.1 - - [30/Apr/2024 09:19:10] "GET /api/v1/events/10 HTTP/1.1" 200 -
INFO:werkzeug:127.0.0.1 - - [30/Apr/2024 09:19:10] "GET /logo.png HTTP/1.1" 200 -
INFO:werkzeug:127.0.0.1 - - [30/Apr/2024 09:19:10] "GET /api/v1/events/4 HTTP/1.1" 200 -
INFO:werkzeug:127.0.0.1 - - [30/Apr/2024 09:19:10] "GET /api/v1/events/4 HTTP/1.1" 200 -
INFO:werkzeug:127.0.0.1 - - [30/Apr/2024 09:19:11] "GET /api/v1/events/10 HTTP/1.1" 200 -
INFO:werkzeug:127.0.0.1 - - [30/Apr/2024 09:19:11] "GET /api/v1/prayer_times/3 HTTP/1.1" 200 -
INFO:werkzeug:127.0.0.1 - - [30/Apr/2024 09:19:11] "GET /api/v1/events/10 HTTP/1.1" 200 -
INFO:werkzeug:127.0.0.1 - - [30/Apr/2024 09:19:11] "GET /api/v1/prayer_times/3 HTTP/1.1" 200 -
INFO:werkzeug:127.0.0.1 - - [30/Apr/2024 09:19:11] "GET /api/v1/events/4 HTTP/1.1" 200 -
INFO:werkzeug:127.0.0.1 - - [30/Apr/2024 09:19:11] "GET /api/v1/events/4 HTTP/1.1" 200 -
INFO:werkzeug:127.0.0.1 - - [30/Apr/2024 10:37:10] "GET /api/v1/events/10 HTTP/1.1" 200 -
INFO:werkzeug:127.0.0.1 - - [30/Apr/2024 10:37:10] "GET /api/v1/events/10 HTTP/1.1" 200 -
INFO:werkzeug:127.0.0.1 - - [30/Apr/2024 10:37:10] "GET /api/v1/events/4 HTTP/1.1" 200 -
INFO:werkzeug:127.0.0.1 - - [30/Apr/2024 10:37:10] "GET /api/v1/events/4 HTTP/1.1" 200 -
INFO:werkzeug:127.0.0.1 - - [30/Apr/2024 10:37:10] "GET /api/v1/events/10 HTTP/1.1" 200 -
INFO:werkzeug:127.0.0.1 - - [30/Apr/2024 10:37:10] "GET /api/v1/events/10 HTTP/1.1" 200 -
INFO:werkzeug:127.0.0.1 - - [30/Apr/2024 10:37:10] "GET /api/v1/prayer_times/3 HTTP/1.1" 200 -
INFO:werkzeug:127.0.0.1 - - [30/Apr/2024 10:37:10] "GET /api/v1/prayer_times/3 HTTP/1.1" 200 -
INFO:werkzeug:127.0.0.1 - - [30/Apr/2024 10:37:11] "GET /api/v1/events/4 HTTP/1.1" 200 -
INFO:werkzeug:127.0.0.1 - - [30/Apr/2024 10:37:11] "GET /api/v1/events/4 HTTP/1.1" 200 -
INFO:werkzeug:127.0.0.1 - - [30/Apr/2024 10:37:11] "GET /api/v1/events/10 HTTP/1.1" 200 -
INFO:werkzeug:127.0.0.1 - - [30/Apr/2024 10:37:11] "GET /api/v1/events/10 HTTP/1.1" 200 -
INFO:werkzeug:127.0.0.1 - - [30/Apr/2024 10:37:12] "GET /api/v1/events/4 HTTP/1.1" 200 -
INFO:werkzeug:127.0.0.1 - - [30/Apr/2024 10:37:12] "GET /api/v1/events/4 HTTP/1.1" 200 -
INFO:werkzeug:127.0.0.1 - - [30/Apr/2024 10:37:12] "GET /api/v1/events/10 HTTP/1.1" 200 -
INFO:werkzeug:127.0.0.1 - - [30/Apr/2024 10:37:12] "GET /api/v1/events/10 HTTP/1.1" 200 -
INFO:werkzeug:127.0.0.1 - - [30/Apr/2024 10:37:12] "GET /api/v1/prayer_times/3 HTTP/1.1" 200 -
INFO:werkzeug:127.0.0.1 - - [30/Apr/2024 10:37:12] "GET /api/v1/prayer_times/3 HTTP/1.1" 200 -
INFO:werkzeug:127.0.0.1 - - [30/Apr/2024 10:37:12] "GET /api/v1/events/4 HTTP/1.1" 200 -
INFO:werkzeug:127.0.0.1 - - [30/Apr/2024 10:37:12] "GET /api/v1/events/4 HTTP/1.1" 200 -
INFO:root:Started
INFO:sqlalchemy.engine.Engine:SELECT DATABASE()
INFO:sqlalchemy.engine.Engine:[raw sql] {}
INFO:sqlalchemy.engine.Engine:SELECT @@sql_mode
INFO:sqlalchemy.engine.Engine:[raw sql] {}
INFO:sqlalchemy.engine.Engine:SELECT @@lower_case_table_names
INFO:sqlalchemy.engine.Engine:[raw sql] {}
INFO:sqlalchemy.engine.Engine:BEGIN (implicit)
INFO:sqlalchemy.engine.Engine:DESCRIBE `salamcity`.`organizations`
INFO:sqlalchemy.engine.Engine:[raw sql] {}
INFO:sqlalchemy.engine.Engine:DESCRIBE `salamcity`.`events`
INFO:sqlalchemy.engine.Engine:[raw sql] {}
INFO:sqlalchemy.engine.Engine:DESCRIBE `salamcity`.`prayer_times`
INFO:sqlalchemy.engine.Engine:[raw sql] {}
INFO:sqlalchemy.engine.Engine:COMMIT
INFO:root:Database connected
INFO:sqlalchemy.engine.Engine:BEGIN (implicit)
INFO:sqlalchemy.engine.Engine:SELECT organizations.id AS organizations_id, organizations.name AS organizations_name, organizations.name_short AS organizations_name_short, organizations.location AS organizations_location, organizations.phone_number AS organizations_phone_number, organizations.email AS organizations_email, organizations.description AS organizations_description, organizations.image AS organizations_image, organizations.website AS organizations_website, organizations.facebook AS organizations_facebook, organizations.twitter AS organizations_twitter, organizations.instagram AS organizations_instagram, organizations.youtube AS organizations_youtube 
FROM organizations
INFO:sqlalchemy.engine.Engine:[generated in 0.00051s] {}
INFO:sqlalchemy.engine.Engine:ROLLBACK
INFO:werkzeug:[31m[1mWARNING: This is a development server. Do not use it in a production deployment. Use a production WSGI server instead.[0m
 * Running on http://127.0.0.1:5000
INFO:werkzeug:[33mPress CTRL+C to quit[0m
INFO:sqlalchemy.engine.Engine:BEGIN (implicit)
INFO:sqlalchemy.engine.Engine:SELECT events.id AS events_id, events.title AS events_title, events.link AS events_link, events.sub_links AS events_sub_links, events.image AS events_image, events.date AS events_date, events.start_time AS events_start_time, events.end_time AS events_end_time, events.location AS events_location, events.short_description AS events_short_description, events.full_description AS events_full_description, events.other_info AS events_other_info, events.cost AS events_cost, events.category AS events_category, events.created_at AS events_created_at, events.is_video AS events_is_video, events.is_new AS events_is_new, events.is_active AS events_is_active, events.updated_at AS events_updated_at, events.organization_id AS events_organization_id, events.organization_name AS events_organization_name 
FROM events 
WHERE events.organization_id = %(organization_id_1)s AND events.created_at >= %(created_at_1)s AND events.created_at <= %(created_at_2)s
INFO:sqlalchemy.engine.Engine:[generated in 0.00084s] {'organization_id_1': 10, 'created_at_1': datetime.datetime(2024, 4, 30, 0, 0), 'created_at_2': datetime.datetime(2024, 4, 30, 23, 59, 59)}
INFO:sqlalchemy.engine.Engine:BEGIN (implicit)
INFO:sqlalchemy.engine.Engine:SELECT events.id AS events_id, events.title AS events_title, events.link AS events_link, events.sub_links AS events_sub_links, events.image AS events_image, events.date AS events_date, events.start_time AS events_start_time, events.end_time AS events_end_time, events.location AS events_location, events.short_description AS events_short_description, events.full_description AS events_full_description, events.other_info AS events_other_info, events.cost AS events_cost, events.category AS events_category, events.created_at AS events_created_at, events.is_video AS events_is_video, events.is_new AS events_is_new, events.is_active AS events_is_active, events.updated_at AS events_updated_at, events.organization_id AS events_organization_id, events.organization_name AS events_organization_name 
FROM events 
WHERE events.organization_id = %(organization_id_1)s AND events.created_at >= %(created_at_1)s AND events.created_at <= %(created_at_2)s
INFO:sqlalchemy.engine.Engine:[cached since 0.004245s ago] {'organization_id_1': 10, 'created_at_1': datetime.datetime(2024, 4, 30, 0, 0), 'created_at_2': datetime.datetime(2024, 4, 30, 23, 59, 59)}
INFO:sqlalchemy.engine.Engine:ROLLBACK
INFO:sqlalchemy.engine.Engine:ROLLBACK
INFO:werkzeug:127.0.0.1 - - [30/Apr/2024 11:53:11] "GET /api/v1/events/10 HTTP/1.1" 200 -
INFO:werkzeug:127.0.0.1 - - [30/Apr/2024 11:53:11] "GET /api/v1/events/10 HTTP/1.1" 200 -
INFO:sqlalchemy.engine.Engine:BEGIN (implicit)
INFO:sqlalchemy.engine.Engine:BEGIN (implicit)
INFO:sqlalchemy.engine.Engine:SELECT events.id AS events_id, events.title AS events_title, events.link AS events_link, events.sub_links AS events_sub_links, events.image AS events_image, events.date AS events_date, events.start_time AS events_start_time, events.end_time AS events_end_time, events.location AS events_location, events.short_description AS events_short_description, events.full_description AS events_full_description, events.other_info AS events_other_info, events.cost AS events_cost, events.category AS events_category, events.created_at AS events_created_at, events.is_video AS events_is_video, events.is_new AS events_is_new, events.is_active AS events_is_active, events.updated_at AS events_updated_at, events.organization_id AS events_organization_id, events.organization_name AS events_organization_name 
FROM events 
WHERE events.organization_id = %(organization_id_1)s AND events.created_at >= %(created_at_1)s AND events.created_at <= %(created_at_2)s
INFO:sqlalchemy.engine.Engine:SELECT events.id AS events_id, events.title AS events_title, events.link AS events_link, events.sub_links AS events_sub_links, events.image AS events_image, events.date AS events_date, events.start_time AS events_start_time, events.end_time AS events_end_time, events.location AS events_location, events.short_description AS events_short_description, events.full_description AS events_full_description, events.other_info AS events_other_info, events.cost AS events_cost, events.category AS events_category, events.created_at AS events_created_at, events.is_video AS events_is_video, events.is_new AS events_is_new, events.is_active AS events_is_active, events.updated_at AS events_updated_at, events.organization_id AS events_organization_id, events.organization_name AS events_organization_name 
FROM events 
WHERE events.organization_id = %(organization_id_1)s AND events.created_at >= %(created_at_1)s AND events.created_at <= %(created_at_2)s
INFO:sqlalchemy.engine.Engine:[cached since 0.2269s ago] {'organization_id_1': 4, 'created_at_1': datetime.datetime(2024, 4, 30, 0, 0), 'created_at_2': datetime.datetime(2024, 4, 30, 23, 59, 59)}
INFO:sqlalchemy.engine.Engine:[cached since 0.2272s ago] {'organization_id_1': 4, 'created_at_1': datetime.datetime(2024, 4, 30, 0, 0), 'created_at_2': datetime.datetime(2024, 4, 30, 23, 59, 59)}
INFO:sqlalchemy.engine.Engine:ROLLBACK
INFO:sqlalchemy.engine.Engine:ROLLBACK
INFO:werkzeug:127.0.0.1 - - [30/Apr/2024 11:53:11] "GET /api/v1/events/4 HTTP/1.1" 200 -
INFO:werkzeug:127.0.0.1 - - [30/Apr/2024 11:53:11] "GET /api/v1/events/4 HTTP/1.1" 200 -
INFO:werkzeug:127.0.0.1 - - [30/Apr/2024 11:53:12] "GET /api/v1/events/10 HTTP/1.1" 200 -
INFO:sqlalchemy.engine.Engine:BEGIN (implicit)
INFO:sqlalchemy.engine.Engine:SELECT prayer_times.id AS prayer_times_id, prayer_times.prayer_name AS prayer_times_prayer_name, prayer_times.athan_time AS prayer_times_athan_time, prayer_times.iqama_time AS prayer_times_iqama_time, prayer_times.jumuah_time AS prayer_times_jumuah_time, prayer_times.jumuah_time2 AS prayer_times_jumuah_time2, prayer_times.created_at AS prayer_times_created_at, prayer_times.organization_id AS prayer_times_organization_id, prayer_times.organization_name AS prayer_times_organization_name 
FROM prayer_times 
WHERE prayer_times.organization_id = %(organization_id_1)s AND prayer_times.created_at >= %(created_at_1)s AND prayer_times.created_at <= %(created_at_2)s
INFO:werkzeug:127.0.0.1 - - [30/Apr/2024 11:53:12] "GET /api/v1/events/10 HTTP/1.1" 200 -
INFO:sqlalchemy.engine.Engine:[generated in 0.00121s] {'organization_id_1': 3, 'created_at_1': datetime.datetime(2024, 4, 30, 0, 0), 'created_at_2': datetime.datetime(2024, 4, 30, 23, 59, 59)}
INFO:sqlalchemy.engine.Engine:ROLLBACK
INFO:sqlalchemy.engine.Engine:BEGIN (implicit)
INFO:werkzeug:127.0.0.1 - - [30/Apr/2024 11:53:12] "GET /api/v1/prayer_times/3 HTTP/1.1" 200 -
INFO:sqlalchemy.engine.Engine:SELECT prayer_times.id AS prayer_times_id, prayer_times.prayer_name AS prayer_times_prayer_name, prayer_times.athan_time AS prayer_times_athan_time, prayer_times.iqama_time AS prayer_times_iqama_time, prayer_times.jumuah_time AS prayer_times_jumuah_time, prayer_times.jumuah_time2 AS prayer_times_jumuah_time2, prayer_times.created_at AS prayer_times_created_at, prayer_times.organization_id AS prayer_times_organization_id, prayer_times.organization_name AS prayer_times_organization_name 
FROM prayer_times 
WHERE prayer_times.organization_id = %(organization_id_1)s AND prayer_times.created_at >= %(created_at_1)s AND prayer_times.created_at <= %(created_at_2)s
INFO:sqlalchemy.engine.Engine:[cached since 0.012s ago] {'organization_id_1': 3, 'created_at_1': datetime.datetime(2024, 4, 30, 0, 0), 'created_at_2': datetime.datetime(2024, 4, 30, 23, 59, 59)}
INFO:sqlalchemy.engine.Engine:ROLLBACK
INFO:werkzeug:127.0.0.1 - - [30/Apr/2024 11:53:12] "GET /api/v1/prayer_times/3 HTTP/1.1" 200 -
INFO:werkzeug:127.0.0.1 - - [30/Apr/2024 11:53:12] "GET /api/v1/events/4 HTTP/1.1" 200 -
INFO:werkzeug:127.0.0.1 - - [30/Apr/2024 11:53:12] "GET /api/v1/events/4 HTTP/1.1" 200 -
INFO:werkzeug:127.0.0.1 - - [30/Apr/2024 12:14:16] "GET /api/v1/events/10 HTTP/1.1" 200 -
INFO:werkzeug:127.0.0.1 - - [30/Apr/2024 12:14:16] "GET /api/v1/events/10 HTTP/1.1" 200 -
INFO:werkzeug:127.0.0.1 - - [30/Apr/2024 12:14:16] "GET /api/v1/events/4 HTTP/1.1" 200 -
INFO:werkzeug:127.0.0.1 - - [30/Apr/2024 12:14:16] "GET /api/v1/events/4 HTTP/1.1" 200 -
INFO:werkzeug:127.0.0.1 - - [30/Apr/2024 12:14:16] "GET /api/v1/events/10 HTTP/1.1" 200 -
INFO:werkzeug:127.0.0.1 - - [30/Apr/2024 12:14:16] "GET /api/v1/events/10 HTTP/1.1" 200 -
INFO:werkzeug:127.0.0.1 - - [30/Apr/2024 12:14:16] "GET /api/v1/prayer_times/3 HTTP/1.1" 200 -
INFO:werkzeug:127.0.0.1 - - [30/Apr/2024 12:14:16] "GET /api/v1/prayer_times/3 HTTP/1.1" 200 -
INFO:werkzeug:127.0.0.1 - - [30/Apr/2024 12:14:16] "GET /api/v1/events/4 HTTP/1.1" 200 -
INFO:werkzeug:127.0.0.1 - - [30/Apr/2024 12:14:16] "GET /api/v1/events/4 HTTP/1.1" 200 -
INFO:werkzeug:127.0.0.1 - - [30/Apr/2024 12:16:33] "GET /api/v1/events/10 HTTP/1.1" 200 -
INFO:werkzeug:127.0.0.1 - - [30/Apr/2024 12:16:33] "GET /api/v1/events/4 HTTP/1.1" 200 -
INFO:werkzeug:127.0.0.1 - - [30/Apr/2024 12:17:06] "GET /api/v1/events/10 HTTP/1.1" 200 -
INFO:werkzeug:127.0.0.1 - - [30/Apr/2024 12:17:06] "GET /api/v1/events/10 HTTP/1.1" 200 -
INFO:werkzeug:127.0.0.1 - - [30/Apr/2024 12:17:06] "GET /api/v1/events/4 HTTP/1.1" 200 -
INFO:werkzeug:127.0.0.1 - - [30/Apr/2024 12:17:06] "GET /api/v1/events/4 HTTP/1.1" 200 -
INFO:werkzeug:127.0.0.1 - - [30/Apr/2024 12:17:06] "GET /api/v1/events/10 HTTP/1.1" 200 -
INFO:werkzeug:127.0.0.1 - - [30/Apr/2024 12:17:06] "GET /api/v1/prayer_times/3 HTTP/1.1" 200 -
INFO:werkzeug:127.0.0.1 - - [30/Apr/2024 12:17:06] "GET /api/v1/events/10 HTTP/1.1" 200 -
INFO:werkzeug:127.0.0.1 - - [30/Apr/2024 12:17:06] "GET /api/v1/prayer_times/3 HTTP/1.1" 200 -
INFO:werkzeug:127.0.0.1 - - [30/Apr/2024 12:17:06] "GET /api/v1/events/4 HTTP/1.1" 200 -
INFO:werkzeug:127.0.0.1 - - [30/Apr/2024 12:17:06] "GET /api/v1/events/4 HTTP/1.1" 200 -
INFO:werkzeug:127.0.0.1 - - [30/Apr/2024 12:17:12] "GET /api/v1/events/10 HTTP/1.1" 200 -
INFO:werkzeug:127.0.0.1 - - [30/Apr/2024 12:17:12] "GET /api/v1/events/4 HTTP/1.1" 200 -
INFO:werkzeug:127.0.0.1 - - [30/Apr/2024 12:17:19] "GET /api/v1/events/10 HTTP/1.1" 200 -
INFO:werkzeug:127.0.0.1 - - [30/Apr/2024 12:17:19] "GET /api/v1/events/4 HTTP/1.1" 200 -
INFO:werkzeug:127.0.0.1 - - [30/Apr/2024 12:17:27] "GET /api/v1/events/10 HTTP/1.1" 200 -
INFO:werkzeug:127.0.0.1 - - [30/Apr/2024 12:17:27] "GET /api/v1/events/4 HTTP/1.1" 200 -
INFO:sqlalchemy.engine.Engine:BEGIN (implicit)
INFO:sqlalchemy.engine.Engine:SELECT prayer_times.id AS prayer_times_id, prayer_times.prayer_name AS prayer_times_prayer_name, prayer_times.athan_time AS prayer_times_athan_time, prayer_times.iqama_time AS prayer_times_iqama_time, prayer_times.jumuah_time AS prayer_times_jumuah_time, prayer_times.jumuah_time2 AS prayer_times_jumuah_time2, prayer_times.created_at AS prayer_times_created_at, prayer_times.organization_id AS prayer_times_organization_id, prayer_times.organization_name AS prayer_times_organization_name 
FROM prayer_times 
WHERE prayer_times.created_at >= %(created_at_1)s AND prayer_times.created_at <= %(created_at_2)s
INFO:sqlalchemy.engine.Engine:BEGIN (implicit)
INFO:sqlalchemy.engine.Engine:[generated in 0.00218s] {'created_at_1': datetime.datetime(2024, 4, 30, 0, 0), 'created_at_2': datetime.datetime(2024, 4, 30, 23, 59, 59)}
INFO:sqlalchemy.engine.Engine:SELECT prayer_times.id AS prayer_times_id, prayer_times.prayer_name AS prayer_times_prayer_name, prayer_times.athan_time AS prayer_times_athan_time, prayer_times.iqama_time AS prayer_times_iqama_time, prayer_times.jumuah_time AS prayer_times_jumuah_time, prayer_times.jumuah_time2 AS prayer_times_jumuah_time2, prayer_times.created_at AS prayer_times_created_at, prayer_times.organization_id AS prayer_times_organization_id, prayer_times.organization_name AS prayer_times_organization_name 
FROM prayer_times 
WHERE prayer_times.created_at >= %(created_at_1)s AND prayer_times.created_at <= %(created_at_2)s
INFO:sqlalchemy.engine.Engine:[cached since 0.003582s ago] {'created_at_1': datetime.datetime(2024, 4, 30, 0, 0), 'created_at_2': datetime.datetime(2024, 4, 30, 23, 59, 59)}
INFO:sqlalchemy.engine.Engine:ROLLBACK
INFO:sqlalchemy.engine.Engine:ROLLBACK
INFO:werkzeug:127.0.0.1 - - [30/Apr/2024 12:17:30] "GET /api/v1/prayer_times HTTP/1.1" 200 -
INFO:werkzeug:127.0.0.1 - - [30/Apr/2024 12:17:30] "GET /api/v1/prayer_times HTTP/1.1" 200 -
INFO:werkzeug:127.0.0.1 - - [30/Apr/2024 12:17:31] "GET /api/v1/organizations HTTP/1.1" 200 -
INFO:werkzeug:127.0.0.1 - - [30/Apr/2024 12:17:31] "GET /api/v1/organizations HTTP/1.1" 200 -
INFO:werkzeug:127.0.0.1 - - [30/Apr/2024 12:17:32] "GET /api/v1/organizations HTTP/1.1" 200 -
INFO:werkzeug:127.0.0.1 - - [30/Apr/2024 12:17:32] "GET /api/v1/organizations HTTP/1.1" 200 -
INFO:sqlalchemy.engine.Engine:BEGIN (implicit)
INFO:sqlalchemy.engine.Engine:SELECT events.id AS events_id, events.title AS events_title, events.link AS events_link, events.sub_links AS events_sub_links, events.image AS events_image, events.date AS events_date, events.start_time AS events_start_time, events.end_time AS events_end_time, events.location AS events_location, events.short_description AS events_short_description, events.full_description AS events_full_description, events.other_info AS events_other_info, events.cost AS events_cost, events.category AS events_category, events.created_at AS events_created_at, events.is_video AS events_is_video, events.is_new AS events_is_new, events.is_active AS events_is_active, events.updated_at AS events_updated_at, events.organization_id AS events_organization_id, events.organization_name AS events_organization_name 
FROM events 
WHERE events.is_active = true
INFO:sqlalchemy.engine.Engine:[generated in 0.00110s] {}
INFO:sqlalchemy.engine.Engine:ROLLBACK
INFO:werkzeug:127.0.0.1 - - [30/Apr/2024 12:17:32] "GET /api/v1/events HTTP/1.1" 200 -
INFO:werkzeug:127.0.0.1 - - [30/Apr/2024 12:17:32] "GET /api/v1/events HTTP/1.1" 200 -
INFO:sqlalchemy.engine.Engine:BEGIN (implicit)
INFO:sqlalchemy.engine.Engine:BEGIN (implicit)
INFO:sqlalchemy.engine.Engine:SELECT organizations.id AS organizations_id, organizations.name AS organizations_name, organizations.name_short AS organizations_name_short, organizations.location AS organizations_location, organizations.phone_number AS organizations_phone_number, organizations.email AS organizations_email, organizations.description AS organizations_description, organizations.image AS organizations_image, organizations.website AS organizations_website, organizations.facebook AS organizations_facebook, organizations.twitter AS organizations_twitter, organizations.instagram AS organizations_instagram, organizations.youtube AS organizations_youtube 
FROM organizations 
WHERE organizations.id = %(id_1)s 
 LIMIT %(param_1)s
INFO:sqlalchemy.engine.Engine:[cached since 0.001164s ago] {'id_1': 3, 'param_1': 1}
INFO:sqlalchemy.engine.Engine:ROLLBACK
INFO:werkzeug:127.0.0.1 - - [30/Apr/2024 12:17:33] "GET /api/v1/organizations/3/image HTTP/1.1" 200 -
INFO:sqlalchemy.engine.Engine:SELECT organizations.id AS organizations_id, organizations.name AS organizations_name, organizations.name_short AS organizations_name_short, organizations.location AS organizations_location, organizations.phone_number AS organizations_phone_number, organizations.email AS organizations_email, organizations.description AS organizations_description, organizations.image AS organizations_image, organizations.website AS organizations_website, organizations.facebook AS organizations_facebook, organizations.twitter AS organizations_twitter, organizations.instagram AS organizations_instagram, organizations.youtube AS organizations_youtube 
FROM organizations 
WHERE organizations.id = %(id_1)s 
 LIMIT %(param_1)s
INFO:werkzeug:127.0.0.1 - - [30/Apr/2024 12:17:33] "GET /api/v1/organizations/3/image HTTP/1.1" 200 -
INFO:sqlalchemy.engine.Engine:[generated in 0.00644s] {'id_1': 3, 'param_1': 1}
INFO:werkzeug:127.0.0.1 - - [30/Apr/2024 12:17:33] "GET /api/v1/organizations/3/image HTTP/1.1" 200 -
INFO:werkzeug:127.0.0.1 - - [30/Apr/2024 12:17:33] "GET /api/v1/organizations/3/image HTTP/1.1" 200 -
INFO:sqlalchemy.engine.Engine:ROLLBACK
INFO:sqlalchemy.engine.Engine:BEGIN (implicit)
INFO:werkzeug:127.0.0.1 - - [30/Apr/2024 12:17:33] "GET /api/v1/organizations/3/image HTTP/1.1" 200 -
INFO:sqlalchemy.engine.Engine:SELECT organizations.id AS organizations_id, organizations.name AS organizations_name, organizations.name_short AS organizations_name_short, organizations.location AS organizations_location, organizations.phone_number AS organizations_phone_number, organizations.email AS organizations_email, organizations.description AS organizations_description, organizations.image AS organizations_image, organizations.website AS organizations_website, organizations.facebook AS organizations_facebook, organizations.twitter AS organizations_twitter, organizations.instagram AS organizations_instagram, organizations.youtube AS organizations_youtube 
FROM organizations 
WHERE organizations.id = %(id_1)s 
 LIMIT %(param_1)s
INFO:sqlalchemy.engine.Engine:[cached since 0.02346s ago] {'id_1': 3, 'param_1': 1}
INFO:sqlalchemy.engine.Engine:ROLLBACK
INFO:werkzeug:127.0.0.1 - - [30/Apr/2024 12:17:33] "GET /api/v1/organizations/3/image HTTP/1.1" 200 -
INFO:werkzeug:127.0.0.1 - - [30/Apr/2024 13:15:50] "GET /api/v1/events/10 HTTP/1.1" 200 -
INFO:werkzeug:127.0.0.1 - - [30/Apr/2024 13:15:50] "GET /api/v1/events/10 HTTP/1.1" 200 -
INFO:werkzeug:127.0.0.1 - - [30/Apr/2024 13:15:50] "GET /logo.png HTTP/1.1" 200 -
INFO:werkzeug:127.0.0.1 - - [30/Apr/2024 13:15:51] "GET /api/v1/events/4 HTTP/1.1" 200 -
INFO:werkzeug:127.0.0.1 - - [30/Apr/2024 13:15:51] "GET /api/v1/events/4 HTTP/1.1" 200 -
INFO:werkzeug:127.0.0.1 - - [30/Apr/2024 13:15:51] "GET /api/v1/events/10 HTTP/1.1" 200 -
INFO:werkzeug:127.0.0.1 - - [30/Apr/2024 13:15:51] "GET /api/v1/events/10 HTTP/1.1" 200 -
INFO:werkzeug:127.0.0.1 - - [30/Apr/2024 13:15:51] "GET /api/v1/prayer_times/3 HTTP/1.1" 200 -
INFO:werkzeug:127.0.0.1 - - [30/Apr/2024 13:15:51] "GET /api/v1/prayer_times/3 HTTP/1.1" 200 -
INFO:werkzeug:127.0.0.1 - - [30/Apr/2024 13:15:51] "GET /api/v1/events/4 HTTP/1.1" 200 -
INFO:werkzeug:127.0.0.1 - - [30/Apr/2024 13:15:51] "GET /api/v1/events/4 HTTP/1.1" 200 -
INFO:werkzeug:127.0.0.1 - - [30/Apr/2024 13:16:08] "GET /api/v1/events/10 HTTP/1.1" 200 -
INFO:werkzeug:127.0.0.1 - - [30/Apr/2024 13:16:08] "GET /api/v1/events/10 HTTP/1.1" 200 -
INFO:werkzeug:127.0.0.1 - - [30/Apr/2024 13:16:08] "GET /api/v1/events/4 HTTP/1.1" 200 -
INFO:werkzeug:127.0.0.1 - - [30/Apr/2024 13:16:08] "GET /api/v1/events/4 HTTP/1.1" 200 -
INFO:werkzeug:127.0.0.1 - - [30/Apr/2024 13:16:08] "GET /api/v1/events/10 HTTP/1.1" 200 -
INFO:werkzeug:127.0.0.1 - - [30/Apr/2024 13:16:08] "GET /api/v1/events/10 HTTP/1.1" 200 -
INFO:werkzeug:127.0.0.1 - - [30/Apr/2024 13:16:08] "GET /api/v1/prayer_times/3 HTTP/1.1" 200 -
INFO:werkzeug:127.0.0.1 - - [30/Apr/2024 13:16:08] "GET /api/v1/prayer_times/3 HTTP/1.1" 200 -
INFO:werkzeug:127.0.0.1 - - [30/Apr/2024 13:16:08] "GET /api/v1/events/4 HTTP/1.1" 200 -
INFO:werkzeug:127.0.0.1 - - [30/Apr/2024 13:16:08] "GET /api/v1/events/4 HTTP/1.1" 200 -
INFO:werkzeug:127.0.0.1 - - [30/Apr/2024 13:16:09] "GET /logo.png HTTP/1.1" 200 -
INFO:werkzeug:127.0.0.1 - - [30/Apr/2024 13:16:13] "GET /api/v1/events/10 HTTP/1.1" 200 -
INFO:werkzeug:127.0.0.1 - - [30/Apr/2024 13:16:13] "GET /api/v1/events/10 HTTP/1.1" 200 -
INFO:werkzeug:127.0.0.1 - - [30/Apr/2024 13:16:14] "GET /api/v1/events/4 HTTP/1.1" 200 -
INFO:werkzeug:127.0.0.1 - - [30/Apr/2024 13:16:14] "GET /api/v1/events/4 HTTP/1.1" 200 -
INFO:werkzeug:127.0.0.1 - - [30/Apr/2024 13:16:14] "GET /api/v1/events/10 HTTP/1.1" 200 -
INFO:werkzeug:127.0.0.1 - - [30/Apr/2024 13:16:14] "GET /api/v1/prayer_times/3 HTTP/1.1" 200 -
INFO:werkzeug:127.0.0.1 - - [30/Apr/2024 13:16:14] "GET /api/v1/events/10 HTTP/1.1" 200 -
INFO:werkzeug:127.0.0.1 - - [30/Apr/2024 13:16:14] "GET /api/v1/prayer_times/3 HTTP/1.1" 200 -
INFO:werkzeug:127.0.0.1 - - [30/Apr/2024 13:16:14] "GET /api/v1/events/4 HTTP/1.1" 200 -
INFO:werkzeug:127.0.0.1 - - [30/Apr/2024 13:16:14] "GET /api/v1/events/4 HTTP/1.1" 200 -
INFO:werkzeug:127.0.0.1 - - [30/Apr/2024 13:17:02] "GET /api/v1/events/10 HTTP/1.1" 200 -
INFO:werkzeug:127.0.0.1 - - [30/Apr/2024 13:17:02] "GET /api/v1/events/4 HTTP/1.1" 200 -
INFO:werkzeug:127.0.0.1 - - [30/Apr/2024 13:17:05] "GET /api/v1/events/10 HTTP/1.1" 200 -
INFO:werkzeug:127.0.0.1 - - [30/Apr/2024 13:17:05] "GET /api/v1/events/4 HTTP/1.1" 200 -
INFO:werkzeug:127.0.0.1 - - [30/Apr/2024 13:17:09] "GET /api/v1/events/10 HTTP/1.1" 200 -
INFO:werkzeug:127.0.0.1 - - [30/Apr/2024 13:17:09] "GET /api/v1/events/4 HTTP/1.1" 200 -
INFO:werkzeug:127.0.0.1 - - [30/Apr/2024 13:17:12] "GET /api/v1/events/10 HTTP/1.1" 200 -
INFO:werkzeug:127.0.0.1 - - [30/Apr/2024 13:17:12] "GET /api/v1/events/4 HTTP/1.1" 200 -
INFO:werkzeug:127.0.0.1 - - [01/May/2024 10:32:27] "GET /logo.png HTTP/1.1" 200 -
INFO:werkzeug:127.0.0.1 - - [01/May/2024 10:32:27] "GET /api/v1/prayer_times HTTP/1.1" 200 -
INFO:werkzeug:127.0.0.1 - - [01/May/2024 10:32:27] "GET /api/v1/prayer_times HTTP/1.1" 200 -
INFO:werkzeug:127.0.0.1 - - [01/May/2024 10:32:27] "GET /api/v1/organizations HTTP/1.1" 200 -
INFO:werkzeug:127.0.0.1 - - [01/May/2024 10:32:27] "GET /api/v1/organizations HTTP/1.1" 200 -
INFO:werkzeug:127.0.0.1 - - [01/May/2024 10:32:29] "GET /logo.png HTTP/1.1" 200 -
INFO:werkzeug:127.0.0.1 - - [01/May/2024 10:32:29] "GET /api/v1/organizations HTTP/1.1" 200 -
INFO:werkzeug:127.0.0.1 - - [01/May/2024 10:32:29] "GET /api/v1/organizations HTTP/1.1" 200 -
INFO:werkzeug:127.0.0.1 - - [01/May/2024 10:32:29] "GET /api/v1/events HTTP/1.1" 200 -
INFO:werkzeug:127.0.0.1 - - [01/May/2024 10:32:29] "GET /api/v1/events HTTP/1.1" 200 -
INFO:werkzeug:127.0.0.1 - - [01/May/2024 10:32:29] "GET /api/v1/organizations/3/image HTTP/1.1" 200 -
INFO:werkzeug:127.0.0.1 - - [01/May/2024 10:32:29] "GET /api/v1/organizations/3/image HTTP/1.1" 200 -
INFO:werkzeug:127.0.0.1 - - [01/May/2024 10:32:29] "GET /api/v1/organizations/3/image HTTP/1.1" 200 -
INFO:werkzeug:127.0.0.1 - - [01/May/2024 10:32:29] "GET /api/v1/organizations/3/image HTTP/1.1" 200 -
INFO:werkzeug:127.0.0.1 - - [01/May/2024 10:32:29] "GET /api/v1/organizations/3/image HTTP/1.1" 200 -
INFO:werkzeug:127.0.0.1 - - [01/May/2024 10:32:29] "GET /api/v1/organizations/3/image HTTP/1.1" 200 -
INFO:werkzeug:127.0.0.1 - - [01/May/2024 10:43:33] "GET /api/v1/events/10 HTTP/1.1" 200 -
INFO:werkzeug:127.0.0.1 - - [01/May/2024 10:43:33] "GET /api/v1/events/10 HTTP/1.1" 200 -
INFO:werkzeug:127.0.0.1 - - [01/May/2024 10:43:33] "GET /api/v1/events/4 HTTP/1.1" 200 -
INFO:werkzeug:127.0.0.1 - - [01/May/2024 10:43:34] "GET /api/v1/events/4 HTTP/1.1" 200 -
INFO:werkzeug:127.0.0.1 - - [01/May/2024 10:43:34] "GET /api/v1/events/10 HTTP/1.1" 200 -
INFO:werkzeug:127.0.0.1 - - [01/May/2024 10:43:34] "GET /api/v1/prayer_times/3 HTTP/1.1" 200 -
INFO:werkzeug:127.0.0.1 - - [01/May/2024 10:43:34] "GET /api/v1/events/10 HTTP/1.1" 200 -
INFO:werkzeug:127.0.0.1 - - [01/May/2024 10:43:34] "GET /api/v1/events/4 HTTP/1.1" 200 -
INFO:werkzeug:127.0.0.1 - - [01/May/2024 10:43:34] "GET /api/v1/prayer_times/3 HTTP/1.1" 200 -
INFO:werkzeug:127.0.0.1 - - [01/May/2024 10:43:34] "GET /api/v1/events/4 HTTP/1.1" 200 -
INFO:werkzeug:127.0.0.1 - - [01/May/2024 10:43:36] "GET /api/v1/organizations HTTP/1.1" 200 -
INFO:werkzeug:127.0.0.1 - - [01/May/2024 10:43:36] "GET /api/v1/events HTTP/1.1" 200 -
INFO:werkzeug:127.0.0.1 - - [01/May/2024 10:43:36] "GET /api/v1/organizations HTTP/1.1" 200 -
INFO:werkzeug:127.0.0.1 - - [01/May/2024 10:43:36] "GET /api/v1/events HTTP/1.1" 200 -
INFO:werkzeug:127.0.0.1 - - [01/May/2024 10:43:36] "GET /api/v1/organizations/3/image HTTP/1.1" 200 -
INFO:werkzeug:127.0.0.1 - - [01/May/2024 10:43:36] "GET /api/v1/organizations/3/image HTTP/1.1" 200 -
INFO:werkzeug:127.0.0.1 - - [01/May/2024 10:43:37] "GET /api/v1/organizations/3/image HTTP/1.1" 200 -
INFO:werkzeug:127.0.0.1 - - [01/May/2024 10:43:37] "GET /api/v1/organizations/3/image HTTP/1.1" 200 -
INFO:werkzeug:127.0.0.1 - - [01/May/2024 10:43:37] "GET /api/v1/organizations/3/image HTTP/1.1" 200 -
INFO:werkzeug:127.0.0.1 - - [01/May/2024 10:43:37] "GET /api/v1/organizations/3/image HTTP/1.1" 200 -
INFO:werkzeug:127.0.0.1 - - [01/May/2024 10:43:58] "GET /logo.png HTTP/1.1" 200 -
INFO:werkzeug:127.0.0.1 - - [01/May/2024 10:43:58] "GET /api/v1/organizations HTTP/1.1" 200 -
INFO:werkzeug:127.0.0.1 - - [01/May/2024 10:43:58] "GET /api/v1/events HTTP/1.1" 200 -
INFO:werkzeug:127.0.0.1 - - [01/May/2024 10:43:58] "GET /api/v1/organizations HTTP/1.1" 200 -
INFO:werkzeug:127.0.0.1 - - [01/May/2024 10:43:58] "GET /api/v1/events HTTP/1.1" 200 -
INFO:werkzeug:127.0.0.1 - - [01/May/2024 10:43:58] "GET /api/v1/organizations/3/image HTTP/1.1" 200 -
INFO:werkzeug:127.0.0.1 - - [01/May/2024 10:43:58] "GET /api/v1/organizations/3/image HTTP/1.1" 200 -
INFO:werkzeug:127.0.0.1 - - [01/May/2024 10:43:58] "GET /api/v1/organizations/3/image HTTP/1.1" 200 -
INFO:werkzeug:127.0.0.1 - - [01/May/2024 10:43:58] "GET /api/v1/organizations/3/image HTTP/1.1" 200 -
INFO:werkzeug:127.0.0.1 - - [01/May/2024 10:43:58] "GET /api/v1/organizations/3/image HTTP/1.1" 200 -
INFO:werkzeug:127.0.0.1 - - [01/May/2024 10:43:58] "GET /api/v1/organizations/3/image HTTP/1.1" 200 -
INFO:werkzeug:127.0.0.1 - - [01/May/2024 11:07:21] "GET /logo.png HTTP/1.1" 200 -
INFO:werkzeug:127.0.0.1 - - [01/May/2024 11:07:21] "GET /api/v1/organizations HTTP/1.1" 200 -
INFO:werkzeug:127.0.0.1 - - [01/May/2024 11:07:21] "GET /api/v1/organizations HTTP/1.1" 200 -
INFO:werkzeug:127.0.0.1 - - [01/May/2024 11:07:21] "GET /api/v1/events HTTP/1.1" 200 -
INFO:werkzeug:127.0.0.1 - - [01/May/2024 11:07:21] "GET /api/v1/events HTTP/1.1" 200 -
INFO:werkzeug:127.0.0.1 - - [01/May/2024 11:07:21] "GET /api/v1/organizations/3/image HTTP/1.1" 200 -
INFO:werkzeug:127.0.0.1 - - [01/May/2024 11:07:21] "GET /api/v1/organizations/3/image HTTP/1.1" 200 -
INFO:werkzeug:127.0.0.1 - - [01/May/2024 11:07:21] "GET /api/v1/organizations/3/image HTTP/1.1" 200 -
INFO:werkzeug:127.0.0.1 - - [01/May/2024 11:07:21] "GET /api/v1/organizations/3/image HTTP/1.1" 200 -
INFO:werkzeug:127.0.0.1 - - [01/May/2024 11:07:21] "GET /api/v1/organizations/3/image HTTP/1.1" 200 -
INFO:werkzeug:127.0.0.1 - - [01/May/2024 11:07:21] "GET /api/v1/organizations/3/image HTTP/1.1" 200 -
INFO:werkzeug:127.0.0.1 - - [01/May/2024 11:13:28] "GET /api/v1/organizations HTTP/1.1" 200 -
INFO:werkzeug:127.0.0.1 - - [01/May/2024 11:13:28] "GET /api/v1/events HTTP/1.1" 200 -
INFO:werkzeug:127.0.0.1 - - [01/May/2024 11:13:28] "GET /api/v1/organizations HTTP/1.1" 200 -
INFO:werkzeug:127.0.0.1 - - [01/May/2024 11:13:28] "GET /api/v1/events HTTP/1.1" 200 -
INFO:werkzeug:127.0.0.1 - - [01/May/2024 11:13:29] "GET /api/v1/organizations/3/image HTTP/1.1" 200 -
INFO:werkzeug:127.0.0.1 - - [01/May/2024 11:13:29] "GET /api/v1/organizations/3/image HTTP/1.1" 200 -
INFO:werkzeug:127.0.0.1 - - [01/May/2024 11:13:29] "GET /api/v1/organizations/3/image HTTP/1.1" 200 -
INFO:werkzeug:127.0.0.1 - - [01/May/2024 11:13:29] "GET /api/v1/organizations/3/image HTTP/1.1" 200 -
INFO:werkzeug:127.0.0.1 - - [01/May/2024 11:13:29] "GET /api/v1/organizations/3/image HTTP/1.1" 200 -
INFO:werkzeug:127.0.0.1 - - [01/May/2024 11:13:29] "GET /api/v1/organizations/3/image HTTP/1.1" 200 -
INFO:werkzeug:127.0.0.1 - - [01/May/2024 11:19:52] "GET /api/v1/organizations HTTP/1.1" 200 -
INFO:werkzeug:127.0.0.1 - - [01/May/2024 11:19:52] "GET /api/v1/organizations HTTP/1.1" 200 -
INFO:werkzeug:127.0.0.1 - - [01/May/2024 11:19:52] "GET /api/v1/events HTTP/1.1" 200 -
INFO:werkzeug:127.0.0.1 - - [01/May/2024 11:19:52] "GET /api/v1/events HTTP/1.1" 200 -
INFO:werkzeug:127.0.0.1 - - [01/May/2024 11:19:52] "GET /api/v1/organizations/3/image HTTP/1.1" 200 -
INFO:werkzeug:127.0.0.1 - - [01/May/2024 11:19:52] "GET /api/v1/organizations/3/image HTTP/1.1" 200 -
INFO:werkzeug:127.0.0.1 - - [01/May/2024 11:19:52] "GET /api/v1/organizations/3/image HTTP/1.1" 200 -
INFO:werkzeug:127.0.0.1 - - [01/May/2024 11:19:52] "GET /api/v1/organizations/3/image HTTP/1.1" 200 -
INFO:werkzeug:127.0.0.1 - - [01/May/2024 11:19:52] "GET /api/v1/organizations/3/image HTTP/1.1" 200 -
INFO:werkzeug:127.0.0.1 - - [01/May/2024 11:19:52] "GET /api/v1/organizations/3/image HTTP/1.1" 200 -
INFO:werkzeug:127.0.0.1 - - [01/May/2024 11:26:04] "GET /api/v1/organizations HTTP/1.1" 200 -
INFO:werkzeug:127.0.0.1 - - [01/May/2024 11:26:04] "GET /api/v1/events HTTP/1.1" 200 -
INFO:werkzeug:127.0.0.1 - - [01/May/2024 11:26:04] "GET /api/v1/organizations HTTP/1.1" 200 -
INFO:werkzeug:127.0.0.1 - - [01/May/2024 11:26:05] "GET /api/v1/events HTTP/1.1" 200 -
INFO:werkzeug:127.0.0.1 - - [01/May/2024 11:26:05] "GET /api/v1/organizations/3/image HTTP/1.1" 200 -
INFO:werkzeug:127.0.0.1 - - [01/May/2024 11:26:05] "GET /api/v1/organizations/3/image HTTP/1.1" 200 -
INFO:werkzeug:127.0.0.1 - - [01/May/2024 11:26:05] "GET /api/v1/organizations/3/image HTTP/1.1" 200 -
INFO:werkzeug:127.0.0.1 - - [01/May/2024 11:26:05] "GET /api/v1/organizations/3/image HTTP/1.1" 200 -
INFO:werkzeug:127.0.0.1 - - [01/May/2024 11:26:05] "GET /api/v1/organizations/3/image HTTP/1.1" 200 -
INFO:werkzeug:127.0.0.1 - - [01/May/2024 11:26:05] "GET /api/v1/organizations/3/image HTTP/1.1" 200 -
INFO:werkzeug:127.0.0.1 - - [01/May/2024 11:26:56] "GET /api/v1/organizations/3/image HTTP/1.1" 200 -
INFO:werkzeug:127.0.0.1 - - [01/May/2024 11:26:56] "GET /api/v1/organizations/3/image HTTP/1.1" 200 -
INFO:werkzeug:127.0.0.1 - - [01/May/2024 11:26:56] "GET /api/v1/organizations/3/image HTTP/1.1" 200 -
INFO:werkzeug:127.0.0.1 - - [01/May/2024 11:26:56] "GET /api/v1/organizations/3/image HTTP/1.1" 200 -
INFO:werkzeug:127.0.0.1 - - [01/May/2024 11:26:56] "GET /api/v1/organizations/3/image HTTP/1.1" 200 -
INFO:werkzeug:127.0.0.1 - - [01/May/2024 11:26:56] "GET /api/v1/organizations/3/image HTTP/1.1" 200 -
INFO:werkzeug:127.0.0.1 - - [01/May/2024 11:28:37] "GET /api/v1/events/10 HTTP/1.1" 200 -
INFO:werkzeug:127.0.0.1 - - [01/May/2024 11:28:37] "GET /api/v1/events/10 HTTP/1.1" 200 -
INFO:werkzeug:127.0.0.1 - - [01/May/2024 11:28:37] "GET /api/v1/events/4 HTTP/1.1" 200 -
INFO:werkzeug:127.0.0.1 - - [01/May/2024 11:28:37] "GET /api/v1/events/4 HTTP/1.1" 200 -
INFO:werkzeug:127.0.0.1 - - [01/May/2024 11:28:38] "GET /api/v1/events/10 HTTP/1.1" 200 -
INFO:werkzeug:127.0.0.1 - - [01/May/2024 11:28:38] "GET /api/v1/events/10 HTTP/1.1" 200 -
INFO:werkzeug:127.0.0.1 - - [01/May/2024 11:28:38] "GET /api/v1/prayer_times/3 HTTP/1.1" 200 -
INFO:werkzeug:127.0.0.1 - - [01/May/2024 11:28:38] "GET /api/v1/prayer_times/3 HTTP/1.1" 200 -
INFO:werkzeug:127.0.0.1 - - [01/May/2024 11:28:38] "GET /api/v1/events/4 HTTP/1.1" 200 -
INFO:werkzeug:127.0.0.1 - - [01/May/2024 11:28:38] "GET /api/v1/events/4 HTTP/1.1" 200 -
INFO:sqlalchemy.engine.Engine:BEGIN (implicit)
INFO:sqlalchemy.engine.Engine:BEGIN (implicit)
INFO:sqlalchemy.engine.Engine:SELECT events.id AS events_id, events.title AS events_title, events.link AS events_link, events.sub_links AS events_sub_links, events.image AS events_image, events.date AS events_date, events.start_time AS events_start_time, events.end_time AS events_end_time, events.location AS events_location, events.short_description AS events_short_description, events.full_description AS events_full_description, events.other_info AS events_other_info, events.cost AS events_cost, events.category AS events_category, events.created_at AS events_created_at, events.is_video AS events_is_video, events.is_new AS events_is_new, events.is_active AS events_is_active, events.updated_at AS events_updated_at, events.organization_id AS events_organization_id, events.organization_name AS events_organization_name 
FROM events 
WHERE events.organization_id = %(organization_id_1)s AND events.created_at >= %(created_at_1)s AND events.created_at <= %(created_at_2)s
INFO:sqlalchemy.engine.Engine:SELECT events.id AS events_id, events.title AS events_title, events.link AS events_link, events.sub_links AS events_sub_links, events.image AS events_image, events.date AS events_date, events.start_time AS events_start_time, events.end_time AS events_end_time, events.location AS events_location, events.short_description AS events_short_description, events.full_description AS events_full_description, events.other_info AS events_other_info, events.cost AS events_cost, events.category AS events_category, events.created_at AS events_created_at, events.is_video AS events_is_video, events.is_new AS events_is_new, events.is_active AS events_is_active, events.updated_at AS events_updated_at, events.organization_id AS events_organization_id, events.organization_name AS events_organization_name 
FROM events 
WHERE events.organization_id = %(organization_id_1)s AND events.created_at >= %(created_at_1)s AND events.created_at <= %(created_at_2)s
INFO:sqlalchemy.engine.Engine:[cached since 9.415e+04s ago] {'organization_id_1': 10, 'created_at_1': datetime.datetime(2024, 5, 1, 0, 0), 'created_at_2': datetime.datetime(2024, 5, 1, 23, 59, 59)}
INFO:sqlalchemy.engine.Engine:[cached since 9.415e+04s ago] {'organization_id_1': 10, 'created_at_1': datetime.datetime(2024, 5, 1, 0, 0), 'created_at_2': datetime.datetime(2024, 5, 1, 23, 59, 59)}
INFO:sqlalchemy.engine.Engine:ROLLBACK
INFO:sqlalchemy.engine.Engine:ROLLBACK
INFO:werkzeug:127.0.0.1 - - [01/May/2024 14:02:12] "GET /api/v1/events/10 HTTP/1.1" 200 -
INFO:werkzeug:127.0.0.1 - - [01/May/2024 14:02:12] "GET /api/v1/events/10 HTTP/1.1" 200 -
INFO:sqlalchemy.engine.Engine:BEGIN (implicit)
INFO:sqlalchemy.engine.Engine:SELECT events.id AS events_id, events.title AS events_title, events.link AS events_link, events.sub_links AS events_sub_links, events.image AS events_image, events.date AS events_date, events.start_time AS events_start_time, events.end_time AS events_end_time, events.location AS events_location, events.short_description AS events_short_description, events.full_description AS events_full_description, events.other_info AS events_other_info, events.cost AS events_cost, events.category AS events_category, events.created_at AS events_created_at, events.is_video AS events_is_video, events.is_new AS events_is_new, events.is_active AS events_is_active, events.updated_at AS events_updated_at, events.organization_id AS events_organization_id, events.organization_name AS events_organization_name 
FROM events 
WHERE events.organization_id = %(organization_id_1)s AND events.created_at >= %(created_at_1)s AND events.created_at <= %(created_at_2)s
INFO:sqlalchemy.engine.Engine:[cached since 9.415e+04s ago] {'organization_id_1': 4, 'created_at_1': datetime.datetime(2024, 5, 1, 0, 0), 'created_at_2': datetime.datetime(2024, 5, 1, 23, 59, 59)}
INFO:sqlalchemy.engine.Engine:ROLLBACK
INFO:werkzeug:127.0.0.1 - - [01/May/2024 14:02:12] "GET /api/v1/events/4 HTTP/1.1" 200 -
INFO:werkzeug:127.0.0.1 - - [01/May/2024 14:02:12] "GET /api/v1/events/4 HTTP/1.1" 200 -
INFO:werkzeug:127.0.0.1 - - [01/May/2024 14:02:12] "GET /api/v1/events/10 HTTP/1.1" 200 -
INFO:werkzeug:127.0.0.1 - - [01/May/2024 14:02:12] "GET /api/v1/events/10 HTTP/1.1" 200 -
INFO:werkzeug:127.0.0.1 - - [01/May/2024 14:02:12] "GET /api/v1/events/4 HTTP/1.1" 200 -
INFO:werkzeug:127.0.0.1 - - [01/May/2024 14:02:12] "GET /api/v1/events/4 HTTP/1.1" 200 -
INFO:werkzeug:127.0.0.1 - - [01/May/2024 14:02:53] "GET /api/v1/organizations HTTP/1.1" 200 -
INFO:werkzeug:127.0.0.1 - - [01/May/2024 14:02:53] "GET /api/v1/organizations HTTP/1.1" 200 -
INFO:sqlalchemy.engine.Engine:BEGIN (implicit)
INFO:sqlalchemy.engine.Engine:BEGIN (implicit)
INFO:sqlalchemy.engine.Engine:SELECT events.id AS events_id, events.title AS events_title, events.link AS events_link, events.sub_links AS events_sub_links, events.image AS events_image, events.date AS events_date, events.start_time AS events_start_time, events.end_time AS events_end_time, events.location AS events_location, events.short_description AS events_short_description, events.full_description AS events_full_description, events.other_info AS events_other_info, events.cost AS events_cost, events.category AS events_category, events.created_at AS events_created_at, events.is_video AS events_is_video, events.is_new AS events_is_new, events.is_active AS events_is_active, events.updated_at AS events_updated_at, events.organization_id AS events_organization_id, events.organization_name AS events_organization_name 
FROM events 
WHERE events.is_active = true
INFO:sqlalchemy.engine.Engine:SELECT events.id AS events_id, events.title AS events_title, events.link AS events_link, events.sub_links AS events_sub_links, events.image AS events_image, events.date AS events_date, events.start_time AS events_start_time, events.end_time AS events_end_time, events.location AS events_location, events.short_description AS events_short_description, events.full_description AS events_full_description, events.other_info AS events_other_info, events.cost AS events_cost, events.category AS events_category, events.created_at AS events_created_at, events.is_video AS events_is_video, events.is_new AS events_is_new, events.is_active AS events_is_active, events.updated_at AS events_updated_at, events.organization_id AS events_organization_id, events.organization_name AS events_organization_name 
FROM events 
WHERE events.is_active = true
INFO:sqlalchemy.engine.Engine:[cached since 9.273e+04s ago] {}
INFO:sqlalchemy.engine.Engine:[cached since 9.273e+04s ago] {}
INFO:sqlalchemy.engine.Engine:ROLLBACK
INFO:werkzeug:127.0.0.1 - - [01/May/2024 14:02:53] "GET /api/v1/events HTTP/1.1" 200 -
INFO:sqlalchemy.engine.Engine:ROLLBACK
INFO:werkzeug:127.0.0.1 - - [01/May/2024 14:02:53] "GET /api/v1/events HTTP/1.1" 200 -
INFO:sqlalchemy.engine.Engine:BEGIN (implicit)
INFO:sqlalchemy.engine.Engine:SELECT organizations.id AS organizations_id, organizations.name AS organizations_name, organizations.name_short AS organizations_name_short, organizations.location AS organizations_location, organizations.phone_number AS organizations_phone_number, organizations.email AS organizations_email, organizations.description AS organizations_description, organizations.image AS organizations_image, organizations.website AS organizations_website, organizations.facebook AS organizations_facebook, organizations.twitter AS organizations_twitter, organizations.instagram AS organizations_instagram, organizations.youtube AS organizations_youtube 
FROM organizations 
WHERE organizations.id = %(id_1)s 
 LIMIT %(param_1)s
INFO:sqlalchemy.engine.Engine:BEGIN (implicit)
INFO:sqlalchemy.engine.Engine:[cached since 9.273e+04s ago] {'id_1': 3, 'param_1': 1}
INFO:sqlalchemy.engine.Engine:SELECT organizations.id AS organizations_id, organizations.name AS organizations_name, organizations.name_short AS organizations_name_short, organizations.location AS organizations_location, organizations.phone_number AS organizations_phone_number, organizations.email AS organizations_email, organizations.description AS organizations_description, organizations.image AS organizations_image, organizations.website AS organizations_website, organizations.facebook AS organizations_facebook, organizations.twitter AS organizations_twitter, organizations.instagram AS organizations_instagram, organizations.youtube AS organizations_youtube 
FROM organizations 
WHERE organizations.id = %(id_1)s 
 LIMIT %(param_1)s
INFO:sqlalchemy.engine.Engine:[cached since 9.273e+04s ago] {'id_1': 3, 'param_1': 1}
INFO:sqlalchemy.engine.Engine:BEGIN (implicit)
INFO:sqlalchemy.engine.Engine:ROLLBACK
INFO:sqlalchemy.engine.Engine:ROLLBACK
INFO:werkzeug:127.0.0.1 - - [01/May/2024 14:02:54] "GET /api/v1/organizations/3/image HTTP/1.1" 200 -
INFO:werkzeug:127.0.0.1 - - [01/May/2024 14:02:54] "GET /api/v1/organizations/3/image HTTP/1.1" 200 -
INFO:sqlalchemy.engine.Engine:SELECT organizations.id AS organizations_id, organizations.name AS organizations_name, organizations.name_short AS organizations_name_short, organizations.location AS organizations_location, organizations.phone_number AS organizations_phone_number, organizations.email AS organizations_email, organizations.description AS organizations_description, organizations.image AS organizations_image, organizations.website AS organizations_website, organizations.facebook AS organizations_facebook, organizations.twitter AS organizations_twitter, organizations.instagram AS organizations_instagram, organizations.youtube AS organizations_youtube 
FROM organizations 
WHERE organizations.id = %(id_1)s 
 LIMIT %(param_1)s
INFO:werkzeug:127.0.0.1 - - [01/May/2024 14:02:54] "GET /api/v1/organizations/3/image HTTP/1.1" 200 -
INFO:werkzeug:127.0.0.1 - - [01/May/2024 14:02:54] "GET /api/v1/organizations/3/image HTTP/1.1" 200 -
INFO:sqlalchemy.engine.Engine:[cached since 9.273e+04s ago] {'id_1': 3, 'param_1': 1}
INFO:sqlalchemy.engine.Engine:ROLLBACK
INFO:werkzeug:127.0.0.1 - - [01/May/2024 14:02:54] "GET /api/v1/organizations/3/image HTTP/1.1" 200 -
INFO:sqlalchemy.engine.Engine:BEGIN (implicit)
INFO:sqlalchemy.engine.Engine:SELECT organizations.id AS organizations_id, organizations.name AS organizations_name, organizations.name_short AS organizations_name_short, organizations.location AS organizations_location, organizations.phone_number AS organizations_phone_number, organizations.email AS organizations_email, organizations.description AS organizations_description, organizations.image AS organizations_image, organizations.website AS organizations_website, organizations.facebook AS organizations_facebook, organizations.twitter AS organizations_twitter, organizations.instagram AS organizations_instagram, organizations.youtube AS organizations_youtube 
FROM organizations 
WHERE organizations.id = %(id_1)s 
 LIMIT %(param_1)s
INFO:sqlalchemy.engine.Engine:[cached since 9.273e+04s ago] {'id_1': 3, 'param_1': 1}
INFO:sqlalchemy.engine.Engine:ROLLBACK
INFO:werkzeug:127.0.0.1 - - [01/May/2024 14:02:54] "GET /api/v1/organizations/3/image HTTP/1.1" 200 -
INFO:werkzeug:127.0.0.1 - - [01/May/2024 14:02:56] "GET /api/v1/events/10 HTTP/1.1" 200 -
INFO:werkzeug:127.0.0.1 - - [01/May/2024 14:02:56] "GET /api/v1/events/10 HTTP/1.1" 200 -
INFO:werkzeug:127.0.0.1 - - [01/May/2024 14:02:57] "GET /api/v1/events/4 HTTP/1.1" 200 -
INFO:werkzeug:127.0.0.1 - - [01/May/2024 14:02:57] "GET /api/v1/events/4 HTTP/1.1" 200 -
INFO:werkzeug:127.0.0.1 - - [01/May/2024 14:02:57] "GET /api/v1/events/10 HTTP/1.1" 200 -
INFO:werkzeug:127.0.0.1 - - [01/May/2024 14:02:57] "GET /api/v1/events/10 HTTP/1.1" 200 -
INFO:werkzeug:127.0.0.1 - - [01/May/2024 14:02:57] "GET /api/v1/events/4 HTTP/1.1" 200 -
INFO:werkzeug:127.0.0.1 - - [01/May/2024 14:02:57] "GET /api/v1/events/4 HTTP/1.1" 200 -
INFO:werkzeug:127.0.0.1 - - [01/May/2024 14:03:03] "GET /api/v1/events/10 HTTP/1.1" 200 -
INFO:werkzeug:127.0.0.1 - - [01/May/2024 14:03:03] "GET /api/v1/events/10 HTTP/1.1" 200 -
INFO:werkzeug:127.0.0.1 - - [01/May/2024 14:03:03] "GET /api/v1/events/4 HTTP/1.1" 200 -
INFO:werkzeug:127.0.0.1 - - [01/May/2024 14:03:03] "GET /api/v1/events/4 HTTP/1.1" 200 -
INFO:werkzeug:127.0.0.1 - - [01/May/2024 14:03:03] "GET /api/v1/events/10 HTTP/1.1" 200 -
INFO:werkzeug:127.0.0.1 - - [01/May/2024 14:03:03] "GET /api/v1/events/10 HTTP/1.1" 200 -
INFO:werkzeug:127.0.0.1 - - [01/May/2024 14:03:03] "GET /api/v1/events/4 HTTP/1.1" 200 -
INFO:werkzeug:127.0.0.1 - - [01/May/2024 14:03:03] "GET /api/v1/events/4 HTTP/1.1" 200 -
INFO:root:Started
INFO:sqlalchemy.engine.Engine:SELECT DATABASE()
INFO:sqlalchemy.engine.Engine:[raw sql] {}
INFO:sqlalchemy.engine.Engine:SELECT @@sql_mode
INFO:sqlalchemy.engine.Engine:[raw sql] {}
INFO:sqlalchemy.engine.Engine:SELECT @@lower_case_table_names
INFO:sqlalchemy.engine.Engine:[raw sql] {}
INFO:sqlalchemy.engine.Engine:BEGIN (implicit)
INFO:sqlalchemy.engine.Engine:DESCRIBE `salamcity`.`organizations`
INFO:sqlalchemy.engine.Engine:[raw sql] {}
INFO:sqlalchemy.engine.Engine:DESCRIBE `salamcity`.`events`
INFO:sqlalchemy.engine.Engine:[raw sql] {}
INFO:sqlalchemy.engine.Engine:DESCRIBE `salamcity`.`prayer_times`
INFO:sqlalchemy.engine.Engine:[raw sql] {}
INFO:sqlalchemy.engine.Engine:COMMIT
INFO:root:Database connected
INFO:sqlalchemy.engine.Engine:BEGIN (implicit)
INFO:sqlalchemy.engine.Engine:SELECT organizations.id AS organizations_id, organizations.name AS organizations_name, organizations.name_short AS organizations_name_short, organizations.location AS organizations_location, organizations.phone_number AS organizations_phone_number, organizations.email AS organizations_email, organizations.description AS organizations_description, organizations.image AS organizations_image, organizations.website AS organizations_website, organizations.facebook AS organizations_facebook, organizations.twitter AS organizations_twitter, organizations.instagram AS organizations_instagram, organizations.youtube AS organizations_youtube 
FROM organizations
INFO:sqlalchemy.engine.Engine:[generated in 0.00283s] {}
INFO:sqlalchemy.engine.Engine:ROLLBACK
INFO:werkzeug:[31m[1mWARNING: This is a development server. Do not use it in a production deployment. Use a production WSGI server instead.[0m
 * Running on http://127.0.0.1:5000
INFO:werkzeug:[33mPress CTRL+C to quit[0m
INFO:sqlalchemy.engine.Engine:BEGIN (implicit)
INFO:sqlalchemy.engine.Engine:SELECT events.id AS events_id, events.title AS events_title, events.link AS events_link, events.sub_links AS events_sub_links, events.image AS events_image, events.date AS events_date, events.start_time AS events_start_time, events.end_time AS events_end_time, events.location AS events_location, events.short_description AS events_short_description, events.full_description AS events_full_description, events.other_info AS events_other_info, events.cost AS events_cost, events.category AS events_category, events.created_at AS events_created_at, events.is_video AS events_is_video, events.is_new AS events_is_new, events.is_active AS events_is_active, events.updated_at AS events_updated_at, events.organization_id AS events_organization_id, events.organization_name AS events_organization_name 
FROM events 
WHERE events.organization_id = %(organization_id_1)s AND events.is_active = true
INFO:sqlalchemy.engine.Engine:[generated in 0.00080s] {'organization_id_1': 10}
INFO:sqlalchemy.engine.Engine:ROLLBACK
INFO:sqlalchemy.engine.Engine:BEGIN (implicit)
INFO:werkzeug:127.0.0.1 - - [01/May/2024 14:03:40] "GET /api/v1/events/10 HTTP/1.1" 200 -
INFO:sqlalchemy.engine.Engine:SELECT events.id AS events_id, events.title AS events_title, events.link AS events_link, events.sub_links AS events_sub_links, events.image AS events_image, events.date AS events_date, events.start_time AS events_start_time, events.end_time AS events_end_time, events.location AS events_location, events.short_description AS events_short_description, events.full_description AS events_full_description, events.other_info AS events_other_info, events.cost AS events_cost, events.category AS events_category, events.created_at AS events_created_at, events.is_video AS events_is_video, events.is_new AS events_is_new, events.is_active AS events_is_active, events.updated_at AS events_updated_at, events.organization_id AS events_organization_id, events.organization_name AS events_organization_name 
FROM events 
WHERE events.organization_id = %(organization_id_1)s AND events.is_active = true
INFO:sqlalchemy.engine.Engine:[cached since 0.01466s ago] {'organization_id_1': 10}
INFO:sqlalchemy.engine.Engine:ROLLBACK
INFO:werkzeug:127.0.0.1 - - [01/May/2024 14:03:40] "GET /api/v1/events/10 HTTP/1.1" 200 -
INFO:sqlalchemy.engine.Engine:BEGIN (implicit)
INFO:sqlalchemy.engine.Engine:BEGIN (implicit)
INFO:sqlalchemy.engine.Engine:SELECT events.id AS events_id, events.title AS events_title, events.link AS events_link, events.sub_links AS events_sub_links, events.image AS events_image, events.date AS events_date, events.start_time AS events_start_time, events.end_time AS events_end_time, events.location AS events_location, events.short_description AS events_short_description, events.full_description AS events_full_description, events.other_info AS events_other_info, events.cost AS events_cost, events.category AS events_category, events.created_at AS events_created_at, events.is_video AS events_is_video, events.is_new AS events_is_new, events.is_active AS events_is_active, events.updated_at AS events_updated_at, events.organization_id AS events_organization_id, events.organization_name AS events_organization_name 
FROM events 
WHERE events.organization_id = %(organization_id_1)s AND events.is_active = true
INFO:sqlalchemy.engine.Engine:SELECT events.id AS events_id, events.title AS events_title, events.link AS events_link, events.sub_links AS events_sub_links, events.image AS events_image, events.date AS events_date, events.start_time AS events_start_time, events.end_time AS events_end_time, events.location AS events_location, events.short_description AS events_short_description, events.full_description AS events_full_description, events.other_info AS events_other_info, events.cost AS events_cost, events.category AS events_category, events.created_at AS events_created_at, events.is_video AS events_is_video, events.is_new AS events_is_new, events.is_active AS events_is_active, events.updated_at AS events_updated_at, events.organization_id AS events_organization_id, events.organization_name AS events_organization_name 
FROM events 
WHERE events.organization_id = %(organization_id_1)s AND events.is_active = true
INFO:sqlalchemy.engine.Engine:[cached since 0.4607s ago] {'organization_id_1': 4}
INFO:sqlalchemy.engine.Engine:[cached since 0.4614s ago] {'organization_id_1': 4}
INFO:sqlalchemy.engine.Engine:ROLLBACK
INFO:sqlalchemy.engine.Engine:ROLLBACK
INFO:werkzeug:127.0.0.1 - - [01/May/2024 14:03:40] "GET /api/v1/events/4 HTTP/1.1" 200 -
INFO:werkzeug:127.0.0.1 - - [01/May/2024 14:03:40] "GET /api/v1/events/4 HTTP/1.1" 200 -
INFO:werkzeug:127.0.0.1 - - [01/May/2024 14:03:41] "GET /api/v1/events/10 HTTP/1.1" 200 -
INFO:werkzeug:127.0.0.1 - - [01/May/2024 14:03:41] "GET /api/v1/events/10 HTTP/1.1" 200 -
INFO:werkzeug:127.0.0.1 - - [01/May/2024 14:03:41] "GET /api/v1/events/4 HTTP/1.1" 200 -
INFO:werkzeug:127.0.0.1 - - [01/May/2024 14:03:41] "GET /api/v1/events/4 HTTP/1.1" 200 -
INFO:werkzeug:127.0.0.1 - - [01/May/2024 14:17:39] "GET /api/v1/events/10 HTTP/1.1" 200 -
INFO:werkzeug:127.0.0.1 - - [01/May/2024 14:17:39] "GET /api/v1/events/10 HTTP/1.1" 200 -
INFO:werkzeug:127.0.0.1 - - [01/May/2024 14:17:39] "GET /api/v1/events/4 HTTP/1.1" 200 -
INFO:werkzeug:127.0.0.1 - - [01/May/2024 14:17:39] "GET /api/v1/events/4 HTTP/1.1" 200 -
INFO:werkzeug:127.0.0.1 - - [01/May/2024 14:17:40] "GET /api/v1/events/10 HTTP/1.1" 200 -
INFO:werkzeug:127.0.0.1 - - [01/May/2024 14:17:40] "GET /api/v1/events/10 HTTP/1.1" 200 -
INFO:werkzeug:127.0.0.1 - - [01/May/2024 14:17:40] "GET /api/v1/events/4 HTTP/1.1" 200 -
INFO:werkzeug:127.0.0.1 - - [01/May/2024 14:17:40] "GET /api/v1/events/4 HTTP/1.1" 200 -
INFO:werkzeug:127.0.0.1 - - [01/May/2024 14:33:15] "GET /api/v1/events/10 HTTP/1.1" 200 -
INFO:werkzeug:127.0.0.1 - - [01/May/2024 14:33:15] "GET /api/v1/events/10 HTTP/1.1" 200 -
INFO:werkzeug:127.0.0.1 - - [01/May/2024 14:33:15] "GET /api/v1/events/4 HTTP/1.1" 200 -
INFO:werkzeug:127.0.0.1 - - [01/May/2024 14:33:15] "GET /api/v1/events/4 HTTP/1.1" 200 -
INFO:werkzeug:127.0.0.1 - - [01/May/2024 14:33:15] "GET /api/v1/events/10 HTTP/1.1" 200 -
INFO:werkzeug:127.0.0.1 - - [01/May/2024 14:33:15] "GET /api/v1/events/10 HTTP/1.1" 200 -
INFO:werkzeug:127.0.0.1 - - [01/May/2024 14:33:15] "GET /api/v1/events/4 HTTP/1.1" 200 -
INFO:werkzeug:127.0.0.1 - - [01/May/2024 14:33:15] "GET /api/v1/events/4 HTTP/1.1" 200 -
INFO:werkzeug:127.0.0.1 - - [01/May/2024 16:18:00] "GET /logo.png HTTP/1.1" 200 -
INFO:sqlalchemy.engine.Engine:BEGIN (implicit)
INFO:sqlalchemy.engine.Engine:BEGIN (implicit)
INFO:sqlalchemy.engine.Engine:SELECT prayer_times.id AS prayer_times_id, prayer_times.prayer_name AS prayer_times_prayer_name, prayer_times.athan_time AS prayer_times_athan_time, prayer_times.iqama_time AS prayer_times_iqama_time, prayer_times.jumuah_time AS prayer_times_jumuah_time, prayer_times.jumuah_time2 AS prayer_times_jumuah_time2, prayer_times.created_at AS prayer_times_created_at, prayer_times.organization_id AS prayer_times_organization_id, prayer_times.organization_name AS prayer_times_organization_name 
FROM prayer_times 
WHERE prayer_times.created_at >= %(created_at_1)s AND prayer_times.created_at <= %(created_at_2)s
INFO:sqlalchemy.engine.Engine:SELECT prayer_times.id AS prayer_times_id, prayer_times.prayer_name AS prayer_times_prayer_name, prayer_times.athan_time AS prayer_times_athan_time, prayer_times.iqama_time AS prayer_times_iqama_time, prayer_times.jumuah_time AS prayer_times_jumuah_time, prayer_times.jumuah_time2 AS prayer_times_jumuah_time2, prayer_times.created_at AS prayer_times_created_at, prayer_times.organization_id AS prayer_times_organization_id, prayer_times.organization_name AS prayer_times_organization_name 
FROM prayer_times 
WHERE prayer_times.created_at >= %(created_at_1)s AND prayer_times.created_at <= %(created_at_2)s
INFO:sqlalchemy.engine.Engine:[generated in 0.00384s] {'created_at_1': datetime.datetime(2024, 5, 1, 0, 0), 'created_at_2': datetime.datetime(2024, 5, 1, 23, 59, 59)}
INFO:sqlalchemy.engine.Engine:[cached since 0.007313s ago] {'created_at_1': datetime.datetime(2024, 5, 1, 0, 0), 'created_at_2': datetime.datetime(2024, 5, 1, 23, 59, 59)}
INFO:sqlalchemy.engine.Engine:ROLLBACK
INFO:sqlalchemy.engine.Engine:ROLLBACK
INFO:werkzeug:127.0.0.1 - - [01/May/2024 16:18:00] "GET /api/v1/prayer_times HTTP/1.1" 200 -
INFO:werkzeug:127.0.0.1 - - [01/May/2024 16:18:00] "GET /api/v1/prayer_times HTTP/1.1" 200 -
INFO:werkzeug:127.0.0.1 - - [01/May/2024 16:18:00] "GET /api/v1/organizations HTTP/1.1" 200 -
INFO:werkzeug:127.0.0.1 - - [01/May/2024 16:18:00] "GET /api/v1/organizations HTTP/1.1" 200 -
INFO:werkzeug:127.0.0.1 - - [01/May/2024 16:18:04] "GET /api/v1/organizations HTTP/1.1" 200 -
INFO:werkzeug:127.0.0.1 - - [01/May/2024 16:18:04] "GET /api/v1/organizations HTTP/1.1" 200 -
INFO:sqlalchemy.engine.Engine:BEGIN (implicit)
INFO:sqlalchemy.engine.Engine:BEGIN (implicit)
INFO:sqlalchemy.engine.Engine:SELECT events.id AS events_id, events.title AS events_title, events.link AS events_link, events.sub_links AS events_sub_links, events.image AS events_image, events.date AS events_date, events.start_time AS events_start_time, events.end_time AS events_end_time, events.location AS events_location, events.short_description AS events_short_description, events.full_description AS events_full_description, events.other_info AS events_other_info, events.cost AS events_cost, events.category AS events_category, events.created_at AS events_created_at, events.is_video AS events_is_video, events.is_new AS events_is_new, events.is_active AS events_is_active, events.updated_at AS events_updated_at, events.organization_id AS events_organization_id, events.organization_name AS events_organization_name 
FROM events 
WHERE events.is_active = true
INFO:sqlalchemy.engine.Engine:SELECT events.id AS events_id, events.title AS events_title, events.link AS events_link, events.sub_links AS events_sub_links, events.image AS events_image, events.date AS events_date, events.start_time AS events_start_time, events.end_time AS events_end_time, events.location AS events_location, events.short_description AS events_short_description, events.full_description AS events_full_description, events.other_info AS events_other_info, events.cost AS events_cost, events.category AS events_category, events.created_at AS events_created_at, events.is_video AS events_is_video, events.is_new AS events_is_new, events.is_active AS events_is_active, events.updated_at AS events_updated_at, events.organization_id AS events_organization_id, events.organization_name AS events_organization_name 
FROM events 
WHERE events.is_active = true
INFO:sqlalchemy.engine.Engine:[generated in 0.00103s] {}
INFO:sqlalchemy.engine.Engine:[cached since 0.001538s ago] {}
INFO:sqlalchemy.engine.Engine:ROLLBACK
INFO:werkzeug:127.0.0.1 - - [01/May/2024 16:18:04] "GET /api/v1/events HTTP/1.1" 200 -
INFO:sqlalchemy.engine.Engine:ROLLBACK
INFO:werkzeug:127.0.0.1 - - [01/May/2024 16:18:04] "GET /api/v1/events HTTP/1.1" 200 -
INFO:sqlalchemy.engine.Engine:BEGIN (implicit)
INFO:sqlalchemy.engine.Engine:SELECT organizations.id AS organizations_id, organizations.name AS organizations_name, organizations.name_short AS organizations_name_short, organizations.location AS organizations_location, organizations.phone_number AS organizations_phone_number, organizations.email AS organizations_email, organizations.description AS organizations_description, organizations.image AS organizations_image, organizations.website AS organizations_website, organizations.facebook AS organizations_facebook, organizations.twitter AS organizations_twitter, organizations.instagram AS organizations_instagram, organizations.youtube AS organizations_youtube 
FROM organizations 
WHERE organizations.id = %(id_1)s 
 LIMIT %(param_1)s
INFO:sqlalchemy.engine.Engine:BEGIN (implicit)
INFO:sqlalchemy.engine.Engine:[generated in 0.00248s] {'id_1': 3, 'param_1': 1}
INFO:sqlalchemy.engine.Engine:SELECT organizations.id AS organizations_id, organizations.name AS organizations_name, organizations.name_short AS organizations_name_short, organizations.location AS organizations_location, organizations.phone_number AS organizations_phone_number, organizations.email AS organizations_email, organizations.description AS organizations_description, organizations.image AS organizations_image, organizations.website AS organizations_website, organizations.facebook AS organizations_facebook, organizations.twitter AS organizations_twitter, organizations.instagram AS organizations_instagram, organizations.youtube AS organizations_youtube 
FROM organizations 
WHERE organizations.id = %(id_1)s 
 LIMIT %(param_1)s
INFO:sqlalchemy.engine.Engine:[cached since 0.01363s ago] {'id_1': 3, 'param_1': 1}
INFO:sqlalchemy.engine.Engine:ROLLBACK
INFO:sqlalchemy.engine.Engine:BEGIN (implicit)
INFO:sqlalchemy.engine.Engine:SELECT organizations.id AS organizations_id, organizations.name AS organizations_name, organizations.name_short AS organizations_name_short, organizations.location AS organizations_location, organizations.phone_number AS organizations_phone_number, organizations.email AS organizations_email, organizations.description AS organizations_description, organizations.image AS organizations_image, organizations.website AS organizations_website, organizations.facebook AS organizations_facebook, organizations.twitter AS organizations_twitter, organizations.instagram AS organizations_instagram, organizations.youtube AS organizations_youtube 
FROM organizations 
WHERE organizations.id = %(id_1)s 
 LIMIT %(param_1)s
INFO:werkzeug:127.0.0.1 - - [01/May/2024 16:18:05] "GET /api/v1/organizations/3/image HTTP/1.1" 200 -
INFO:sqlalchemy.engine.Engine:[cached since 0.02068s ago] {'id_1': 3, 'param_1': 1}
INFO:sqlalchemy.engine.Engine:ROLLBACK
INFO:werkzeug:127.0.0.1 - - [01/May/2024 16:18:05] "GET /api/v1/organizations/3/image HTTP/1.1" 200 -
INFO:sqlalchemy.engine.Engine:BEGIN (implicit)
INFO:sqlalchemy.engine.Engine:SELECT organizations.id AS organizations_id, organizations.name AS organizations_name, organizations.name_short AS organizations_name_short, organizations.location AS organizations_location, organizations.phone_number AS organizations_phone_number, organizations.email AS organizations_email, organizations.description AS organizations_description, organizations.image AS organizations_image, organizations.website AS organizations_website, organizations.facebook AS organizations_facebook, organizations.twitter AS organizations_twitter, organizations.instagram AS organizations_instagram, organizations.youtube AS organizations_youtube 
FROM organizations 
WHERE organizations.id = %(id_1)s 
 LIMIT %(param_1)s
INFO:sqlalchemy.engine.Engine:ROLLBACK
INFO:sqlalchemy.engine.Engine:[cached since 0.03184s ago] {'id_1': 3, 'param_1': 1}
INFO:werkzeug:127.0.0.1 - - [01/May/2024 16:18:05] "GET /api/v1/organizations/3/image HTTP/1.1" 200 -
INFO:sqlalchemy.engine.Engine:ROLLBACK
INFO:werkzeug:127.0.0.1 - - [01/May/2024 16:18:05] "GET /api/v1/organizations/3/image HTTP/1.1" 200 -
INFO:werkzeug:127.0.0.1 - - [01/May/2024 16:18:05] "GET /api/v1/organizations/3/image HTTP/1.1" 200 -
INFO:werkzeug:127.0.0.1 - - [01/May/2024 16:18:05] "GET /api/v1/organizations/3/image HTTP/1.1" 200 -
INFO:root:Started
INFO:sqlalchemy.engine.Engine:SELECT DATABASE()
INFO:sqlalchemy.engine.Engine:[raw sql] {}
INFO:sqlalchemy.engine.Engine:SELECT @@sql_mode
INFO:sqlalchemy.engine.Engine:[raw sql] {}
INFO:sqlalchemy.engine.Engine:SELECT @@lower_case_table_names
INFO:sqlalchemy.engine.Engine:[raw sql] {}
INFO:sqlalchemy.engine.Engine:BEGIN (implicit)
INFO:sqlalchemy.engine.Engine:DESCRIBE `salamcity`.`organizations`
INFO:sqlalchemy.engine.Engine:[raw sql] {}
INFO:sqlalchemy.engine.Engine:DESCRIBE `salamcity`.`events`
INFO:sqlalchemy.engine.Engine:[raw sql] {}
INFO:sqlalchemy.engine.Engine:DESCRIBE `salamcity`.`prayer_times`
INFO:sqlalchemy.engine.Engine:[raw sql] {}
INFO:sqlalchemy.engine.Engine:COMMIT
INFO:root:Database connected
INFO:sqlalchemy.engine.Engine:BEGIN (implicit)
INFO:sqlalchemy.engine.Engine:SELECT organizations.id AS organizations_id, organizations.name AS organizations_name, organizations.name_short AS organizations_name_short, organizations.location AS organizations_location, organizations.phone_number AS organizations_phone_number, organizations.email AS organizations_email, organizations.description AS organizations_description, organizations.image AS organizations_image, organizations.website AS organizations_website, organizations.facebook AS organizations_facebook, organizations.twitter AS organizations_twitter, organizations.instagram AS organizations_instagram, organizations.youtube AS organizations_youtube 
FROM organizations
INFO:sqlalchemy.engine.Engine:[generated in 0.00034s] {}
INFO:sqlalchemy.engine.Engine:ROLLBACK
INFO:werkzeug:[31m[1mWARNING: This is a development server. Do not use it in a production deployment. Use a production WSGI server instead.[0m
 * Running on http://127.0.0.1:5000
INFO:werkzeug:[33mPress CTRL+C to quit[0m
INFO:sqlalchemy.engine.Engine:BEGIN (implicit)
INFO:sqlalchemy.engine.Engine:SELECT events.id AS events_id, events.title AS events_title, events.link AS events_link, events.sub_links AS events_sub_links, events.image AS events_image, events.date AS events_date, events.start_time AS events_start_time, events.end_time AS events_end_time, events.location AS events_location, events.short_description AS events_short_description, events.full_description AS events_full_description, events.other_info AS events_other_info, events.cost AS events_cost, events.category AS events_category, events.created_at AS events_created_at, events.is_video AS events_is_video, events.is_new AS events_is_new, events.is_active AS events_is_active, events.updated_at AS events_updated_at, events.organization_id AS events_organization_id, events.organization_name AS events_organization_name 
FROM events 
WHERE events.organization_id = %(organization_id_1)s AND events.is_active = true
INFO:sqlalchemy.engine.Engine:[generated in 0.00084s] {'organization_id_1': 10}
INFO:sqlalchemy.engine.Engine:BEGIN (implicit)
INFO:sqlalchemy.engine.Engine:SELECT events.id AS events_id, events.title AS events_title, events.link AS events_link, events.sub_links AS events_sub_links, events.image AS events_image, events.date AS events_date, events.start_time AS events_start_time, events.end_time AS events_end_time, events.location AS events_location, events.short_description AS events_short_description, events.full_description AS events_full_description, events.other_info AS events_other_info, events.cost AS events_cost, events.category AS events_category, events.created_at AS events_created_at, events.is_video AS events_is_video, events.is_new AS events_is_new, events.is_active AS events_is_active, events.updated_at AS events_updated_at, events.organization_id AS events_organization_id, events.organization_name AS events_organization_name 
FROM events 
WHERE events.organization_id = %(organization_id_1)s AND events.is_active = true
INFO:sqlalchemy.engine.Engine:[cached since 0.006754s ago] {'organization_id_1': 10}
INFO:sqlalchemy.engine.Engine:ROLLBACK
INFO:sqlalchemy.engine.Engine:ROLLBACK
INFO:werkzeug:127.0.0.1 - - [04/May/2024 16:40:07] "GET /api/v1/events/10 HTTP/1.1" 200 -
INFO:werkzeug:127.0.0.1 - - [04/May/2024 16:40:07] "GET /api/v1/events/10 HTTP/1.1" 200 -
INFO:sqlalchemy.engine.Engine:BEGIN (implicit)
INFO:sqlalchemy.engine.Engine:SELECT events.id AS events_id, events.title AS events_title, events.link AS events_link, events.sub_links AS events_sub_links, events.image AS events_image, events.date AS events_date, events.start_time AS events_start_time, events.end_time AS events_end_time, events.location AS events_location, events.short_description AS events_short_description, events.full_description AS events_full_description, events.other_info AS events_other_info, events.cost AS events_cost, events.category AS events_category, events.created_at AS events_created_at, events.is_video AS events_is_video, events.is_new AS events_is_new, events.is_active AS events_is_active, events.updated_at AS events_updated_at, events.organization_id AS events_organization_id, events.organization_name AS events_organization_name 
FROM events 
WHERE events.organization_id = %(organization_id_1)s AND events.is_active = true
INFO:sqlalchemy.engine.Engine:[cached since 0.2264s ago] {'organization_id_1': 4}
INFO:sqlalchemy.engine.Engine:ROLLBACK
INFO:werkzeug:127.0.0.1 - - [04/May/2024 16:40:07] "GET /api/v1/events/4 HTTP/1.1" 200 -
INFO:sqlalchemy.engine.Engine:BEGIN (implicit)
INFO:sqlalchemy.engine.Engine:SELECT events.id AS events_id, events.title AS events_title, events.link AS events_link, events.sub_links AS events_sub_links, events.image AS events_image, events.date AS events_date, events.start_time AS events_start_time, events.end_time AS events_end_time, events.location AS events_location, events.short_description AS events_short_description, events.full_description AS events_full_description, events.other_info AS events_other_info, events.cost AS events_cost, events.category AS events_category, events.created_at AS events_created_at, events.is_video AS events_is_video, events.is_new AS events_is_new, events.is_active AS events_is_active, events.updated_at AS events_updated_at, events.organization_id AS events_organization_id, events.organization_name AS events_organization_name 
FROM events 
WHERE events.organization_id = %(organization_id_1)s AND events.is_active = true
INFO:sqlalchemy.engine.Engine:[cached since 0.2438s ago] {'organization_id_1': 4}
INFO:sqlalchemy.engine.Engine:ROLLBACK
INFO:werkzeug:127.0.0.1 - - [04/May/2024 16:40:07] "GET /api/v1/events/4 HTTP/1.1" 200 -
INFO:werkzeug:127.0.0.1 - - [04/May/2024 16:40:07] "GET /api/v1/events/10 HTTP/1.1" 200 -
INFO:werkzeug:127.0.0.1 - - [04/May/2024 16:40:07] "GET /api/v1/events/10 HTTP/1.1" 200 -
INFO:werkzeug:127.0.0.1 - - [04/May/2024 16:40:07] "GET /api/v1/events/4 HTTP/1.1" 200 -
INFO:werkzeug:127.0.0.1 - - [04/May/2024 16:40:07] "GET /api/v1/events/4 HTTP/1.1" 200 -
INFO:root:Started
INFO:sqlalchemy.engine.Engine:SELECT DATABASE()
INFO:sqlalchemy.engine.Engine:[raw sql] {}
INFO:sqlalchemy.engine.Engine:SELECT @@sql_mode
INFO:sqlalchemy.engine.Engine:[raw sql] {}
INFO:sqlalchemy.engine.Engine:SELECT @@lower_case_table_names
INFO:sqlalchemy.engine.Engine:[raw sql] {}
INFO:sqlalchemy.engine.Engine:BEGIN (implicit)
INFO:sqlalchemy.engine.Engine:DESCRIBE `salamcity`.`organizations`
INFO:sqlalchemy.engine.Engine:[raw sql] {}
INFO:sqlalchemy.engine.Engine:DESCRIBE `salamcity`.`events`
INFO:sqlalchemy.engine.Engine:[raw sql] {}
INFO:sqlalchemy.engine.Engine:DESCRIBE `salamcity`.`prayer_times`
INFO:sqlalchemy.engine.Engine:[raw sql] {}
INFO:sqlalchemy.engine.Engine:COMMIT
INFO:root:Database connected
INFO:sqlalchemy.engine.Engine:BEGIN (implicit)
INFO:sqlalchemy.engine.Engine:SELECT organizations.id AS organizations_id, organizations.name AS organizations_name, organizations.name_short AS organizations_name_short, organizations.location AS organizations_location, organizations.phone_number AS organizations_phone_number, organizations.email AS organizations_email, organizations.description AS organizations_description, organizations.image AS organizations_image, organizations.website AS organizations_website, organizations.facebook AS organizations_facebook, organizations.twitter AS organizations_twitter, organizations.instagram AS organizations_instagram, organizations.youtube AS organizations_youtube 
FROM organizations
INFO:sqlalchemy.engine.Engine:[generated in 0.00078s] {}
INFO:sqlalchemy.engine.Engine:ROLLBACK
INFO:werkzeug:[31m[1mWARNING: This is a development server. Do not use it in a production deployment. Use a production WSGI server instead.[0m
 * Running on http://127.0.0.1:5000
INFO:werkzeug:[33mPress CTRL+C to quit[0m
INFO:sqlalchemy.engine.Engine:BEGIN (implicit)
INFO:sqlalchemy.engine.Engine:SELECT events.id AS events_id, events.title AS events_title, events.link AS events_link, events.sub_links AS events_sub_links, events.image AS events_image, events.date AS events_date, events.start_time AS events_start_time, events.end_time AS events_end_time, events.location AS events_location, events.short_description AS events_short_description, events.full_description AS events_full_description, events.other_info AS events_other_info, events.cost AS events_cost, events.category AS events_category, events.created_at AS events_created_at, events.is_video AS events_is_video, events.is_new AS events_is_new, events.is_active AS events_is_active, events.updated_at AS events_updated_at, events.categories AS events_categories, events.organization_id AS events_organization_id, events.organization_name AS events_organization_name 
FROM events 
WHERE events.organization_id = %(organization_id_1)s AND events.is_active = true
INFO:sqlalchemy.engine.Engine:[generated in 0.00095s] {'organization_id_1': 10}
INFO:sqlalchemy.engine.Engine:BEGIN (implicit)
INFO:sqlalchemy.engine.Engine:SELECT events.id AS events_id, events.title AS events_title, events.link AS events_link, events.sub_links AS events_sub_links, events.image AS events_image, events.date AS events_date, events.start_time AS events_start_time, events.end_time AS events_end_time, events.location AS events_location, events.short_description AS events_short_description, events.full_description AS events_full_description, events.other_info AS events_other_info, events.cost AS events_cost, events.category AS events_category, events.created_at AS events_created_at, events.is_video AS events_is_video, events.is_new AS events_is_new, events.is_active AS events_is_active, events.updated_at AS events_updated_at, events.categories AS events_categories, events.organization_id AS events_organization_id, events.organization_name AS events_organization_name 
FROM events 
WHERE events.organization_id = %(organization_id_1)s AND events.is_active = true
INFO:sqlalchemy.engine.Engine:[cached since 0.01142s ago] {'organization_id_1': 10}
INFO:sqlalchemy.engine.Engine:ROLLBACK
INFO:sqlalchemy.engine.Engine:ROLLBACK
INFO:werkzeug:127.0.0.1 - - [21/Jun/2024 19:30:01] "GET /api/v1/events/10 HTTP/1.1" 200 -
INFO:werkzeug:127.0.0.1 - - [21/Jun/2024 19:30:01] "GET /api/v1/events/10 HTTP/1.1" 200 -
INFO:sqlalchemy.engine.Engine:BEGIN (implicit)
INFO:sqlalchemy.engine.Engine:SELECT events.id AS events_id, events.title AS events_title, events.link AS events_link, events.sub_links AS events_sub_links, events.image AS events_image, events.date AS events_date, events.start_time AS events_start_time, events.end_time AS events_end_time, events.location AS events_location, events.short_description AS events_short_description, events.full_description AS events_full_description, events.other_info AS events_other_info, events.cost AS events_cost, events.category AS events_category, events.created_at AS events_created_at, events.is_video AS events_is_video, events.is_new AS events_is_new, events.is_active AS events_is_active, events.updated_at AS events_updated_at, events.categories AS events_categories, events.organization_id AS events_organization_id, events.organization_name AS events_organization_name 
FROM events 
WHERE events.organization_id = %(organization_id_1)s AND events.is_active = true
INFO:sqlalchemy.engine.Engine:[cached since 0.212s ago] {'organization_id_1': 4}
INFO:sqlalchemy.engine.Engine:BEGIN (implicit)
INFO:sqlalchemy.engine.Engine:SELECT events.id AS events_id, events.title AS events_title, events.link AS events_link, events.sub_links AS events_sub_links, events.image AS events_image, events.date AS events_date, events.start_time AS events_start_time, events.end_time AS events_end_time, events.location AS events_location, events.short_description AS events_short_description, events.full_description AS events_full_description, events.other_info AS events_other_info, events.cost AS events_cost, events.category AS events_category, events.created_at AS events_created_at, events.is_video AS events_is_video, events.is_new AS events_is_new, events.is_active AS events_is_active, events.updated_at AS events_updated_at, events.categories AS events_categories, events.organization_id AS events_organization_id, events.organization_name AS events_organization_name 
FROM events 
WHERE events.organization_id = %(organization_id_1)s AND events.is_active = true
INFO:sqlalchemy.engine.Engine:[cached since 0.2134s ago] {'organization_id_1': 4}
INFO:sqlalchemy.engine.Engine:ROLLBACK
INFO:sqlalchemy.engine.Engine:ROLLBACK
INFO:werkzeug:127.0.0.1 - - [21/Jun/2024 19:30:01] "GET /api/v1/events/4 HTTP/1.1" 200 -
INFO:werkzeug:127.0.0.1 - - [21/Jun/2024 19:30:01] "GET /api/v1/events/4 HTTP/1.1" 200 -
INFO:werkzeug:127.0.0.1 - - [21/Jun/2024 19:30:01] "GET /api/v1/events/10 HTTP/1.1" 200 -
INFO:werkzeug:127.0.0.1 - - [21/Jun/2024 19:30:01] "GET /api/v1/events/10 HTTP/1.1" 200 -
INFO:werkzeug:127.0.0.1 - - [21/Jun/2024 19:30:01] "GET /api/v1/events/4 HTTP/1.1" 200 -
INFO:werkzeug:127.0.0.1 - - [21/Jun/2024 19:30:01] "GET /api/v1/events/4 HTTP/1.1" 200 -
INFO:werkzeug:127.0.0.1 - - [21/Jun/2024 19:30:11] "GET /api/v1/events/10 HTTP/1.1" 200 -
INFO:werkzeug:127.0.0.1 - - [21/Jun/2024 19:30:11] "GET /api/v1/events/10 HTTP/1.1" 200 -
INFO:werkzeug:127.0.0.1 - - [21/Jun/2024 19:30:11] "GET /api/v1/events/4 HTTP/1.1" 200 -
INFO:werkzeug:127.0.0.1 - - [21/Jun/2024 19:30:11] "GET /api/v1/events/4 HTTP/1.1" 200 -
INFO:werkzeug:127.0.0.1 - - [21/Jun/2024 19:30:11] "GET /api/v1/events/10 HTTP/1.1" 200 -
INFO:werkzeug:127.0.0.1 - - [21/Jun/2024 19:30:11] "GET /api/v1/events/10 HTTP/1.1" 200 -
INFO:werkzeug:127.0.0.1 - - [21/Jun/2024 19:30:11] "GET /api/v1/events/4 HTTP/1.1" 200 -
INFO:werkzeug:127.0.0.1 - - [21/Jun/2024 19:30:11] "GET /api/v1/events/4 HTTP/1.1" 200 -
INFO:werkzeug:127.0.0.1 - - [21/Jun/2024 19:30:25] "GET /api/v1/events/10 HTTP/1.1" 200 -
INFO:werkzeug:127.0.0.1 - - [21/Jun/2024 19:30:25] "GET /api/v1/events/10 HTTP/1.1" 200 -
INFO:werkzeug:127.0.0.1 - - [21/Jun/2024 19:30:25] "GET /api/v1/events/4 HTTP/1.1" 200 -
INFO:werkzeug:127.0.0.1 - - [21/Jun/2024 19:30:25] "GET /api/v1/events/4 HTTP/1.1" 200 -
INFO:werkzeug:127.0.0.1 - - [21/Jun/2024 19:30:25] "GET /api/v1/events/10 HTTP/1.1" 200 -
INFO:werkzeug:127.0.0.1 - - [21/Jun/2024 19:30:25] "GET /api/v1/events/10 HTTP/1.1" 200 -
INFO:werkzeug:127.0.0.1 - - [21/Jun/2024 19:30:26] "GET /api/v1/events/4 HTTP/1.1" 200 -
INFO:werkzeug:127.0.0.1 - - [21/Jun/2024 19:30:26] "GET /api/v1/events/4 HTTP/1.1" 200 -
INFO:werkzeug:127.0.0.1 - - [21/Jun/2024 19:30:29] "GET /api/v1/organizations HTTP/1.1" 200 -
INFO:sqlalchemy.engine.Engine:BEGIN (implicit)
INFO:sqlalchemy.engine.Engine:SELECT events.id AS events_id, events.title AS events_title, events.link AS events_link, events.sub_links AS events_sub_links, events.image AS events_image, events.date AS events_date, events.start_time AS events_start_time, events.end_time AS events_end_time, events.location AS events_location, events.short_description AS events_short_description, events.full_description AS events_full_description, events.other_info AS events_other_info, events.cost AS events_cost, events.category AS events_category, events.created_at AS events_created_at, events.is_video AS events_is_video, events.is_new AS events_is_new, events.is_active AS events_is_active, events.updated_at AS events_updated_at, events.categories AS events_categories, events.organization_id AS events_organization_id, events.organization_name AS events_organization_name 
FROM events 
WHERE events.is_active = true
INFO:sqlalchemy.engine.Engine:[generated in 0.00127s] {}
INFO:werkzeug:127.0.0.1 - - [21/Jun/2024 19:30:29] "GET /api/v1/organizations HTTP/1.1" 200 -
INFO:sqlalchemy.engine.Engine:ROLLBACK
INFO:werkzeug:127.0.0.1 - - [21/Jun/2024 19:30:29] "GET /api/v1/events HTTP/1.1" 200 -
INFO:werkzeug:127.0.0.1 - - [21/Jun/2024 19:30:29] "GET /api/v1/events HTTP/1.1" 200 -
INFO:sqlalchemy.engine.Engine:BEGIN (implicit)
INFO:sqlalchemy.engine.Engine:SELECT organizations.id AS organizations_id, organizations.name AS organizations_name, organizations.name_short AS organizations_name_short, organizations.location AS organizations_location, organizations.phone_number AS organizations_phone_number, organizations.email AS organizations_email, organizations.description AS organizations_description, organizations.image AS organizations_image, organizations.website AS organizations_website, organizations.facebook AS organizations_facebook, organizations.twitter AS organizations_twitter, organizations.instagram AS organizations_instagram, organizations.youtube AS organizations_youtube 
FROM organizations 
WHERE organizations.id = %(id_1)s 
 LIMIT %(param_1)s
INFO:sqlalchemy.engine.Engine:[generated in 0.00066s] {'id_1': 3, 'param_1': 1}
INFO:sqlalchemy.engine.Engine:ROLLBACK
INFO:werkzeug:127.0.0.1 - - [21/Jun/2024 19:30:29] "GET /api/v1/organizations/3/image HTTP/1.1" 200 -
INFO:werkzeug:127.0.0.1 - - [21/Jun/2024 19:30:30] "GET /api/v1/organizations/3/image HTTP/1.1" 200 -
INFO:werkzeug:127.0.0.1 - - [21/Jun/2024 19:53:48] "GET /api/v1/organizations HTTP/1.1" 200 -
INFO:werkzeug:127.0.0.1 - - [21/Jun/2024 19:53:48] "GET /api/v1/events HTTP/1.1" 200 -
INFO:werkzeug:127.0.0.1 - - [21/Jun/2024 19:53:48] "GET /api/v1/organizations HTTP/1.1" 200 -
INFO:werkzeug:127.0.0.1 - - [21/Jun/2024 19:53:48] "GET /api/v1/events HTTP/1.1" 200 -
INFO:werkzeug:127.0.0.1 - - [21/Jun/2024 19:55:01] "GET /api/v1/organizations HTTP/1.1" 200 -
INFO:werkzeug:127.0.0.1 - - [21/Jun/2024 19:55:01] "GET /api/v1/events HTTP/1.1" 200 -
INFO:werkzeug:127.0.0.1 - - [21/Jun/2024 19:55:04] "GET /api/v1/organizations HTTP/1.1" 200 -
INFO:werkzeug:127.0.0.1 - - [21/Jun/2024 19:55:04] "GET /api/v1/events HTTP/1.1" 200 -
INFO:werkzeug:127.0.0.1 - - [21/Jun/2024 19:55:04] "GET /api/v1/organizations HTTP/1.1" 200 -
INFO:werkzeug:127.0.0.1 - - [21/Jun/2024 19:55:04] "GET /api/v1/events HTTP/1.1" 200 -
INFO:werkzeug:127.0.0.1 - - [21/Jun/2024 19:55:06] "GET /api/v1/organizations HTTP/1.1" 200 -
INFO:werkzeug:127.0.0.1 - - [21/Jun/2024 19:55:06] "GET /api/v1/events?organization_id=4 HTTP/1.1" 200 -
INFO:werkzeug:127.0.0.1 - - [21/Jun/2024 19:55:08] "GET /api/v1/events?organization_id=4&categories=Sports+and+Recreation HTTP/1.1" 200 -
INFO:werkzeug:127.0.0.1 - - [21/Jun/2024 19:55:08] "GET /api/v1/organizations HTTP/1.1" 200 -
INFO:werkzeug:127.0.0.1 - - [21/Jun/2024 19:55:10] "GET /api/v1/organizations HTTP/1.1" 200 -
INFO:werkzeug:127.0.0.1 - - [21/Jun/2024 19:55:10] "GET /api/v1/events?organization_id=4&categories=Sports+and+Recreation,Community+Gatherings HTTP/1.1" 200 -
INFO:werkzeug:127.0.0.1 - - [21/Jun/2024 19:55:12] "GET /api/v1/events?organization_id=4&categories=Community+Gatherings HTTP/1.1" 200 -
INFO:werkzeug:127.0.0.1 - - [21/Jun/2024 19:55:12] "GET /api/v1/organizations HTTP/1.1" 200 -
INFO:werkzeug:127.0.0.1 - - [21/Jun/2024 19:55:13] "GET /api/v1/organizations HTTP/1.1" 200 -
INFO:werkzeug:127.0.0.1 - - [21/Jun/2024 19:55:14] "GET /api/v1/events?organization_id=4 HTTP/1.1" 200 -
INFO:werkzeug:127.0.0.1 - - [21/Jun/2024 19:55:15] "GET /api/v1/organizations HTTP/1.1" 200 -
INFO:werkzeug:127.0.0.1 - - [21/Jun/2024 19:55:15] "GET /api/v1/events HTTP/1.1" 200 -
INFO:werkzeug:127.0.0.1 - - [21/Jun/2024 19:55:25] "GET /api/v1/organizations HTTP/1.1" 200 -
INFO:werkzeug:127.0.0.1 - - [21/Jun/2024 19:55:25] "GET /api/v1/events HTTP/1.1" 200 -
INFO:werkzeug:127.0.0.1 - - [21/Jun/2024 19:55:25] "GET /api/v1/organizations HTTP/1.1" 200 -
INFO:werkzeug:127.0.0.1 - - [21/Jun/2024 19:55:25] "GET /api/v1/events HTTP/1.1" 200 -
INFO:werkzeug:127.0.0.1 - - [21/Jun/2024 19:56:46] "GET /api/v1/organizations HTTP/1.1" 200 -
INFO:werkzeug:127.0.0.1 - - [21/Jun/2024 19:56:46] "GET /api/v1/events HTTP/1.1" 200 -
INFO:werkzeug:127.0.0.1 - - [21/Jun/2024 19:56:47] "GET /api/v1/organizations/3/image HTTP/1.1" 200 -
INFO:werkzeug:127.0.0.1 - - [21/Jun/2024 19:56:47] "GET /api/v1/organizations/3/image HTTP/1.1" 200 -
INFO:werkzeug:127.0.0.1 - - [21/Jun/2024 19:56:49] "GET /api/v1/organizations HTTP/1.1" 200 -
INFO:werkzeug:127.0.0.1 - - [21/Jun/2024 19:56:49] "GET /api/v1/events?categories=Community+Gatherings HTTP/1.1" 200 -
INFO:werkzeug:127.0.0.1 - - [21/Jun/2024 19:56:51] "GET /api/v1/organizations/3/image HTTP/1.1" 200 -
INFO:werkzeug:127.0.0.1 - - [21/Jun/2024 19:56:51] "GET /api/v1/organizations HTTP/1.1" 200 -
INFO:werkzeug:127.0.0.1 - - [21/Jun/2024 19:56:51] "GET /api/v1/events HTTP/1.1" 200 -
INFO:werkzeug:127.0.0.1 - - [21/Jun/2024 19:56:51] "GET /api/v1/organizations/3/image HTTP/1.1" 200 -
INFO:werkzeug:127.0.0.1 - - [21/Jun/2024 19:56:51] "GET /api/v1/organizations/3/image HTTP/1.1" 200 -
INFO:werkzeug:127.0.0.1 - - [21/Jun/2024 19:56:52] "GET /api/v1/organizations/3/image HTTP/1.1" 200 -
INFO:werkzeug:127.0.0.1 - - [21/Jun/2024 19:56:55] "GET /api/v1/events?categories=Halaqas HTTP/1.1" 200 -
INFO:werkzeug:127.0.0.1 - - [21/Jun/2024 19:56:55] "GET /api/v1/organizations HTTP/1.1" 200 -
INFO:werkzeug:127.0.0.1 - - [21/Jun/2024 19:56:58] "GET /api/v1/organizations/3/image HTTP/1.1" 200 -
INFO:werkzeug:127.0.0.1 - - [21/Jun/2024 19:56:58] "GET /api/v1/organizations HTTP/1.1" 200 -
INFO:werkzeug:127.0.0.1 - - [21/Jun/2024 19:56:58] "GET /api/v1/events HTTP/1.1" 200 -
INFO:werkzeug:127.0.0.1 - - [21/Jun/2024 19:56:58] "GET /api/v1/organizations/3/image HTTP/1.1" 200 -
INFO:werkzeug:127.0.0.1 - - [21/Jun/2024 19:56:58] "GET /api/v1/organizations/3/image HTTP/1.1" 200 -
INFO:werkzeug:127.0.0.1 - - [21/Jun/2024 19:56:58] "GET /api/v1/organizations/3/image HTTP/1.1" 200 -
INFO:werkzeug:127.0.0.1 - - [21/Jun/2024 19:57:00] "GET /api/v1/organizations HTTP/1.1" 200 -
INFO:werkzeug:127.0.0.1 - - [21/Jun/2024 19:57:01] "GET /api/v1/events?categories=Halaqas HTTP/1.1" 200 -
INFO:werkzeug:127.0.0.1 - - [21/Jun/2024 19:57:02] "GET /api/v1/organizations/3/image HTTP/1.1" 200 -
INFO:werkzeug:127.0.0.1 - - [21/Jun/2024 19:57:02] "GET /api/v1/organizations HTTP/1.1" 200 -
INFO:werkzeug:127.0.0.1 - - [21/Jun/2024 19:57:02] "GET /api/v1/events HTTP/1.1" 200 -
INFO:werkzeug:127.0.0.1 - - [21/Jun/2024 19:57:03] "GET /api/v1/organizations/3/image HTTP/1.1" 200 -
INFO:werkzeug:127.0.0.1 - - [21/Jun/2024 19:57:03] "GET /api/v1/organizations/3/image HTTP/1.1" 200 -
INFO:werkzeug:127.0.0.1 - - [21/Jun/2024 19:57:03] "GET /api/v1/organizations/3/image HTTP/1.1" 200 -
INFO:werkzeug:127.0.0.1 - - [21/Jun/2024 19:57:05] "GET /api/v1/organizations HTTP/1.1" 200 -
INFO:werkzeug:127.0.0.1 - - [21/Jun/2024 19:57:06] "GET /api/v1/events?categories=Brothers HTTP/1.1" 200 -
INFO:werkzeug:127.0.0.1 - - [21/Jun/2024 19:57:10] "GET /api/v1/organizations/3/image HTTP/1.1" 200 -
INFO:werkzeug:127.0.0.1 - - [21/Jun/2024 19:57:10] "GET /api/v1/organizations HTTP/1.1" 200 -
INFO:werkzeug:127.0.0.1 - - [21/Jun/2024 19:57:10] "GET /api/v1/events HTTP/1.1" 200 -
INFO:werkzeug:127.0.0.1 - - [21/Jun/2024 19:57:10] "GET /api/v1/organizations/3/image HTTP/1.1" 200 -
INFO:werkzeug:127.0.0.1 - - [21/Jun/2024 19:57:10] "GET /api/v1/organizations/3/image HTTP/1.1" 200 -
INFO:werkzeug:127.0.0.1 - - [21/Jun/2024 19:57:10] "GET /api/v1/organizations/3/image HTTP/1.1" 200 -
INFO:werkzeug:127.0.0.1 - - [21/Jun/2024 19:57:11] "GET /api/v1/organizations/3/image HTTP/1.1" 200 -
INFO:werkzeug:127.0.0.1 - - [21/Jun/2024 19:57:11] "GET /api/v1/organizations HTTP/1.1" 200 -
INFO:werkzeug:127.0.0.1 - - [21/Jun/2024 19:57:11] "GET /api/v1/events?organization_id=3 HTTP/1.1" 200 -
INFO:werkzeug:127.0.0.1 - - [21/Jun/2024 19:57:11] "GET /api/v1/organizations/3/image HTTP/1.1" 200 -
INFO:werkzeug:127.0.0.1 - - [21/Jun/2024 19:57:12] "GET /api/v1/organizations/3/image HTTP/1.1" 200 -
INFO:werkzeug:127.0.0.1 - - [21/Jun/2024 19:57:12] "GET /api/v1/organizations/3/image HTTP/1.1" 200 -
INFO:werkzeug:127.0.0.1 - - [21/Jun/2024 19:57:12] "GET /api/v1/organizations/3/image HTTP/1.1" 200 -
INFO:werkzeug:127.0.0.1 - - [21/Jun/2024 19:57:12] "GET /api/v1/organizations/3/image HTTP/1.1" 200 -
INFO:werkzeug:127.0.0.1 - - [21/Jun/2024 19:57:12] "GET /api/v1/organizations/3/image HTTP/1.1" 200 -
INFO:werkzeug:127.0.0.1 - - [21/Jun/2024 19:57:13] "GET /api/v1/organizations/3/image HTTP/1.1" 200 -
INFO:werkzeug:127.0.0.1 - - [21/Jun/2024 19:57:13] "GET /api/v1/organizations/3/image HTTP/1.1" 200 -
INFO:werkzeug:127.0.0.1 - - [21/Jun/2024 19:57:13] "GET /api/v1/organizations/3/image HTTP/1.1" 200 -
INFO:werkzeug:127.0.0.1 - - [21/Jun/2024 19:57:13] "GET /api/v1/organizations/3/image HTTP/1.1" 200 -
INFO:werkzeug:127.0.0.1 - - [21/Jun/2024 19:57:13] "GET /api/v1/organizations/3/image HTTP/1.1" 200 -
INFO:werkzeug:127.0.0.1 - - [21/Jun/2024 19:57:13] "GET /api/v1/organizations/3/image HTTP/1.1" 200 -
INFO:werkzeug:127.0.0.1 - - [21/Jun/2024 19:57:13] "GET /api/v1/organizations/3/image HTTP/1.1" 200 -
INFO:werkzeug:127.0.0.1 - - [21/Jun/2024 19:57:14] "GET /api/v1/organizations/3/image HTTP/1.1" 200 -
INFO:werkzeug:127.0.0.1 - - [21/Jun/2024 19:57:14] "GET /api/v1/organizations/3/image HTTP/1.1" 200 -
INFO:werkzeug:127.0.0.1 - - [21/Jun/2024 19:57:14] "GET /api/v1/organizations/3/image HTTP/1.1" 200 -
INFO:werkzeug:127.0.0.1 - - [21/Jun/2024 19:57:14] "GET /api/v1/organizations/3/image HTTP/1.1" 200 -
INFO:werkzeug:127.0.0.1 - - [21/Jun/2024 19:57:14] "GET /api/v1/organizations/3/image HTTP/1.1" 200 -
INFO:werkzeug:127.0.0.1 - - [21/Jun/2024 19:57:14] "GET /api/v1/organizations/3/image HTTP/1.1" 200 -
INFO:werkzeug:127.0.0.1 - - [21/Jun/2024 19:57:15] "GET /api/v1/organizations/3/image HTTP/1.1" 200 -
INFO:werkzeug:127.0.0.1 - - [21/Jun/2024 19:57:15] "GET /api/v1/organizations/3/image HTTP/1.1" 200 -
INFO:werkzeug:127.0.0.1 - - [21/Jun/2024 19:57:15] "GET /api/v1/organizations/3/image HTTP/1.1" 200 -
INFO:werkzeug:127.0.0.1 - - [21/Jun/2024 19:57:15] "GET /api/v1/organizations/3/image HTTP/1.1" 200 -
INFO:werkzeug:127.0.0.1 - - [21/Jun/2024 19:57:15] "GET /api/v1/organizations/3/image HTTP/1.1" 200 -
INFO:werkzeug:127.0.0.1 - - [21/Jun/2024 19:57:15] "GET /api/v1/organizations/3/image HTTP/1.1" 200 -
INFO:werkzeug:127.0.0.1 - - [21/Jun/2024 19:57:16] "GET /api/v1/events?organization_id=13 HTTP/1.1" 200 -
INFO:werkzeug:127.0.0.1 - - [21/Jun/2024 19:57:17] "GET /api/v1/organizations HTTP/1.1" 200 -
INFO:werkzeug:127.0.0.1 - - [21/Jun/2024 19:57:20] "GET /api/v1/events?organization_id=1 HTTP/1.1" 200 -
INFO:werkzeug:127.0.0.1 - - [21/Jun/2024 19:57:20] "GET /api/v1/organizations HTTP/1.1" 200 -
INFO:werkzeug:127.0.0.1 - - [21/Jun/2024 19:57:24] "GET /api/v1/events?organization_id=5 HTTP/1.1" 200 -
INFO:werkzeug:127.0.0.1 - - [21/Jun/2024 19:57:24] "GET /api/v1/organizations HTTP/1.1" 200 -
INFO:werkzeug:127.0.0.1 - - [21/Jun/2024 19:57:26] "GET /api/v1/organizations/3/image HTTP/1.1" 200 -
INFO:werkzeug:127.0.0.1 - - [21/Jun/2024 19:57:26] "GET /api/v1/organizations HTTP/1.1" 200 -
INFO:werkzeug:127.0.0.1 - - [21/Jun/2024 19:57:26] "GET /api/v1/events HTTP/1.1" 200 -
INFO:werkzeug:127.0.0.1 - - [21/Jun/2024 19:57:26] "GET /api/v1/organizations/3/image HTTP/1.1" 200 -
INFO:werkzeug:127.0.0.1 - - [21/Jun/2024 19:57:26] "GET /api/v1/organizations/3/image HTTP/1.1" 200 -
INFO:werkzeug:127.0.0.1 - - [21/Jun/2024 19:57:27] "GET /api/v1/organizations/3/image HTTP/1.1" 200 -
INFO:werkzeug:127.0.0.1 - - [21/Jun/2024 19:58:43] "GET /api/v1/organizations HTTP/1.1" 200 -
INFO:werkzeug:127.0.0.1 - - [21/Jun/2024 19:58:43] "GET /api/v1/events HTTP/1.1" 200 -
INFO:werkzeug:127.0.0.1 - - [21/Jun/2024 19:58:43] "GET /api/v1/organizations/3/image HTTP/1.1" 200 -
INFO:werkzeug:127.0.0.1 - - [21/Jun/2024 19:58:44] "GET /api/v1/organizations/3/image HTTP/1.1" 200 -
INFO:werkzeug:127.0.0.1 - - [21/Jun/2024 19:58:45] "GET /api/v1/organizations HTTP/1.1" 200 -
INFO:werkzeug:127.0.0.1 - - [21/Jun/2024 19:58:45] "GET /api/v1/events HTTP/1.1" 200 -
INFO:werkzeug:127.0.0.1 - - [21/Jun/2024 19:58:45] "GET /api/v1/organizations HTTP/1.1" 200 -
INFO:werkzeug:127.0.0.1 - - [21/Jun/2024 19:58:45] "GET /api/v1/events HTTP/1.1" 200 -
INFO:werkzeug:127.0.0.1 - - [21/Jun/2024 19:58:45] "GET /api/v1/organizations/3/image HTTP/1.1" 200 -
INFO:werkzeug:127.0.0.1 - - [21/Jun/2024 19:58:45] "GET /api/v1/organizations/3/image HTTP/1.1" 200 -
INFO:werkzeug:127.0.0.1 - - [21/Jun/2024 19:58:49] "GET /api/v1/organizations HTTP/1.1" 200 -
INFO:werkzeug:127.0.0.1 - - [21/Jun/2024 19:58:49] "GET /api/v1/events?categories=Fiqh+(Islamic+Jurisprudence)+Classes HTTP/1.1" 200 -
INFO:werkzeug:127.0.0.1 - - [21/Jun/2024 19:58:50] "GET /api/v1/organizations/3/image HTTP/1.1" 200 -
INFO:werkzeug:127.0.0.1 - - [21/Jun/2024 19:58:50] "GET /api/v1/organizations HTTP/1.1" 200 -
INFO:werkzeug:127.0.0.1 - - [21/Jun/2024 19:58:50] "GET /api/v1/events HTTP/1.1" 200 -
INFO:werkzeug:127.0.0.1 - - [21/Jun/2024 19:58:51] "GET /api/v1/organizations/3/image HTTP/1.1" 200 -
INFO:werkzeug:127.0.0.1 - - [21/Jun/2024 19:58:51] "GET /api/v1/organizations/3/image HTTP/1.1" 200 -
INFO:werkzeug:127.0.0.1 - - [21/Jun/2024 19:58:51] "GET /api/v1/organizations/3/image HTTP/1.1" 200 -
INFO:werkzeug:127.0.0.1 - - [21/Jun/2024 19:58:53] "GET /api/v1/organizations HTTP/1.1" 200 -
INFO:werkzeug:127.0.0.1 - - [21/Jun/2024 19:58:53] "GET /api/v1/events?categories=Sisters HTTP/1.1" 200 -
INFO:werkzeug:127.0.0.1 - - [21/Jun/2024 19:58:55] "GET /api/v1/organizations/3/image HTTP/1.1" 200 -
INFO:werkzeug:127.0.0.1 - - [21/Jun/2024 19:58:55] "GET /api/v1/organizations HTTP/1.1" 200 -
INFO:werkzeug:127.0.0.1 - - [21/Jun/2024 19:58:55] "GET /api/v1/events HTTP/1.1" 200 -
INFO:werkzeug:127.0.0.1 - - [21/Jun/2024 19:58:55] "GET /api/v1/organizations/3/image HTTP/1.1" 200 -
INFO:werkzeug:127.0.0.1 - - [21/Jun/2024 19:58:55] "GET /api/v1/organizations/3/image HTTP/1.1" 200 -
INFO:werkzeug:127.0.0.1 - - [21/Jun/2024 19:58:56] "GET /api/v1/organizations/3/image HTTP/1.1" 200 -
INFO:werkzeug:127.0.0.1 - - [21/Jun/2024 19:58:57] "GET /api/v1/organizations HTTP/1.1" 200 -
INFO:werkzeug:127.0.0.1 - - [21/Jun/2024 19:58:58] "GET /api/v1/events?categories=Brothers HTTP/1.1" 200 -
INFO:werkzeug:127.0.0.1 - - [21/Jun/2024 19:59:00] "GET /api/v1/organizations/3/image HTTP/1.1" 200 -
INFO:werkzeug:127.0.0.1 - - [21/Jun/2024 19:59:00] "GET /api/v1/organizations HTTP/1.1" 200 -
INFO:werkzeug:127.0.0.1 - - [21/Jun/2024 19:59:00] "GET /api/v1/events HTTP/1.1" 200 -
INFO:werkzeug:127.0.0.1 - - [21/Jun/2024 19:59:00] "GET /api/v1/organizations/3/image HTTP/1.1" 200 -
INFO:werkzeug:127.0.0.1 - - [21/Jun/2024 19:59:00] "GET /api/v1/organizations/3/image HTTP/1.1" 200 -
INFO:werkzeug:127.0.0.1 - - [21/Jun/2024 19:59:00] "GET /api/v1/organizations/3/image HTTP/1.1" 200 -
INFO:werkzeug:127.0.0.1 - - [21/Jun/2024 19:59:45] "GET /api/v1/favicon.ico HTTP/1.1" 200 -
INFO:werkzeug:127.0.0.1 - - [21/Jun/2024 19:59:45] "GET /api/v1/favicon.ico HTTP/1.1" 200 -
INFO:werkzeug:127.0.0.1 - - [21/Jun/2024 19:59:50] "GET /api/v1/favicon.ico HTTP/1.1" 200 -
INFO:werkzeug:127.0.0.1 - - [21/Jun/2024 19:59:50] "GET /api/v1/favicon.ico HTTP/1.1" 200 -
INFO:werkzeug:127.0.0.1 - - [21/Jun/2024 19:59:55] "GET /api/v1/events HTTP/1.1" 200 -
INFO:werkzeug:127.0.0.1 - - [21/Jun/2024 19:59:56] "GET /favicon.ico HTTP/1.1" 200 -
INFO:werkzeug:127.0.0.1 - - [21/Jun/2024 19:59:59] "GET /api/v1/events/10 HTTP/1.1" 200 -
INFO:werkzeug:127.0.0.1 - - [21/Jun/2024 19:59:59] "GET /api/v1/events/10 HTTP/1.1" 200 -
INFO:werkzeug:127.0.0.1 - - [21/Jun/2024 20:00:00] "GET /api/v1/events/4 HTTP/1.1" 200 -
INFO:werkzeug:127.0.0.1 - - [21/Jun/2024 20:00:00] "GET /api/v1/events/4 HTTP/1.1" 200 -
INFO:werkzeug:127.0.0.1 - - [21/Jun/2024 20:00:00] "GET /api/v1/events/10 HTTP/1.1" 200 -
INFO:werkzeug:127.0.0.1 - - [21/Jun/2024 20:00:00] "GET /api/v1/events/10 HTTP/1.1" 200 -
INFO:werkzeug:127.0.0.1 - - [21/Jun/2024 20:00:00] "GET /api/v1/events/4 HTTP/1.1" 200 -
INFO:werkzeug:127.0.0.1 - - [21/Jun/2024 20:00:00] "GET /api/v1/events/4 HTTP/1.1" 200 -
INFO:werkzeug:127.0.0.1 - - [21/Jun/2024 20:01:15] "GET /api/v1/organizations HTTP/1.1" 200 -
INFO:werkzeug:127.0.0.1 - - [21/Jun/2024 20:01:15] "GET /api/v1/events HTTP/1.1" 200 -
INFO:werkzeug:127.0.0.1 - - [21/Jun/2024 20:01:15] "GET /api/v1/organizations HTTP/1.1" 200 -
INFO:werkzeug:127.0.0.1 - - [21/Jun/2024 20:01:16] "GET /api/v1/events HTTP/1.1" 200 -
INFO:werkzeug:127.0.0.1 - - [21/Jun/2024 20:01:16] "GET /api/v1/organizations/3/image HTTP/1.1" 200 -
INFO:werkzeug:127.0.0.1 - - [21/Jun/2024 20:01:16] "GET /api/v1/organizations/3/image HTTP/1.1" 200 -
INFO:werkzeug:127.0.0.1 - - [21/Jun/2024 20:52:46] "GET /api/v1/organizations HTTP/1.1" 200 -
INFO:werkzeug:127.0.0.1 - - [21/Jun/2024 20:52:46] "GET /api/v1/events HTTP/1.1" 200 -
INFO:werkzeug:127.0.0.1 - - [21/Jun/2024 20:52:46] "GET /api/v1/organizations HTTP/1.1" 200 -
INFO:werkzeug:127.0.0.1 - - [21/Jun/2024 20:52:46] "GET /api/v1/events HTTP/1.1" 200 -
INFO:werkzeug:127.0.0.1 - - [21/Jun/2024 20:52:46] "GET /api/v1/organizations/3/image HTTP/1.1" 200 -
INFO:werkzeug:127.0.0.1 - - [21/Jun/2024 20:52:46] "GET /api/v1/organizations/3/image HTTP/1.1" 200 -
INFO:werkzeug:127.0.0.1 - - [21/Jun/2024 20:52:52] "GET /api/v1/organizations HTTP/1.1" 200 -
INFO:werkzeug:127.0.0.1 - - [21/Jun/2024 20:52:52] "GET /api/v1/events?categories=Brothers HTTP/1.1" 200 -
INFO:werkzeug:127.0.0.1 - - [21/Jun/2024 20:52:54] "GET /api/v1/organizations/3/image HTTP/1.1" 200 -
INFO:werkzeug:127.0.0.1 - - [21/Jun/2024 20:52:54] "GET /api/v1/organizations HTTP/1.1" 200 -
INFO:werkzeug:127.0.0.1 - - [21/Jun/2024 20:52:54] "GET /api/v1/events HTTP/1.1" 200 -
INFO:werkzeug:127.0.0.1 - - [21/Jun/2024 20:52:54] "GET /api/v1/organizations/3/image HTTP/1.1" 200 -
INFO:werkzeug:127.0.0.1 - - [21/Jun/2024 20:52:54] "GET /api/v1/organizations/3/image HTTP/1.1" 200 -
INFO:werkzeug:127.0.0.1 - - [21/Jun/2024 20:52:54] "GET /api/v1/organizations/3/image HTTP/1.1" 200 -
INFO:werkzeug:127.0.0.1 - - [21/Jun/2024 20:52:57] "GET /api/v1/organizations HTTP/1.1" 200 -
INFO:werkzeug:127.0.0.1 - - [21/Jun/2024 20:52:58] "GET /api/v1/events?categories=Halaqas HTTP/1.1" 200 -
INFO:werkzeug:127.0.0.1 - - [21/Jun/2024 20:52:59] "GET /api/v1/organizations/3/image HTTP/1.1" 200 -
INFO:werkzeug:127.0.0.1 - - [21/Jun/2024 20:52:59] "GET /api/v1/organizations HTTP/1.1" 200 -
INFO:werkzeug:127.0.0.1 - - [21/Jun/2024 20:53:00] "GET /api/v1/events HTTP/1.1" 200 -
INFO:werkzeug:127.0.0.1 - - [21/Jun/2024 20:53:00] "GET /api/v1/organizations/3/image HTTP/1.1" 200 -
INFO:werkzeug:127.0.0.1 - - [21/Jun/2024 20:53:00] "GET /api/v1/organizations/3/image HTTP/1.1" 200 -
INFO:werkzeug:127.0.0.1 - - [21/Jun/2024 20:53:00] "GET /api/v1/organizations/3/image HTTP/1.1" 200 -
INFO:werkzeug:127.0.0.1 - - [21/Jun/2024 20:53:03] "GET /api/v1/events HTTP/1.1" 200 -
INFO:werkzeug:127.0.0.1 - - [21/Jun/2024 20:53:04] "[36mGET /favicon.ico HTTP/1.1[0m" 304 -
INFO:root:Started
INFO:sqlalchemy.engine.Engine:SELECT DATABASE()
INFO:sqlalchemy.engine.Engine:[raw sql] {}
INFO:sqlalchemy.engine.Engine:SELECT @@sql_mode
INFO:sqlalchemy.engine.Engine:[raw sql] {}
INFO:sqlalchemy.engine.Engine:SELECT @@lower_case_table_names
INFO:sqlalchemy.engine.Engine:[raw sql] {}
INFO:sqlalchemy.engine.Engine:BEGIN (implicit)
INFO:sqlalchemy.engine.Engine:DESCRIBE `salamcity`.`organizations`
INFO:sqlalchemy.engine.Engine:[raw sql] {}
INFO:sqlalchemy.engine.Engine:DESCRIBE `salamcity`.`events`
INFO:sqlalchemy.engine.Engine:[raw sql] {}
INFO:sqlalchemy.engine.Engine:DESCRIBE `salamcity`.`prayer_times`
INFO:sqlalchemy.engine.Engine:[raw sql] {}
INFO:sqlalchemy.engine.Engine:COMMIT
INFO:root:Database connected
INFO:sqlalchemy.engine.Engine:BEGIN (implicit)
INFO:sqlalchemy.engine.Engine:SELECT organizations.id AS organizations_id, organizations.name AS organizations_name, organizations.name_short AS organizations_name_short, organizations.location AS organizations_location, organizations.phone_number AS organizations_phone_number, organizations.email AS organizations_email, organizations.description AS organizations_description, organizations.image AS organizations_image, organizations.website AS organizations_website, organizations.facebook AS organizations_facebook, organizations.twitter AS organizations_twitter, organizations.instagram AS organizations_instagram, organizations.youtube AS organizations_youtube 
FROM organizations
INFO:sqlalchemy.engine.Engine:[generated in 0.00116s] {}
INFO:sqlalchemy.engine.Engine:ROLLBACK
INFO:werkzeug:[31m[1mWARNING: This is a development server. Do not use it in a production deployment. Use a production WSGI server instead.[0m
 * Running on http://127.0.0.1:5000
INFO:werkzeug:[33mPress CTRL+C to quit[0m
INFO:sqlalchemy.engine.Engine:BEGIN (implicit)
INFO:sqlalchemy.engine.Engine:SELECT events.id AS events_id, events.title AS events_title, events.link AS events_link, events.sub_links AS events_sub_links, events.image AS events_image, events.date AS events_date, events.start_time AS events_start_time, events.end_time AS events_end_time, events.location AS events_location, events.short_description AS events_short_description, events.full_description AS events_full_description, events.other_info AS events_other_info, events.cost AS events_cost, events.created_at AS events_created_at, events.is_video AS events_is_video, events.is_new AS events_is_new, events.is_active AS events_is_active, events.updated_at AS events_updated_at, events.categories AS events_categories, events.organization_id AS events_organization_id, events.organization_name AS events_organization_name 
FROM events 
WHERE events.is_active = true
INFO:sqlalchemy.engine.Engine:[generated in 0.00076s] {}
INFO:sqlalchemy.engine.Engine:ROLLBACK
INFO:werkzeug:127.0.0.1 - - [21/Jun/2024 20:56:53] "GET /api/v1/events HTTP/1.1" 200 -
INFO:werkzeug:127.0.0.1 - - [21/Jun/2024 20:56:55] "[36mGET /favicon.ico HTTP/1.1[0m" 304 -
INFO:werkzeug:127.0.0.1 - - [21/Jun/2024 20:57:10] "GET /api/v1/organizations HTTP/1.1" 200 -
INFO:werkzeug:127.0.0.1 - - [21/Jun/2024 20:57:10] "GET /api/v1/events?categories=Sisters HTTP/1.1" 200 -
INFO:werkzeug:127.0.0.1 - - [21/Jun/2024 20:57:12] "GET /api/v1/events?categories=Sisters,Eid+Celebrations HTTP/1.1" 200 -
INFO:werkzeug:127.0.0.1 - - [21/Jun/2024 20:57:12] "GET /api/v1/organizations HTTP/1.1" 200 -
INFO:werkzeug:127.0.0.1 - - [21/Jun/2024 20:57:14] "GET /api/v1/events?categories=Eid+Celebrations HTTP/1.1" 200 -
INFO:werkzeug:127.0.0.1 - - [21/Jun/2024 20:57:14] "GET /api/v1/organizations HTTP/1.1" 200 -
INFO:sqlalchemy.engine.Engine:BEGIN (implicit)
INFO:sqlalchemy.engine.Engine:SELECT organizations.id AS organizations_id, organizations.name AS organizations_name, organizations.name_short AS organizations_name_short, organizations.location AS organizations_location, organizations.phone_number AS organizations_phone_number, organizations.email AS organizations_email, organizations.description AS organizations_description, organizations.image AS organizations_image, organizations.website AS organizations_website, organizations.facebook AS organizations_facebook, organizations.twitter AS organizations_twitter, organizations.instagram AS organizations_instagram, organizations.youtube AS organizations_youtube 
FROM organizations 
WHERE organizations.id = %(id_1)s 
 LIMIT %(param_1)s
INFO:sqlalchemy.engine.Engine:[generated in 0.00121s] {'id_1': 3, 'param_1': 1}
INFO:sqlalchemy.engine.Engine:ROLLBACK
INFO:werkzeug:127.0.0.1 - - [21/Jun/2024 20:57:15] "GET /api/v1/organizations/3/image HTTP/1.1" 200 -
INFO:werkzeug:127.0.0.1 - - [21/Jun/2024 20:57:15] "GET /api/v1/organizations HTTP/1.1" 200 -
INFO:werkzeug:127.0.0.1 - - [21/Jun/2024 20:57:15] "GET /api/v1/events HTTP/1.1" 200 -
INFO:werkzeug:127.0.0.1 - - [21/Jun/2024 20:57:15] "GET /api/v1/organizations/3/image HTTP/1.1" 200 -
INFO:werkzeug:127.0.0.1 - - [21/Jun/2024 20:57:16] "GET /api/v1/organizations/3/image HTTP/1.1" 200 -
INFO:werkzeug:127.0.0.1 - - [21/Jun/2024 20:57:16] "GET /api/v1/organizations/3/image HTTP/1.1" 200 -
INFO:werkzeug:127.0.0.1 - - [21/Jun/2024 20:57:22] "GET /api/v1/organizations HTTP/1.1" 200 -
INFO:werkzeug:127.0.0.1 - - [21/Jun/2024 20:57:22] "GET /api/v1/events?categories=Community+Gatherings HTTP/1.1" 200 -
INFO:werkzeug:127.0.0.1 - - [21/Jun/2024 20:57:24] "GET /api/v1/organizations/3/image HTTP/1.1" 200 -
INFO:werkzeug:127.0.0.1 - - [21/Jun/2024 20:57:24] "GET /api/v1/organizations HTTP/1.1" 200 -
INFO:werkzeug:127.0.0.1 - - [21/Jun/2024 20:57:24] "GET /api/v1/events HTTP/1.1" 200 -
INFO:werkzeug:127.0.0.1 - - [21/Jun/2024 20:57:24] "GET /api/v1/organizations/3/image HTTP/1.1" 200 -
INFO:werkzeug:127.0.0.1 - - [21/Jun/2024 20:57:24] "GET /api/v1/organizations/3/image HTTP/1.1" 200 -
INFO:werkzeug:127.0.0.1 - - [21/Jun/2024 20:57:24] "GET /api/v1/organizations/3/image HTTP/1.1" 200 -
INFO:werkzeug:127.0.0.1 - - [21/Jun/2024 21:21:34] "GET /api/v1/organizations HTTP/1.1" 200 -
INFO:werkzeug:127.0.0.1 - - [21/Jun/2024 21:21:34] "GET /api/v1/events HTTP/1.1" 200 -
INFO:werkzeug:127.0.0.1 - - [21/Jun/2024 21:21:35] "GET /api/v1/organizations/3/image HTTP/1.1" 200 -
INFO:werkzeug:127.0.0.1 - - [21/Jun/2024 21:21:35] "GET /api/v1/organizations/3/image HTTP/1.1" 200 -
INFO:werkzeug:127.0.0.1 - - [21/Jun/2024 21:22:24] "GET /api/v1/organizations HTTP/1.1" 200 -
INFO:werkzeug:127.0.0.1 - - [21/Jun/2024 21:22:24] "GET /api/v1/events?organization_id=2 HTTP/1.1" 200 -
INFO:werkzeug:127.0.0.1 - - [21/Jun/2024 21:22:26] "GET /api/v1/events?organization_id=8 HTTP/1.1" 200 -
INFO:werkzeug:127.0.0.1 - - [21/Jun/2024 21:22:26] "GET /api/v1/organizations HTTP/1.1" 200 -
INFO:werkzeug:127.0.0.1 - - [21/Jun/2024 21:22:27] "GET /api/v1/events?organization_id=11 HTTP/1.1" 200 -
INFO:werkzeug:127.0.0.1 - - [21/Jun/2024 21:22:28] "GET /api/v1/organizations HTTP/1.1" 200 -
INFO:werkzeug:127.0.0.1 - - [21/Jun/2024 21:22:30] "GET /api/v1/events?organization_id=12 HTTP/1.1" 200 -
INFO:werkzeug:127.0.0.1 - - [21/Jun/2024 21:22:30] "GET /api/v1/organizations HTTP/1.1" 200 -
INFO:werkzeug:127.0.0.1 - - [21/Jun/2024 21:22:32] "GET /api/v1/organizations HTTP/1.1" 200 -
INFO:werkzeug:127.0.0.1 - - [21/Jun/2024 21:22:33] "GET /api/v1/events?organization_id=13 HTTP/1.1" 200 -
INFO:werkzeug:127.0.0.1 - - [21/Jun/2024 21:22:37] "GET /api/v1/organizations HTTP/1.1" 200 -
INFO:werkzeug:127.0.0.1 - - [21/Jun/2024 21:22:37] "GET /api/v1/events?organization_id=4 HTTP/1.1" 200 -
INFO:werkzeug:127.0.0.1 - - [21/Jun/2024 21:22:40] "GET /api/v1/organizations/3/image HTTP/1.1" 200 -
INFO:werkzeug:127.0.0.1 - - [21/Jun/2024 21:22:41] "GET /api/v1/organizations HTTP/1.1" 200 -
INFO:werkzeug:127.0.0.1 - - [21/Jun/2024 21:22:41] "GET /api/v1/events HTTP/1.1" 200 -
INFO:werkzeug:127.0.0.1 - - [21/Jun/2024 21:22:41] "GET /api/v1/organizations/3/image HTTP/1.1" 200 -
INFO:werkzeug:127.0.0.1 - - [21/Jun/2024 21:22:41] "GET /api/v1/organizations/3/image HTTP/1.1" 200 -
INFO:werkzeug:127.0.0.1 - - [21/Jun/2024 21:22:41] "GET /api/v1/organizations/3/image HTTP/1.1" 200 -
INFO:werkzeug:127.0.0.1 - - [21/Jun/2024 21:22:44] "GET /api/v1/events?categories=Children HTTP/1.1" 200 -
INFO:werkzeug:127.0.0.1 - - [21/Jun/2024 21:22:45] "GET /api/v1/organizations HTTP/1.1" 200 -
INFO:werkzeug:127.0.0.1 - - [21/Jun/2024 21:22:46] "GET /api/v1/organizations/3/image HTTP/1.1" 200 -
INFO:werkzeug:127.0.0.1 - - [21/Jun/2024 21:22:46] "GET /api/v1/organizations HTTP/1.1" 200 -
INFO:werkzeug:127.0.0.1 - - [21/Jun/2024 21:22:46] "GET /api/v1/events HTTP/1.1" 200 -
INFO:werkzeug:127.0.0.1 - - [21/Jun/2024 21:22:46] "GET /api/v1/organizations/3/image HTTP/1.1" 200 -
INFO:werkzeug:127.0.0.1 - - [21/Jun/2024 21:22:47] "GET /api/v1/organizations/3/image HTTP/1.1" 200 -
INFO:werkzeug:127.0.0.1 - - [21/Jun/2024 21:22:47] "GET /api/v1/organizations/3/image HTTP/1.1" 200 -
INFO:werkzeug:127.0.0.1 - - [21/Jun/2024 21:22:52] "GET /api/v1/organizations HTTP/1.1" 200 -
INFO:werkzeug:127.0.0.1 - - [21/Jun/2024 21:22:53] "GET /api/v1/events?categories=Halaqas HTTP/1.1" 200 -
INFO:werkzeug:127.0.0.1 - - [21/Jun/2024 21:22:54] "GET /api/v1/organizations/3/image HTTP/1.1" 200 -
INFO:werkzeug:127.0.0.1 - - [21/Jun/2024 21:22:54] "GET /api/v1/organizations HTTP/1.1" 200 -
INFO:werkzeug:127.0.0.1 - - [21/Jun/2024 21:22:54] "GET /api/v1/events HTTP/1.1" 200 -
INFO:werkzeug:127.0.0.1 - - [21/Jun/2024 21:22:54] "GET /api/v1/organizations/3/image HTTP/1.1" 200 -
INFO:werkzeug:127.0.0.1 - - [21/Jun/2024 21:22:55] "GET /api/v1/organizations/3/image HTTP/1.1" 200 -
INFO:werkzeug:127.0.0.1 - - [21/Jun/2024 21:22:55] "GET /api/v1/organizations/3/image HTTP/1.1" 200 -
INFO:werkzeug:127.0.0.1 - - [21/Jun/2024 21:23:08] "GET /api/v1/organizations HTTP/1.1" 200 -
INFO:werkzeug:127.0.0.1 - - [21/Jun/2024 21:23:08] "GET /api/v1/events?categories=Sisters HTTP/1.1" 200 -
INFO:werkzeug:127.0.0.1 - - [21/Jun/2024 21:23:11] "GET /api/v1/organizations HTTP/1.1" 200 -
INFO:werkzeug:127.0.0.1 - - [21/Jun/2024 21:23:11] "GET /api/v1/events?categories=Sisters,Eid+Celebrations HTTP/1.1" 200 -
INFO:werkzeug:127.0.0.1 - - [21/Jun/2024 21:23:13] "GET /api/v1/organizations HTTP/1.1" 200 -
INFO:werkzeug:127.0.0.1 - - [21/Jun/2024 21:23:13] "GET /api/v1/events?categories=Eid+Celebrations HTTP/1.1" 200 -
INFO:werkzeug:127.0.0.1 - - [21/Jun/2024 21:23:15] "GET /api/v1/organizations/3/image HTTP/1.1" 200 -
INFO:werkzeug:127.0.0.1 - - [21/Jun/2024 21:23:15] "GET /api/v1/events HTTP/1.1" 200 -
INFO:werkzeug:127.0.0.1 - - [21/Jun/2024 21:23:15] "GET /api/v1/organizations HTTP/1.1" 200 -
INFO:werkzeug:127.0.0.1 - - [21/Jun/2024 21:23:15] "GET /api/v1/organizations/3/image HTTP/1.1" 200 -
INFO:werkzeug:127.0.0.1 - - [21/Jun/2024 21:23:15] "GET /api/v1/organizations/3/image HTTP/1.1" 200 -
INFO:werkzeug:127.0.0.1 - - [21/Jun/2024 21:23:15] "GET /api/v1/organizations/3/image HTTP/1.1" 200 -
INFO:werkzeug:127.0.0.1 - - [21/Jun/2024 21:23:17] "GET /api/v1/organizations HTTP/1.1" 200 -
INFO:werkzeug:127.0.0.1 - - [21/Jun/2024 21:23:18] "GET /api/v1/events?categories=Community+Gatherings HTTP/1.1" 200 -
INFO:werkzeug:127.0.0.1 - - [21/Jun/2024 21:23:19] "GET /api/v1/organizations/3/image HTTP/1.1" 200 -
INFO:werkzeug:127.0.0.1 - - [21/Jun/2024 21:23:19] "GET /api/v1/organizations HTTP/1.1" 200 -
INFO:werkzeug:127.0.0.1 - - [21/Jun/2024 21:23:19] "GET /api/v1/events HTTP/1.1" 200 -
INFO:werkzeug:127.0.0.1 - - [21/Jun/2024 21:23:19] "GET /api/v1/organizations/3/image HTTP/1.1" 200 -
INFO:werkzeug:127.0.0.1 - - [21/Jun/2024 21:23:19] "GET /api/v1/organizations/3/image HTTP/1.1" 200 -
INFO:werkzeug:127.0.0.1 - - [21/Jun/2024 21:23:20] "GET /api/v1/organizations/3/image HTTP/1.1" 200 -
INFO:werkzeug:127.0.0.1 - - [21/Jun/2024 21:23:21] "GET /api/v1/organizations HTTP/1.1" 200 -
INFO:werkzeug:127.0.0.1 - - [21/Jun/2024 21:23:22] "GET /api/v1/events?categories=Health+and+Wellness HTTP/1.1" 200 -
INFO:werkzeug:127.0.0.1 - - [21/Jun/2024 21:23:23] "GET /api/v1/organizations/3/image HTTP/1.1" 200 -
INFO:werkzeug:127.0.0.1 - - [21/Jun/2024 21:23:23] "GET /api/v1/organizations HTTP/1.1" 200 -
INFO:werkzeug:127.0.0.1 - - [21/Jun/2024 21:23:23] "GET /api/v1/events HTTP/1.1" 200 -
INFO:werkzeug:127.0.0.1 - - [21/Jun/2024 21:23:24] "GET /api/v1/organizations/3/image HTTP/1.1" 200 -
INFO:werkzeug:127.0.0.1 - - [21/Jun/2024 21:23:24] "GET /api/v1/organizations/3/image HTTP/1.1" 200 -
INFO:werkzeug:127.0.0.1 - - [21/Jun/2024 21:23:24] "GET /api/v1/organizations/3/image HTTP/1.1" 200 -
INFO:werkzeug:127.0.0.1 - - [21/Jun/2024 21:23:26] "GET /api/v1/events?categories=Lectures HTTP/1.1" 200 -
INFO:werkzeug:127.0.0.1 - - [21/Jun/2024 21:23:26] "GET /api/v1/organizations HTTP/1.1" 200 -
INFO:werkzeug:127.0.0.1 - - [21/Jun/2024 21:23:28] "GET /api/v1/organizations/3/image HTTP/1.1" 200 -
INFO:werkzeug:127.0.0.1 - - [21/Jun/2024 21:23:28] "GET /api/v1/organizations HTTP/1.1" 200 -
INFO:werkzeug:127.0.0.1 - - [21/Jun/2024 21:23:28] "GET /api/v1/events HTTP/1.1" 200 -
INFO:werkzeug:127.0.0.1 - - [21/Jun/2024 21:23:28] "GET /api/v1/organizations/3/image HTTP/1.1" 200 -
INFO:werkzeug:127.0.0.1 - - [21/Jun/2024 21:23:28] "GET /api/v1/organizations/3/image HTTP/1.1" 200 -
INFO:werkzeug:127.0.0.1 - - [21/Jun/2024 21:23:29] "GET /api/v1/organizations/3/image HTTP/1.1" 200 -
INFO:werkzeug:127.0.0.1 - - [21/Jun/2024 21:23:58] "GET /api/v1/organizations HTTP/1.1" 200 -
INFO:werkzeug:127.0.0.1 - - [21/Jun/2024 21:23:58] "GET /api/v1/events HTTP/1.1" 200 -
INFO:werkzeug:127.0.0.1 - - [21/Jun/2024 21:23:59] "GET /api/v1/organizations/3/image HTTP/1.1" 200 -
INFO:werkzeug:127.0.0.1 - - [21/Jun/2024 21:23:59] "GET /api/v1/organizations/3/image HTTP/1.1" 200 -
INFO:werkzeug:127.0.0.1 - - [21/Jun/2024 21:24:02] "GET /api/v1/organizations HTTP/1.1" 200 -
INFO:werkzeug:127.0.0.1 - - [21/Jun/2024 21:24:02] "GET /api/v1/events?categories=Sisters HTTP/1.1" 200 -
INFO:werkzeug:127.0.0.1 - - [21/Jun/2024 21:24:04] "GET /api/v1/organizations/3/image HTTP/1.1" 200 -
INFO:werkzeug:127.0.0.1 - - [21/Jun/2024 21:24:04] "GET /api/v1/organizations HTTP/1.1" 200 -
INFO:werkzeug:127.0.0.1 - - [21/Jun/2024 21:24:04] "GET /api/v1/events HTTP/1.1" 200 -
INFO:werkzeug:127.0.0.1 - - [21/Jun/2024 21:24:05] "GET /api/v1/organizations/3/image HTTP/1.1" 200 -
INFO:werkzeug:127.0.0.1 - - [21/Jun/2024 21:24:05] "GET /api/v1/organizations/3/image HTTP/1.1" 200 -
INFO:werkzeug:127.0.0.1 - - [21/Jun/2024 21:24:05] "GET /api/v1/organizations/3/image HTTP/1.1" 200 -
INFO:werkzeug:127.0.0.1 - - [21/Jun/2024 21:24:06] "GET /api/v1/events?organization_id=9 HTTP/1.1" 200 -
INFO:werkzeug:127.0.0.1 - - [21/Jun/2024 21:24:06] "GET /api/v1/organizations HTTP/1.1" 200 -
INFO:werkzeug:127.0.0.1 - - [21/Jun/2024 21:24:08] "GET /api/v1/organizations/3/image HTTP/1.1" 200 -
INFO:werkzeug:127.0.0.1 - - [21/Jun/2024 21:24:08] "GET /api/v1/organizations HTTP/1.1" 200 -
INFO:werkzeug:127.0.0.1 - - [21/Jun/2024 21:24:08] "GET /api/v1/events HTTP/1.1" 200 -
INFO:werkzeug:127.0.0.1 - - [21/Jun/2024 21:24:08] "GET /api/v1/organizations/3/image HTTP/1.1" 200 -
INFO:werkzeug:127.0.0.1 - - [21/Jun/2024 21:24:08] "GET /api/v1/organizations/3/image HTTP/1.1" 200 -
INFO:werkzeug:127.0.0.1 - - [21/Jun/2024 21:24:08] "GET /api/v1/organizations/3/image HTTP/1.1" 200 -
INFO:werkzeug:127.0.0.1 - - [21/Jun/2024 21:24:24] "GET /api/v1/organizations HTTP/1.1" 200 -
INFO:werkzeug:127.0.0.1 - - [21/Jun/2024 21:24:24] "GET /api/v1/events?categories=Sports+and+Recreation HTTP/1.1" 200 -
INFO:werkzeug:127.0.0.1 - - [21/Jun/2024 21:24:26] "GET /api/v1/organizations/3/image HTTP/1.1" 200 -
INFO:werkzeug:127.0.0.1 - - [21/Jun/2024 21:24:26] "GET /api/v1/events HTTP/1.1" 200 -
INFO:werkzeug:127.0.0.1 - - [21/Jun/2024 21:24:26] "GET /api/v1/organizations HTTP/1.1" 200 -
INFO:werkzeug:127.0.0.1 - - [21/Jun/2024 21:24:26] "GET /api/v1/organizations/3/image HTTP/1.1" 200 -
INFO:werkzeug:127.0.0.1 - - [21/Jun/2024 21:24:26] "GET /api/v1/organizations/3/image HTTP/1.1" 200 -
INFO:werkzeug:127.0.0.1 - - [21/Jun/2024 21:24:27] "GET /api/v1/organizations/3/image HTTP/1.1" 200 -
INFO:werkzeug:127.0.0.1 - - [21/Jun/2024 21:24:28] "GET /api/v1/organizations HTTP/1.1" 200 -
INFO:werkzeug:127.0.0.1 - - [21/Jun/2024 21:24:28] "GET /api/v1/events?categories=Brothers HTTP/1.1" 200 -
INFO:werkzeug:127.0.0.1 - - [21/Jun/2024 21:24:30] "GET /api/v1/organizations/3/image HTTP/1.1" 200 -
INFO:werkzeug:127.0.0.1 - - [21/Jun/2024 21:24:30] "GET /api/v1/organizations HTTP/1.1" 200 -
INFO:werkzeug:127.0.0.1 - - [21/Jun/2024 21:24:30] "GET /api/v1/events HTTP/1.1" 200 -
INFO:werkzeug:127.0.0.1 - - [21/Jun/2024 21:24:30] "GET /api/v1/organizations/3/image HTTP/1.1" 200 -
INFO:werkzeug:127.0.0.1 - - [21/Jun/2024 21:24:30] "GET /api/v1/organizations/3/image HTTP/1.1" 200 -
INFO:werkzeug:127.0.0.1 - - [21/Jun/2024 21:24:30] "GET /api/v1/organizations/3/image HTTP/1.1" 200 -
INFO:werkzeug:127.0.0.1 - - [21/Jun/2024 21:24:36] "GET /api/v1/organizations HTTP/1.1" 200 -
INFO:werkzeug:127.0.0.1 - - [21/Jun/2024 21:24:36] "GET /api/v1/events?categories=Professional+Development HTTP/1.1" 200 -
INFO:werkzeug:127.0.0.1 - - [21/Jun/2024 21:24:38] "GET /api/v1/organizations/3/image HTTP/1.1" 200 -
INFO:werkzeug:127.0.0.1 - - [21/Jun/2024 21:24:38] "GET /api/v1/organizations HTTP/1.1" 200 -
INFO:werkzeug:127.0.0.1 - - [21/Jun/2024 21:24:38] "GET /api/v1/events HTTP/1.1" 200 -
INFO:werkzeug:127.0.0.1 - - [21/Jun/2024 21:24:39] "GET /api/v1/organizations/3/image HTTP/1.1" 200 -
INFO:werkzeug:127.0.0.1 - - [21/Jun/2024 21:24:39] "GET /api/v1/organizations/3/image HTTP/1.1" 200 -
INFO:werkzeug:127.0.0.1 - - [21/Jun/2024 21:24:39] "GET /api/v1/organizations/3/image HTTP/1.1" 200 -
INFO:werkzeug:127.0.0.1 - - [21/Jun/2024 22:48:58] "GET /api/v1/favicon.ico HTTP/1.1" 200 -
INFO:werkzeug:127.0.0.1 - - [21/Jun/2024 22:48:58] "GET /api/v1/favicon.ico HTTP/1.1" 200 -
INFO:werkzeug:127.0.0.1 - - [21/Jun/2024 22:49:02] "GET /api/v1/events HTTP/1.1" 200 -
INFO:werkzeug:127.0.0.1 - - [21/Jun/2024 23:56:13] "GET /api/v1/organizations HTTP/1.1" 200 -
INFO:werkzeug:127.0.0.1 - - [21/Jun/2024 23:56:13] "GET /api/v1/events?categories=Sisters HTTP/1.1" 200 -
INFO:werkzeug:127.0.0.1 - - [21/Jun/2024 23:56:15] "GET /api/v1/events?categories=Sisters,Brothers HTTP/1.1" 200 -
INFO:werkzeug:127.0.0.1 - - [21/Jun/2024 23:56:15] "GET /api/v1/organizations HTTP/1.1" 200 -
INFO:werkzeug:127.0.0.1 - - [21/Jun/2024 23:56:17] "GET /api/v1/organizations HTTP/1.1" 200 -
INFO:werkzeug:127.0.0.1 - - [21/Jun/2024 23:56:17] "GET /api/v1/events?categories=Brothers HTTP/1.1" 200 -
INFO:werkzeug:127.0.0.1 - - [21/Jun/2024 23:56:19] "GET /api/v1/organizations/3/image HTTP/1.1" 200 -
INFO:werkzeug:127.0.0.1 - - [21/Jun/2024 23:56:19] "GET /api/v1/organizations HTTP/1.1" 200 -
INFO:werkzeug:127.0.0.1 - - [21/Jun/2024 23:56:19] "GET /api/v1/events HTTP/1.1" 200 -
INFO:werkzeug:127.0.0.1 - - [21/Jun/2024 23:56:19] "GET /api/v1/organizations/3/image HTTP/1.1" 200 -
INFO:werkzeug:127.0.0.1 - - [21/Jun/2024 23:56:20] "GET /api/v1/organizations/3/image HTTP/1.1" 200 -
INFO:werkzeug:127.0.0.1 - - [21/Jun/2024 23:56:20] "GET /api/v1/organizations/3/image HTTP/1.1" 200 -
INFO:werkzeug:127.0.0.1 - - [21/Jun/2024 23:56:22] "GET /api/v1/organizations HTTP/1.1" 200 -
INFO:werkzeug:127.0.0.1 - - [21/Jun/2024 23:56:22] "GET /api/v1/events?organization_id=5 HTTP/1.1" 200 -
INFO:werkzeug:127.0.0.1 - - [21/Jun/2024 23:56:25] "GET /api/v1/organizations/3/image HTTP/1.1" 200 -
INFO:werkzeug:127.0.0.1 - - [21/Jun/2024 23:56:25] "GET /api/v1/organizations HTTP/1.1" 200 -
INFO:werkzeug:127.0.0.1 - - [21/Jun/2024 23:56:25] "GET /api/v1/events HTTP/1.1" 200 -
INFO:werkzeug:127.0.0.1 - - [21/Jun/2024 23:56:25] "GET /api/v1/organizations/3/image HTTP/1.1" 200 -
INFO:werkzeug:127.0.0.1 - - [21/Jun/2024 23:56:26] "GET /api/v1/organizations/3/image HTTP/1.1" 200 -
INFO:werkzeug:127.0.0.1 - - [21/Jun/2024 23:56:26] "GET /api/v1/organizations/3/image HTTP/1.1" 200 -
INFO:werkzeug:127.0.0.1 - - [21/Jun/2024 23:56:42] "GET /api/v1/organizations/3/image HTTP/1.1" 200 -
INFO:werkzeug:127.0.0.1 - - [21/Jun/2024 23:56:42] "GET /api/v1/organizations/3/image HTTP/1.1" 200 -
INFO:root:Started
INFO:sqlalchemy.engine.Engine:SELECT DATABASE()
INFO:sqlalchemy.engine.Engine:[raw sql] {}
INFO:sqlalchemy.engine.Engine:SELECT @@sql_mode
INFO:sqlalchemy.engine.Engine:[raw sql] {}
INFO:sqlalchemy.engine.Engine:SELECT @@lower_case_table_names
INFO:sqlalchemy.engine.Engine:[raw sql] {}
INFO:sqlalchemy.engine.Engine:BEGIN (implicit)
INFO:sqlalchemy.engine.Engine:DESCRIBE `salamcity`.`organizations`
INFO:sqlalchemy.engine.Engine:[raw sql] {}
INFO:sqlalchemy.engine.Engine:DESCRIBE `salamcity`.`events`
INFO:sqlalchemy.engine.Engine:[raw sql] {}
INFO:sqlalchemy.engine.Engine:DESCRIBE `salamcity`.`prayer_times`
INFO:sqlalchemy.engine.Engine:[raw sql] {}
INFO:sqlalchemy.engine.Engine:COMMIT
INFO:root:Database connected
INFO:sqlalchemy.engine.Engine:BEGIN (implicit)
INFO:sqlalchemy.engine.Engine:SELECT organizations.id AS organizations_id, organizations.name AS organizations_name, organizations.name_short AS organizations_name_short, organizations.location AS organizations_location, organizations.phone_number AS organizations_phone_number, organizations.email AS organizations_email, organizations.description AS organizations_description, organizations.image AS organizations_image, organizations.website AS organizations_website, organizations.facebook AS organizations_facebook, organizations.twitter AS organizations_twitter, organizations.instagram AS organizations_instagram, organizations.youtube AS organizations_youtube 
FROM organizations
INFO:sqlalchemy.engine.Engine:[generated in 0.00123s] {}
INFO:sqlalchemy.engine.Engine:ROLLBACK
INFO:werkzeug:[31m[1mWARNING: This is a development server. Do not use it in a production deployment. Use a production WSGI server instead.[0m
 * Running on http://127.0.0.1:5000
INFO:werkzeug:[33mPress CTRL+C to quit[0m
INFO:sqlalchemy.engine.Engine:BEGIN (implicit)
INFO:sqlalchemy.engine.Engine:SELECT events.id AS events_id, events.title AS events_title, events.link AS events_link, events.sub_links AS events_sub_links, events.image AS events_image, events.date AS events_date, events.start_time AS events_start_time, events.end_time AS events_end_time, events.location AS events_location, events.short_description AS events_short_description, events.full_description AS events_full_description, events.other_info AS events_other_info, events.cost AS events_cost, events.created_at AS events_created_at, events.is_video AS events_is_video, events.is_new AS events_is_new, events.is_active AS events_is_active, events.updated_at AS events_updated_at, events.categories AS events_categories, events.organization_id AS events_organization_id, events.organization_name AS events_organization_name 
FROM events 
WHERE events.organization_id = %(organization_id_1)s AND events.is_active = true
INFO:sqlalchemy.engine.Engine:[generated in 0.00133s] {'organization_id_1': 10}
INFO:sqlalchemy.engine.Engine:BEGIN (implicit)
INFO:sqlalchemy.engine.Engine:SELECT events.id AS events_id, events.title AS events_title, events.link AS events_link, events.sub_links AS events_sub_links, events.image AS events_image, events.date AS events_date, events.start_time AS events_start_time, events.end_time AS events_end_time, events.location AS events_location, events.short_description AS events_short_description, events.full_description AS events_full_description, events.other_info AS events_other_info, events.cost AS events_cost, events.created_at AS events_created_at, events.is_video AS events_is_video, events.is_new AS events_is_new, events.is_active AS events_is_active, events.updated_at AS events_updated_at, events.categories AS events_categories, events.organization_id AS events_organization_id, events.organization_name AS events_organization_name 
FROM events 
WHERE events.organization_id = %(organization_id_1)s AND events.is_active = true
INFO:sqlalchemy.engine.Engine:[cached since 0.0599s ago] {'organization_id_1': 10}
INFO:sqlalchemy.engine.Engine:ROLLBACK
INFO:sqlalchemy.engine.Engine:ROLLBACK
INFO:werkzeug:127.0.0.1 - - [30/Jun/2024 13:16:51] "GET /api/v1/events/10 HTTP/1.1" 200 -
INFO:werkzeug:127.0.0.1 - - [30/Jun/2024 13:16:51] "GET /api/v1/events/10 HTTP/1.1" 200 -
INFO:sqlalchemy.engine.Engine:BEGIN (implicit)
INFO:sqlalchemy.engine.Engine:SELECT events.id AS events_id, events.title AS events_title, events.link AS events_link, events.sub_links AS events_sub_links, events.image AS events_image, events.date AS events_date, events.start_time AS events_start_time, events.end_time AS events_end_time, events.location AS events_location, events.short_description AS events_short_description, events.full_description AS events_full_description, events.other_info AS events_other_info, events.cost AS events_cost, events.created_at AS events_created_at, events.is_video AS events_is_video, events.is_new AS events_is_new, events.is_active AS events_is_active, events.updated_at AS events_updated_at, events.categories AS events_categories, events.organization_id AS events_organization_id, events.organization_name AS events_organization_name 
FROM events 
WHERE events.organization_id = %(organization_id_1)s AND events.is_active = true
INFO:sqlalchemy.engine.Engine:[cached since 0.2839s ago] {'organization_id_1': 4}
INFO:sqlalchemy.engine.Engine:ROLLBACK
INFO:werkzeug:127.0.0.1 - - [30/Jun/2024 13:16:51] "GET /api/v1/events/4 HTTP/1.1" 200 -
INFO:werkzeug:127.0.0.1 - - [30/Jun/2024 13:16:51] "GET /api/v1/events/4 HTTP/1.1" 200 -
INFO:werkzeug:127.0.0.1 - - [30/Jun/2024 13:16:51] "GET /api/v1/events/10 HTTP/1.1" 200 -
INFO:werkzeug:127.0.0.1 - - [30/Jun/2024 13:16:51] "GET /api/v1/events/10 HTTP/1.1" 200 -
INFO:werkzeug:127.0.0.1 - - [30/Jun/2024 13:16:52] "GET /api/v1/events/4 HTTP/1.1" 200 -
INFO:werkzeug:127.0.0.1 - - [30/Jun/2024 13:16:52] "GET /api/v1/events/4 HTTP/1.1" 200 -
INFO:werkzeug:127.0.0.1 - - [30/Jun/2024 13:17:16] "GET /api/v1/organizations HTTP/1.1" 200 -
INFO:sqlalchemy.engine.Engine:BEGIN (implicit)
INFO:sqlalchemy.engine.Engine:SELECT events.id AS events_id, events.title AS events_title, events.link AS events_link, events.sub_links AS events_sub_links, events.image AS events_image, events.date AS events_date, events.start_time AS events_start_time, events.end_time AS events_end_time, events.location AS events_location, events.short_description AS events_short_description, events.full_description AS events_full_description, events.other_info AS events_other_info, events.cost AS events_cost, events.created_at AS events_created_at, events.is_video AS events_is_video, events.is_new AS events_is_new, events.is_active AS events_is_active, events.updated_at AS events_updated_at, events.categories AS events_categories, events.organization_id AS events_organization_id, events.organization_name AS events_organization_name 
FROM events 
WHERE events.is_active = true
INFO:werkzeug:127.0.0.1 - - [30/Jun/2024 13:17:16] "GET /api/v1/organizations HTTP/1.1" 200 -
INFO:sqlalchemy.engine.Engine:[generated in 0.00588s] {}
INFO:sqlalchemy.engine.Engine:BEGIN (implicit)
INFO:sqlalchemy.engine.Engine:SELECT events.id AS events_id, events.title AS events_title, events.link AS events_link, events.sub_links AS events_sub_links, events.image AS events_image, events.date AS events_date, events.start_time AS events_start_time, events.end_time AS events_end_time, events.location AS events_location, events.short_description AS events_short_description, events.full_description AS events_full_description, events.other_info AS events_other_info, events.cost AS events_cost, events.created_at AS events_created_at, events.is_video AS events_is_video, events.is_new AS events_is_new, events.is_active AS events_is_active, events.updated_at AS events_updated_at, events.categories AS events_categories, events.organization_id AS events_organization_id, events.organization_name AS events_organization_name 
FROM events 
WHERE events.is_active = true
INFO:sqlalchemy.engine.Engine:[cached since 0.02193s ago] {}
INFO:sqlalchemy.engine.Engine:ROLLBACK
INFO:werkzeug:127.0.0.1 - - [30/Jun/2024 13:17:16] "GET /api/v1/events HTTP/1.1" 200 -
INFO:sqlalchemy.engine.Engine:ROLLBACK
INFO:werkzeug:127.0.0.1 - - [30/Jun/2024 13:17:16] "GET /api/v1/events HTTP/1.1" 200 -
INFO:sqlalchemy.engine.Engine:BEGIN (implicit)
INFO:sqlalchemy.engine.Engine:SELECT organizations.id AS organizations_id, organizations.name AS organizations_name, organizations.name_short AS organizations_name_short, organizations.location AS organizations_location, organizations.phone_number AS organizations_phone_number, organizations.email AS organizations_email, organizations.description AS organizations_description, organizations.image AS organizations_image, organizations.website AS organizations_website, organizations.facebook AS organizations_facebook, organizations.twitter AS organizations_twitter, organizations.instagram AS organizations_instagram, organizations.youtube AS organizations_youtube 
FROM organizations 
WHERE organizations.id = %(id_1)s 
 LIMIT %(param_1)s
INFO:sqlalchemy.engine.Engine:[generated in 0.00138s] {'id_1': 3, 'param_1': 1}
INFO:sqlalchemy.engine.Engine:ROLLBACK
INFO:werkzeug:127.0.0.1 - - [30/Jun/2024 13:17:17] "GET /api/v1/organizations/3/image HTTP/1.1" 200 -
INFO:werkzeug:127.0.0.1 - - [30/Jun/2024 13:17:17] "GET /api/v1/organizations/3/image HTTP/1.1" 200 -
INFO:werkzeug:127.0.0.1 - - [30/Jun/2024 13:17:28] "GET /events HTTP/1.1" 200 -
INFO:werkzeug:127.0.0.1 - - [30/Jun/2024 13:17:48] "GET /api/v1/events/10 HTTP/1.1" 200 -
INFO:werkzeug:127.0.0.1 - - [30/Jun/2024 13:17:48] "GET /api/v1/events/10 HTTP/1.1" 200 -
INFO:werkzeug:127.0.0.1 - - [30/Jun/2024 13:17:49] "GET /api/v1/events/4 HTTP/1.1" 200 -
INFO:werkzeug:127.0.0.1 - - [30/Jun/2024 13:17:49] "GET /api/v1/events/4 HTTP/1.1" 200 -
INFO:werkzeug:127.0.0.1 - - [30/Jun/2024 13:17:49] "GET /api/v1/events/10 HTTP/1.1" 200 -
INFO:werkzeug:127.0.0.1 - - [30/Jun/2024 13:17:49] "GET /api/v1/events/10 HTTP/1.1" 200 -
INFO:werkzeug:127.0.0.1 - - [30/Jun/2024 13:17:49] "GET /api/v1/events/4 HTTP/1.1" 200 -
INFO:werkzeug:127.0.0.1 - - [30/Jun/2024 13:17:49] "GET /api/v1/events/4 HTTP/1.1" 200 -
INFO:werkzeug:127.0.0.1 - - [30/Jun/2024 13:17:50] "GET /api/v1/organizations HTTP/1.1" 200 -
INFO:werkzeug:127.0.0.1 - - [30/Jun/2024 13:17:50] "GET /api/v1/events HTTP/1.1" 200 -
INFO:werkzeug:127.0.0.1 - - [30/Jun/2024 13:17:50] "GET /api/v1/organizations HTTP/1.1" 200 -
INFO:werkzeug:127.0.0.1 - - [30/Jun/2024 13:17:50] "GET /api/v1/events HTTP/1.1" 200 -
INFO:werkzeug:127.0.0.1 - - [30/Jun/2024 13:17:51] "GET /api/v1/organizations/3/image HTTP/1.1" 200 -
INFO:werkzeug:127.0.0.1 - - [30/Jun/2024 13:17:51] "GET /api/v1/organizations/3/image HTTP/1.1" 200 -
ERROR:werkzeug:127.0.0.1 - - [30/Jun/2024 13:53:29] code 400, message Bad request version ('ZZ\x13\x01\x13\x02\x13\x03À+À/À,À0Ì©Ì¨À\x13À\x14\x00\x9c\x00\x9d\x00/\x005\x01\x00\x01\x93êê\x00\x00\x00\x17\x00\x00ÿ\x01\x00\x01\x00\x00')
INFO:werkzeug:127.0.0.1 - - [30/Jun/2024 13:53:29] "[35m[1m\x16\x03\x01\x02\x00\x01\x00\x01ü\x03\x03*}?ü¾:Ä³É\x03®\x1bxb+~Xãî\x7f\x1dqÔ\x95\x93K\x961É\x18Ûá ê\x09\x96\x90"\x86b´\x99\x8d,V\x1aĞo?Õ\x12\\s\x993 <\x87Ë¤±Äp\x98ã\x00 ZZ\x13\x01\x13\x02\x13\x03À+À/À,À0Ì©Ì¨À\x13À\x14\x00\x9c\x00\x9d\x00/\x005\x01\x00\x01\x93êê\x00\x00\x00\x17\x00\x00ÿ\x01\x00\x01\x00\x00[0m" HTTPStatus.BAD_REQUEST -
ERROR:werkzeug:127.0.0.1 - - [30/Jun/2024 13:53:29] code 400, message Bad request version ('êê\x13\x01\x13\x02\x13\x03À+À/À,À0Ì©Ì¨À\x13À\x14\x00\x9c\x00\x9d\x00/\x005\x01\x00\x01\x93ÊÊ\x00\x00\x00\x17\x00\x00ÿ\x01\x00\x01\x00\x00')
INFO:werkzeug:127.0.0.1 - - [30/Jun/2024 13:53:29] "[35m[1m\x16\x03\x01\x02\x00\x01\x00\x01ü\x03\x03\x8c\x05\x85\x06\x1fı-GÖïäj®ò\x8dN? \x84C$¾\x95\x1dJğØı\x87O·\x89 \x17\x84\x80Ïb\x138q\x9bû¹µ\x91\x11\x00\x1eX\x91m\x84\x00\x89\x1aJ\x8e\x0f\x1d}«à}Ë\x00 êê\x13\x01\x13\x02\x13\x03À+À/À,À0Ì©Ì¨À\x13À\x14\x00\x9c\x00\x9d\x00/\x005\x01\x00\x01\x93ÊÊ\x00\x00\x00\x17\x00\x00ÿ\x01\x00\x01\x00\x00[0m" HTTPStatus.BAD_REQUEST -
ERROR:werkzeug:127.0.0.1 - - [30/Jun/2024 13:54:08] code 400, message Bad request version ('ÚÚ\x13\x01\x13\x02\x13\x03À+À/À,À0Ì©Ì¨À\x13À\x14\x00\x9c\x00\x9d\x00/\x005\x01\x00\x01\x93ºº\x00\x00\x00\x17\x00\x00ÿ\x01\x00\x01\x00\x00')
INFO:werkzeug:127.0.0.1 - - [30/Jun/2024 13:54:08] "[35m[1m\x16\x03\x01\x02\x00\x01\x00\x01ü\x03\x03£\x94ÿY¾ó\x18S\x18\x1bI\x19\x87\x0fá¥\x16\x0b\x9c<{39&Õ¦E,T\x97å| Xü\x91ÿÄ\x06\x83ü#.ã*u´\x00¢í°´ïFFè\x9bÙº\x08>©_Å\x18\x00 ÚÚ\x13\x01\x13\x02\x13\x03À+À/À,À0Ì©Ì¨À\x13À\x14\x00\x9c\x00\x9d\x00/\x005\x01\x00\x01\x93ºº\x00\x00\x00\x17\x00\x00ÿ\x01\x00\x01\x00\x00[0m" HTTPStatus.BAD_REQUEST -
ERROR:werkzeug:127.0.0.1 - - [30/Jun/2024 13:54:08] code 400, message Bad request version ('JJ\x13\x01\x13\x02\x13\x03À+À/À,À0Ì©Ì¨À\x13À\x14\x00\x9c\x00\x9d\x00/\x005\x01\x00\x01\x93zz\x00\x00\x00\x17\x00\x00ÿ\x01\x00\x01\x00\x00')
INFO:werkzeug:127.0.0.1 - - [30/Jun/2024 13:54:08] "[35m[1m\x16\x03\x01\x02\x00\x01\x00\x01ü\x03\x03\x012´^T\x08£Æ¾\x00;iÁol^ï \x1fÉV\x132îWÔ\x99h^à\x08° aq\x8d\x9f\x9aeoSª_Ò&ºØ8\x98P¬0s°j\x80²şûgÿa\x93q3\x00 JJ\x13\x01\x13\x02\x13\x03À+À/À,À0Ì©Ì¨À\x13À\x14\x00\x9c\x00\x9d\x00/\x005\x01\x00\x01\x93zz\x00\x00\x00\x17\x00\x00ÿ\x01\x00\x01\x00\x00[0m" HTTPStatus.BAD_REQUEST -
INFO:root:Started
INFO:sqlalchemy.engine.Engine:SELECT DATABASE()
INFO:sqlalchemy.engine.Engine:[raw sql] {}
INFO:sqlalchemy.engine.Engine:SELECT @@sql_mode
INFO:sqlalchemy.engine.Engine:[raw sql] {}
INFO:sqlalchemy.engine.Engine:SELECT @@lower_case_table_names
INFO:sqlalchemy.engine.Engine:[raw sql] {}
INFO:sqlalchemy.engine.Engine:BEGIN (implicit)
INFO:sqlalchemy.engine.Engine:DESCRIBE `salamcity`.`organizations`
INFO:sqlalchemy.engine.Engine:[raw sql] {}
INFO:sqlalchemy.engine.Engine:DESCRIBE `salamcity`.`events`
INFO:sqlalchemy.engine.Engine:[raw sql] {}
INFO:sqlalchemy.engine.Engine:DESCRIBE `salamcity`.`prayer_times`
INFO:sqlalchemy.engine.Engine:[raw sql] {}
INFO:sqlalchemy.engine.Engine:COMMIT
INFO:root:Database connected
INFO:sqlalchemy.engine.Engine:BEGIN (implicit)
INFO:sqlalchemy.engine.Engine:SELECT organizations.id AS organizations_id, organizations.name AS organizations_name, organizations.name_short AS organizations_name_short, organizations.location AS organizations_location, organizations.phone_number AS organizations_phone_number, organizations.email AS organizations_email, organizations.description AS organizations_description, organizations.image AS organizations_image, organizations.website AS organizations_website, organizations.facebook AS organizations_facebook, organizations.twitter AS organizations_twitter, organizations.instagram AS organizations_instagram, organizations.youtube AS organizations_youtube 
FROM organizations
INFO:sqlalchemy.engine.Engine:[generated in 0.00078s] {}
INFO:sqlalchemy.engine.Engine:ROLLBACK
INFO:werkzeug:[31m[1mWARNING: This is a development server. Do not use it in a production deployment. Use a production WSGI server instead.[0m
 * Running on http://127.0.0.1:5000
INFO:werkzeug:[33mPress CTRL+C to quit[0m
INFO:sqlalchemy.engine.Engine:BEGIN (implicit)
INFO:sqlalchemy.engine.Engine:SELECT events.id AS events_id, events.title AS events_title, events.link AS events_link, events.sub_links AS events_sub_links, events.image AS events_image, events.date AS events_date, events.start_time AS events_start_time, events.end_time AS events_end_time, events.location AS events_location, events.short_description AS events_short_description, events.full_description AS events_full_description, events.other_info AS events_other_info, events.cost AS events_cost, events.created_at AS events_created_at, events.is_video AS events_is_video, events.is_new AS events_is_new, events.is_active AS events_is_active, events.updated_at AS events_updated_at, events.categories AS events_categories, events.organization_id AS events_organization_id, events.organization_name AS events_organization_name 
FROM events 
WHERE events.organization_id = %(organization_id_1)s AND events.is_active = true
INFO:sqlalchemy.engine.Engine:[generated in 0.00185s] {'organization_id_1': 10}
INFO:sqlalchemy.engine.Engine:BEGIN (implicit)
INFO:sqlalchemy.engine.Engine:SELECT events.id AS events_id, events.title AS events_title, events.link AS events_link, events.sub_links AS events_sub_links, events.image AS events_image, events.date AS events_date, events.start_time AS events_start_time, events.end_time AS events_end_time, events.location AS events_location, events.short_description AS events_short_description, events.full_description AS events_full_description, events.other_info AS events_other_info, events.cost AS events_cost, events.created_at AS events_created_at, events.is_video AS events_is_video, events.is_new AS events_is_new, events.is_active AS events_is_active, events.updated_at AS events_updated_at, events.categories AS events_categories, events.organization_id AS events_organization_id, events.organization_name AS events_organization_name 
FROM events 
WHERE events.organization_id = %(organization_id_1)s AND events.is_active = true
INFO:sqlalchemy.engine.Engine:[cached since 0.005552s ago] {'organization_id_1': 10}
INFO:sqlalchemy.engine.Engine:ROLLBACK
INFO:sqlalchemy.engine.Engine:ROLLBACK
INFO:werkzeug:127.0.0.1 - - [01/Jul/2024 08:35:42] "GET /api/v1/events/10 HTTP/1.1" 200 -
INFO:werkzeug:127.0.0.1 - - [01/Jul/2024 08:35:42] "GET /api/v1/events/10 HTTP/1.1" 200 -
INFO:sqlalchemy.engine.Engine:BEGIN (implicit)
INFO:sqlalchemy.engine.Engine:SELECT events.id AS events_id, events.title AS events_title, events.link AS events_link, events.sub_links AS events_sub_links, events.image AS events_image, events.date AS events_date, events.start_time AS events_start_time, events.end_time AS events_end_time, events.location AS events_location, events.short_description AS events_short_description, events.full_description AS events_full_description, events.other_info AS events_other_info, events.cost AS events_cost, events.created_at AS events_created_at, events.is_video AS events_is_video, events.is_new AS events_is_new, events.is_active AS events_is_active, events.updated_at AS events_updated_at, events.categories AS events_categories, events.organization_id AS events_organization_id, events.organization_name AS events_organization_name 
FROM events 
WHERE events.organization_id = %(organization_id_1)s AND events.is_active = true
INFO:sqlalchemy.engine.Engine:[cached since 0.2108s ago] {'organization_id_1': 4}
INFO:sqlalchemy.engine.Engine:BEGIN (implicit)
INFO:sqlalchemy.engine.Engine:SELECT events.id AS events_id, events.title AS events_title, events.link AS events_link, events.sub_links AS events_sub_links, events.image AS events_image, events.date AS events_date, events.start_time AS events_start_time, events.end_time AS events_end_time, events.location AS events_location, events.short_description AS events_short_description, events.full_description AS events_full_description, events.other_info AS events_other_info, events.cost AS events_cost, events.created_at AS events_created_at, events.is_video AS events_is_video, events.is_new AS events_is_new, events.is_active AS events_is_active, events.updated_at AS events_updated_at, events.categories AS events_categories, events.organization_id AS events_organization_id, events.organization_name AS events_organization_name 
FROM events 
WHERE events.organization_id = %(organization_id_1)s AND events.is_active = true
INFO:sqlalchemy.engine.Engine:[cached since 0.2216s ago] {'organization_id_1': 4}
INFO:sqlalchemy.engine.Engine:ROLLBACK
INFO:sqlalchemy.engine.Engine:ROLLBACK
INFO:werkzeug:127.0.0.1 - - [01/Jul/2024 08:35:42] "GET /api/v1/events/4 HTTP/1.1" 200 -
INFO:werkzeug:127.0.0.1 - - [01/Jul/2024 08:35:42] "GET /api/v1/events/4 HTTP/1.1" 200 -
INFO:werkzeug:127.0.0.1 - - [01/Jul/2024 08:35:43] "GET /api/v1/events/10 HTTP/1.1" 200 -
INFO:werkzeug:127.0.0.1 - - [01/Jul/2024 08:35:43] "GET /api/v1/events/10 HTTP/1.1" 200 -
INFO:werkzeug:127.0.0.1 - - [01/Jul/2024 08:35:43] "GET /api/v1/events/4 HTTP/1.1" 200 -
INFO:werkzeug:127.0.0.1 - - [01/Jul/2024 08:35:43] "GET /api/v1/events/4 HTTP/1.1" 200 -
INFO:werkzeug:127.0.0.1 - - [01/Jul/2024 08:35:50] "GET /api/v1/organizations HTTP/1.1" 200 -
INFO:werkzeug:127.0.0.1 - - [01/Jul/2024 08:35:50] "GET /api/v1/organizations HTTP/1.1" 200 -
INFO:sqlalchemy.engine.Engine:BEGIN (implicit)
INFO:sqlalchemy.engine.Engine:BEGIN (implicit)
INFO:sqlalchemy.engine.Engine:SELECT events.id AS events_id, events.title AS events_title, events.link AS events_link, events.sub_links AS events_sub_links, events.image AS events_image, events.date AS events_date, events.start_time AS events_start_time, events.end_time AS events_end_time, events.location AS events_location, events.short_description AS events_short_description, events.full_description AS events_full_description, events.other_info AS events_other_info, events.cost AS events_cost, events.created_at AS events_created_at, events.is_video AS events_is_video, events.is_new AS events_is_new, events.is_active AS events_is_active, events.updated_at AS events_updated_at, events.categories AS events_categories, events.organization_id AS events_organization_id, events.organization_name AS events_organization_name 
FROM events 
WHERE events.is_active = true
INFO:sqlalchemy.engine.Engine:SELECT events.id AS events_id, events.title AS events_title, events.link AS events_link, events.sub_links AS events_sub_links, events.image AS events_image, events.date AS events_date, events.start_time AS events_start_time, events.end_time AS events_end_time, events.location AS events_location, events.short_description AS events_short_description, events.full_description AS events_full_description, events.other_info AS events_other_info, events.cost AS events_cost, events.created_at AS events_created_at, events.is_video AS events_is_video, events.is_new AS events_is_new, events.is_active AS events_is_active, events.updated_at AS events_updated_at, events.categories AS events_categories, events.organization_id AS events_organization_id, events.organization_name AS events_organization_name 
FROM events 
WHERE events.is_active = true
INFO:sqlalchemy.engine.Engine:[generated in 0.00146s] {}
INFO:sqlalchemy.engine.Engine:[cached since 0.001924s ago] {}
INFO:sqlalchemy.engine.Engine:ROLLBACK
INFO:sqlalchemy.engine.Engine:ROLLBACK
INFO:werkzeug:127.0.0.1 - - [01/Jul/2024 08:35:50] "GET /api/v1/events HTTP/1.1" 200 -
INFO:werkzeug:127.0.0.1 - - [01/Jul/2024 08:35:50] "GET /api/v1/events HTTP/1.1" 200 -
INFO:sqlalchemy.engine.Engine:BEGIN (implicit)
INFO:sqlalchemy.engine.Engine:SELECT organizations.id AS organizations_id, organizations.name AS organizations_name, organizations.name_short AS organizations_name_short, organizations.location AS organizations_location, organizations.phone_number AS organizations_phone_number, organizations.email AS organizations_email, organizations.description AS organizations_description, organizations.image AS organizations_image, organizations.website AS organizations_website, organizations.facebook AS organizations_facebook, organizations.twitter AS organizations_twitter, organizations.instagram AS organizations_instagram, organizations.youtube AS organizations_youtube 
FROM organizations 
WHERE organizations.id = %(id_1)s 
 LIMIT %(param_1)s
INFO:sqlalchemy.engine.Engine:[generated in 0.00082s] {'id_1': 3, 'param_1': 1}
INFO:sqlalchemy.engine.Engine:ROLLBACK
INFO:werkzeug:127.0.0.1 - - [01/Jul/2024 08:35:51] "GET /api/v1/organizations/3/image HTTP/1.1" 200 -
INFO:werkzeug:127.0.0.1 - - [01/Jul/2024 08:35:51] "GET /api/v1/organizations/3/image HTTP/1.1" 200 -
INFO:werkzeug:127.0.0.1 - - [01/Jul/2024 08:35:54] "GET /api/v1/events?organization_id=10 HTTP/1.1" 200 -
INFO:werkzeug:127.0.0.1 - - [01/Jul/2024 08:35:54] "GET /api/v1/organizations HTTP/1.1" 200 -
INFO:werkzeug:127.0.0.1 - - [01/Jul/2024 08:39:02] "GET /api/v1/organizations HTTP/1.1" 200 -
INFO:werkzeug:127.0.0.1 - - [01/Jul/2024 08:39:02] "GET /api/v1/organizations/3/image HTTP/1.1" 200 -
INFO:werkzeug:127.0.0.1 - - [01/Jul/2024 08:39:02] "GET /api/v1/organizations/3/image HTTP/1.1" 200 -
INFO:werkzeug:127.0.0.1 - - [01/Jul/2024 08:39:02] "GET /api/v1/events HTTP/1.1" 200 -
INFO:werkzeug:127.0.0.1 - - [01/Jul/2024 08:39:02] "GET /api/v1/organizations/3/image HTTP/1.1" 200 -
INFO:werkzeug:127.0.0.1 - - [01/Jul/2024 08:39:02] "GET /api/v1/organizations/3/image HTTP/1.1" 200 -
INFO:werkzeug:127.0.0.1 - - [01/Jul/2024 08:39:06] "GET /api/v1/organizations HTTP/1.1" 200 -
INFO:werkzeug:127.0.0.1 - - [01/Jul/2024 08:39:06] "GET /api/v1/events?categories=Children HTTP/1.1" 200 -
INFO:werkzeug:127.0.0.1 - - [01/Jul/2024 08:39:08] "GET /api/v1/organizations/3/image HTTP/1.1" 200 -
INFO:werkzeug:127.0.0.1 - - [01/Jul/2024 08:39:08] "GET /api/v1/organizations HTTP/1.1" 200 -
INFO:werkzeug:127.0.0.1 - - [01/Jul/2024 08:39:08] "GET /api/v1/organizations/3/image HTTP/1.1" 200 -
INFO:werkzeug:127.0.0.1 - - [01/Jul/2024 08:39:08] "GET /api/v1/events HTTP/1.1" 200 -
INFO:werkzeug:127.0.0.1 - - [01/Jul/2024 08:39:08] "GET /api/v1/organizations/3/image HTTP/1.1" 200 -
INFO:werkzeug:127.0.0.1 - - [01/Jul/2024 08:39:08] "GET /api/v1/organizations/3/image HTTP/1.1" 200 -
INFO:werkzeug:127.0.0.1 - - [01/Jul/2024 08:39:11] "GET /api/v1/organizations HTTP/1.1" 200 -
INFO:werkzeug:127.0.0.1 - - [01/Jul/2024 08:39:11] "GET /api/v1/events?categories=Uncategorized HTTP/1.1" 200 -
INFO:werkzeug:127.0.0.1 - - [01/Jul/2024 08:39:12] "GET /api/v1/organizations/3/image HTTP/1.1" 200 -
INFO:werkzeug:127.0.0.1 - - [01/Jul/2024 08:39:12] "GET /api/v1/organizations/3/image HTTP/1.1" 200 -
INFO:werkzeug:127.0.0.1 - - [01/Jul/2024 08:39:17] "GET /api/v1/organizations HTTP/1.1" 200 -
INFO:werkzeug:127.0.0.1 - - [01/Jul/2024 08:39:17] "GET /api/v1/events HTTP/1.1" 200 -
INFO:werkzeug:127.0.0.1 - - [01/Jul/2024 08:39:17] "GET /api/v1/organizations/3/image HTTP/1.1" 200 -
INFO:werkzeug:127.0.0.1 - - [01/Jul/2024 08:39:17] "GET /api/v1/organizations/3/image HTTP/1.1" 200 -
INFO:werkzeug:127.0.0.1 - - [01/Jul/2024 08:39:21] "GET /api/v1/organizations HTTP/1.1" 200 -
INFO:werkzeug:127.0.0.1 - - [01/Jul/2024 08:39:21] "GET /api/v1/events?categories=Sisters HTTP/1.1" 200 -
INFO:werkzeug:127.0.0.1 - - [01/Jul/2024 08:39:23] "GET /api/v1/organizations/3/image HTTP/1.1" 200 -
INFO:werkzeug:127.0.0.1 - - [01/Jul/2024 08:39:23] "GET /api/v1/organizations HTTP/1.1" 200 -
INFO:werkzeug:127.0.0.1 - - [01/Jul/2024 08:39:23] "GET /api/v1/events HTTP/1.1" 200 -
INFO:werkzeug:127.0.0.1 - - [01/Jul/2024 08:39:23] "GET /api/v1/organizations/3/image HTTP/1.1" 200 -
INFO:werkzeug:127.0.0.1 - - [01/Jul/2024 08:39:23] "GET /api/v1/organizations/3/image HTTP/1.1" 200 -
INFO:werkzeug:127.0.0.1 - - [01/Jul/2024 08:39:23] "GET /api/v1/organizations/3/image HTTP/1.1" 200 -
INFO:werkzeug:127.0.0.1 - - [01/Jul/2024 08:39:25] "GET /api/v1/organizations HTTP/1.1" 200 -
INFO:werkzeug:127.0.0.1 - - [01/Jul/2024 08:39:25] "GET /api/v1/events?categories=Brothers HTTP/1.1" 200 -
INFO:werkzeug:127.0.0.1 - - [01/Jul/2024 08:39:27] "GET /api/v1/organizations/3/image HTTP/1.1" 200 -
INFO:werkzeug:127.0.0.1 - - [01/Jul/2024 08:39:27] "GET /api/v1/organizations HTTP/1.1" 200 -
INFO:werkzeug:127.0.0.1 - - [01/Jul/2024 08:39:27] "GET /api/v1/events HTTP/1.1" 200 -
INFO:werkzeug:127.0.0.1 - - [01/Jul/2024 08:39:27] "GET /api/v1/organizations/3/image HTTP/1.1" 200 -
INFO:werkzeug:127.0.0.1 - - [01/Jul/2024 08:39:27] "GET /api/v1/organizations/3/image HTTP/1.1" 200 -
INFO:werkzeug:127.0.0.1 - - [01/Jul/2024 08:39:27] "GET /api/v1/organizations/3/image HTTP/1.1" 200 -
INFO:werkzeug:127.0.0.1 - - [01/Jul/2024 08:39:47] "GET /api/v1/organizations HTTP/1.1" 200 -
INFO:werkzeug:127.0.0.1 - - [01/Jul/2024 08:39:47] "GET /api/v1/events?categories=Lectures HTTP/1.1" 200 -
INFO:werkzeug:127.0.0.1 - - [01/Jul/2024 08:39:48] "GET /api/v1/organizations/3/image HTTP/1.1" 200 -
INFO:werkzeug:127.0.0.1 - - [01/Jul/2024 08:39:48] "GET /api/v1/organizations HTTP/1.1" 200 -
INFO:werkzeug:127.0.0.1 - - [01/Jul/2024 08:39:48] "GET /api/v1/events HTTP/1.1" 200 -
INFO:werkzeug:127.0.0.1 - - [01/Jul/2024 08:39:48] "GET /api/v1/organizations/3/image HTTP/1.1" 200 -
INFO:werkzeug:127.0.0.1 - - [01/Jul/2024 08:39:49] "GET /api/v1/organizations/3/image HTTP/1.1" 200 -
INFO:werkzeug:127.0.0.1 - - [01/Jul/2024 08:39:49] "GET /api/v1/organizations/3/image HTTP/1.1" 200 -
INFO:werkzeug:127.0.0.1 - - [01/Jul/2024 08:39:55] "GET /api/v1/organizations HTTP/1.1" 200 -
INFO:werkzeug:127.0.0.1 - - [01/Jul/2024 08:39:55] "GET /api/v1/events?categories=Lectures HTTP/1.1" 200 -
INFO:werkzeug:127.0.0.1 - - [01/Jul/2024 08:40:15] "GET /api/v1/organizations HTTP/1.1" 200 -
INFO:werkzeug:127.0.0.1 - - [01/Jul/2024 08:40:15] "GET /api/v1/events?categories=Lectures,Religious+Celebrations HTTP/1.1" 200 -
INFO:werkzeug:127.0.0.1 - - [01/Jul/2024 08:40:16] "GET /api/v1/organizations HTTP/1.1" 200 -
INFO:werkzeug:127.0.0.1 - - [01/Jul/2024 08:40:16] "GET /api/v1/events?categories=Lectures HTTP/1.1" 200 -
INFO:werkzeug:127.0.0.1 - - [01/Jul/2024 08:40:19] "GET /api/v1/organizations/3/image HTTP/1.1" 200 -
INFO:werkzeug:127.0.0.1 - - [01/Jul/2024 08:40:19] "GET /api/v1/organizations HTTP/1.1" 200 -
INFO:werkzeug:127.0.0.1 - - [01/Jul/2024 08:40:19] "GET /api/v1/events HTTP/1.1" 200 -
INFO:werkzeug:127.0.0.1 - - [01/Jul/2024 08:40:19] "GET /api/v1/organizations/3/image HTTP/1.1" 200 -
INFO:werkzeug:127.0.0.1 - - [01/Jul/2024 08:40:19] "GET /api/v1/organizations/3/image HTTP/1.1" 200 -
INFO:werkzeug:127.0.0.1 - - [01/Jul/2024 08:40:19] "GET /api/v1/organizations/3/image HTTP/1.1" 200 -
INFO:werkzeug:127.0.0.1 - - [01/Jul/2024 09:37:24] "GET /api/v1/organizations HTTP/1.1" 200 -
INFO:werkzeug:127.0.0.1 - - [01/Jul/2024 09:37:24] "GET /api/v1/events HTTP/1.1" 200 -
INFO:werkzeug:127.0.0.1 - - [01/Jul/2024 09:37:25] "GET /api/v1/organizations/3/image HTTP/1.1" 200 -
INFO:werkzeug:127.0.0.1 - - [01/Jul/2024 09:37:25] "GET /api/v1/organizations/3/image HTTP/1.1" 200 -
INFO:werkzeug:127.0.0.1 - - [01/Jul/2024 09:38:36] "GET /api/v1/events/10 HTTP/1.1" 200 -
INFO:werkzeug:127.0.0.1 - - [01/Jul/2024 09:38:36] "GET /api/v1/events/10 HTTP/1.1" 200 -
INFO:werkzeug:127.0.0.1 - - [01/Jul/2024 09:38:36] "GET /api/v1/events/4 HTTP/1.1" 200 -
INFO:werkzeug:127.0.0.1 - - [01/Jul/2024 09:38:36] "GET /api/v1/events/4 HTTP/1.1" 200 -
INFO:werkzeug:127.0.0.1 - - [01/Jul/2024 09:38:36] "GET /api/v1/events/10 HTTP/1.1" 200 -
INFO:werkzeug:127.0.0.1 - - [01/Jul/2024 09:38:37] "GET /api/v1/organizations HTTP/1.1" 200 -
INFO:werkzeug:127.0.0.1 - - [01/Jul/2024 09:38:37] "GET /api/v1/events/10 HTTP/1.1" 200 -
INFO:werkzeug:127.0.0.1 - - [01/Jul/2024 09:38:37] "GET /api/v1/events/4 HTTP/1.1" 200 -
INFO:werkzeug:127.0.0.1 - - [01/Jul/2024 09:38:37] "GET /api/v1/events HTTP/1.1" 200 -
INFO:werkzeug:127.0.0.1 - - [01/Jul/2024 09:38:37] "GET /api/v1/events/4 HTTP/1.1" 200 -
INFO:werkzeug:127.0.0.1 - - [01/Jul/2024 09:38:37] "GET /api/v1/organizations/3/image HTTP/1.1" 200 -
INFO:werkzeug:127.0.0.1 - - [01/Jul/2024 09:38:37] "GET /api/v1/organizations/3/image HTTP/1.1" 200 -
INFO:werkzeug:127.0.0.1 - - [01/Jul/2024 09:38:39] "GET /api/v1/events HTTP/1.1" 200 -
INFO:werkzeug:127.0.0.1 - - [01/Jul/2024 09:38:39] "GET /api/v1/organizations HTTP/1.1" 200 -
INFO:werkzeug:127.0.0.1 - - [01/Jul/2024 09:38:40] "GET /api/v1/organizations HTTP/1.1" 200 -
INFO:werkzeug:127.0.0.1 - - [01/Jul/2024 09:38:40] "GET /api/v1/events HTTP/1.1" 200 -
INFO:werkzeug:127.0.0.1 - - [01/Jul/2024 09:38:40] "GET /api/v1/organizations/3/image HTTP/1.1" 200 -
INFO:werkzeug:127.0.0.1 - - [01/Jul/2024 09:38:40] "GET /api/v1/organizations/3/image HTTP/1.1" 200 -
INFO:werkzeug:127.0.0.1 - - [01/Jul/2024 09:38:46] "GET /api/v1/organizations/3/image HTTP/1.1" 200 -
INFO:werkzeug:127.0.0.1 - - [01/Jul/2024 09:38:47] "GET /api/v1/organizations HTTP/1.1" 200 -
INFO:werkzeug:127.0.0.1 - - [01/Jul/2024 09:38:47] "GET /api/v1/events?organization_id=3 HTTP/1.1" 200 -
INFO:werkzeug:127.0.0.1 - - [01/Jul/2024 09:38:47] "GET /api/v1/organizations/3/image HTTP/1.1" 200 -
INFO:werkzeug:127.0.0.1 - - [01/Jul/2024 09:38:47] "GET /api/v1/organizations/3/image HTTP/1.1" 200 -
INFO:werkzeug:127.0.0.1 - - [01/Jul/2024 09:38:47] "GET /api/v1/organizations/3/image HTTP/1.1" 200 -
INFO:werkzeug:127.0.0.1 - - [01/Jul/2024 09:38:47] "GET /api/v1/organizations/3/image HTTP/1.1" 200 -
INFO:werkzeug:127.0.0.1 - - [01/Jul/2024 09:38:48] "GET /api/v1/organizations/3/image HTTP/1.1" 200 -
INFO:werkzeug:127.0.0.1 - - [01/Jul/2024 09:38:48] "GET /api/v1/organizations/3/image HTTP/1.1" 200 -
INFO:werkzeug:127.0.0.1 - - [01/Jul/2024 09:38:48] "GET /api/v1/organizations/3/image HTTP/1.1" 200 -
INFO:werkzeug:127.0.0.1 - - [01/Jul/2024 09:38:48] "GET /api/v1/organizations/3/image HTTP/1.1" 200 -
INFO:werkzeug:127.0.0.1 - - [01/Jul/2024 09:38:48] "GET /api/v1/organizations/3/image HTTP/1.1" 200 -
INFO:werkzeug:127.0.0.1 - - [01/Jul/2024 09:38:48] "GET /api/v1/organizations/3/image HTTP/1.1" 200 -
INFO:werkzeug:127.0.0.1 - - [01/Jul/2024 09:38:48] "GET /api/v1/organizations/3/image HTTP/1.1" 200 -
INFO:werkzeug:127.0.0.1 - - [01/Jul/2024 09:38:49] "GET /api/v1/organizations/3/image HTTP/1.1" 200 -
INFO:werkzeug:127.0.0.1 - - [01/Jul/2024 09:38:49] "GET /api/v1/organizations/3/image HTTP/1.1" 200 -
INFO:werkzeug:127.0.0.1 - - [01/Jul/2024 09:38:49] "GET /api/v1/organizations/3/image HTTP/1.1" 200 -
INFO:werkzeug:127.0.0.1 - - [01/Jul/2024 09:38:49] "GET /api/v1/events?organization_id=6 HTTP/1.1" 200 -
INFO:werkzeug:127.0.0.1 - - [01/Jul/2024 09:38:49] "GET /api/v1/organizations HTTP/1.1" 200 -
INFO:werkzeug:127.0.0.1 - - [01/Jul/2024 09:38:49] "GET /api/v1/organizations/3/image HTTP/1.1" 200 -
INFO:werkzeug:127.0.0.1 - - [01/Jul/2024 09:38:49] "GET /api/v1/organizations/3/image HTTP/1.1" 200 -
INFO:werkzeug:127.0.0.1 - - [01/Jul/2024 09:38:50] "GET /api/v1/organizations/3/image HTTP/1.1" 200 -
INFO:werkzeug:127.0.0.1 - - [01/Jul/2024 09:38:50] "GET /api/v1/organizations/3/image HTTP/1.1" 200 -
INFO:werkzeug:127.0.0.1 - - [01/Jul/2024 09:38:50] "GET /api/v1/organizations/3/image HTTP/1.1" 200 -
INFO:werkzeug:127.0.0.1 - - [01/Jul/2024 09:38:50] "GET /api/v1/organizations/3/image HTTP/1.1" 200 -
INFO:werkzeug:127.0.0.1 - - [01/Jul/2024 09:38:50] "GET /api/v1/organizations/3/image HTTP/1.1" 200 -
INFO:werkzeug:127.0.0.1 - - [01/Jul/2024 09:38:50] "GET /api/v1/organizations/3/image HTTP/1.1" 200 -
INFO:werkzeug:127.0.0.1 - - [01/Jul/2024 09:38:50] "GET /api/v1/organizations/3/image HTTP/1.1" 200 -
INFO:werkzeug:127.0.0.1 - - [01/Jul/2024 09:38:51] "GET /api/v1/organizations/3/image HTTP/1.1" 200 -
INFO:werkzeug:127.0.0.1 - - [01/Jul/2024 09:38:51] "GET /api/v1/organizations/3/image HTTP/1.1" 200 -
INFO:werkzeug:127.0.0.1 - - [01/Jul/2024 09:38:51] "GET /api/v1/organizations/3/image HTTP/1.1" 200 -
INFO:werkzeug:127.0.0.1 - - [01/Jul/2024 09:38:51] "GET /api/v1/organizations HTTP/1.1" 200 -
INFO:werkzeug:127.0.0.1 - - [01/Jul/2024 09:38:51] "GET /api/v1/events HTTP/1.1" 200 -
INFO:werkzeug:127.0.0.1 - - [01/Jul/2024 09:38:51] "GET /api/v1/organizations/3/image HTTP/1.1" 200 -
INFO:werkzeug:127.0.0.1 - - [01/Jul/2024 09:38:52] "GET /api/v1/organizations/3/image HTTP/1.1" 200 -
INFO:werkzeug:127.0.0.1 - - [01/Jul/2024 09:38:52] "GET /api/v1/organizations/3/image HTTP/1.1" 200 -
INFO:werkzeug:127.0.0.1 - - [01/Jul/2024 09:38:56] "GET /api/v1/events?categories=Lectures HTTP/1.1" 200 -
INFO:werkzeug:127.0.0.1 - - [01/Jul/2024 09:38:57] "GET /api/v1/organizations HTTP/1.1" 200 -
INFO:werkzeug:127.0.0.1 - - [01/Jul/2024 09:38:58] "GET /api/v1/organizations/3/image HTTP/1.1" 200 -
INFO:werkzeug:127.0.0.1 - - [01/Jul/2024 09:38:58] "GET /api/v1/organizations HTTP/1.1" 200 -
INFO:werkzeug:127.0.0.1 - - [01/Jul/2024 09:38:58] "GET /api/v1/events HTTP/1.1" 200 -
INFO:werkzeug:127.0.0.1 - - [01/Jul/2024 09:38:58] "GET /api/v1/organizations/3/image HTTP/1.1" 200 -
INFO:werkzeug:127.0.0.1 - - [01/Jul/2024 09:38:58] "GET /api/v1/organizations/3/image HTTP/1.1" 200 -
INFO:werkzeug:127.0.0.1 - - [01/Jul/2024 09:38:59] "GET /api/v1/organizations/3/image HTTP/1.1" 200 -
INFO:werkzeug:127.0.0.1 - - [01/Jul/2024 09:39:01] "GET /api/v1/organizations HTTP/1.1" 200 -
INFO:werkzeug:127.0.0.1 - - [01/Jul/2024 09:39:01] "GET /api/v1/events?categories=Lectures HTTP/1.1" 200 -
INFO:werkzeug:127.0.0.1 - - [01/Jul/2024 09:39:06] "GET /api/v1/events?categories=Lectures,Religious+Celebrations HTTP/1.1" 200 -
INFO:werkzeug:127.0.0.1 - - [01/Jul/2024 09:39:06] "GET /api/v1/organizations HTTP/1.1" 200 -
INFO:werkzeug:127.0.0.1 - - [01/Jul/2024 09:39:08] "GET /api/v1/organizations HTTP/1.1" 200 -
INFO:werkzeug:127.0.0.1 - - [01/Jul/2024 09:39:08] "GET /api/v1/events?categories=Lectures HTTP/1.1" 200 -
INFO:werkzeug:127.0.0.1 - - [01/Jul/2024 09:39:20] "GET /api/v1/organizations/3/image HTTP/1.1" 200 -
INFO:werkzeug:127.0.0.1 - - [01/Jul/2024 09:39:20] "GET /api/v1/organizations HTTP/1.1" 200 -
INFO:werkzeug:127.0.0.1 - - [01/Jul/2024 09:39:21] "GET /api/v1/events HTTP/1.1" 200 -
INFO:werkzeug:127.0.0.1 - - [01/Jul/2024 09:39:21] "GET /api/v1/organizations/3/image HTTP/1.1" 200 -
INFO:werkzeug:127.0.0.1 - - [01/Jul/2024 09:39:21] "GET /api/v1/organizations/3/image HTTP/1.1" 200 -
INFO:werkzeug:127.0.0.1 - - [01/Jul/2024 09:39:22] "GET /api/v1/organizations/3/image HTTP/1.1" 200 -
INFO:werkzeug:127.0.0.1 - - [01/Jul/2024 09:48:19] "GET /api/v1/organizations HTTP/1.1" 200 -
INFO:werkzeug:127.0.0.1 - - [01/Jul/2024 09:48:19] "GET /api/v1/events HTTP/1.1" 200 -
INFO:werkzeug:127.0.0.1 - - [01/Jul/2024 09:48:19] "GET /api/v1/organizations/3/image HTTP/1.1" 200 -
INFO:werkzeug:127.0.0.1 - - [01/Jul/2024 09:48:20] "GET /api/v1/organizations/3/image HTTP/1.1" 200 -
INFO:werkzeug:127.0.0.1 - - [01/Jul/2024 09:48:20] "GET /api/v1/organizations HTTP/1.1" 200 -
INFO:werkzeug:127.0.0.1 - - [01/Jul/2024 09:48:20] "GET /api/v1/events HTTP/1.1" 200 -
INFO:werkzeug:127.0.0.1 - - [01/Jul/2024 09:48:20] "GET /api/v1/organizations/3/image HTTP/1.1" 200 -
INFO:werkzeug:127.0.0.1 - - [01/Jul/2024 09:48:20] "GET /api/v1/organizations/3/image HTTP/1.1" 200 -
INFO:werkzeug:127.0.0.1 - - [01/Jul/2024 09:48:21] "GET /api/v1/organizations HTTP/1.1" 200 -
INFO:werkzeug:127.0.0.1 - - [01/Jul/2024 09:48:21] "GET /api/v1/events?categories=Community+Gatherings HTTP/1.1" 200 -
INFO:werkzeug:127.0.0.1 - - [01/Jul/2024 09:48:23] "GET /api/v1/organizations/3/image HTTP/1.1" 200 -
INFO:werkzeug:127.0.0.1 - - [01/Jul/2024 09:48:23] "GET /api/v1/organizations HTTP/1.1" 200 -
INFO:werkzeug:127.0.0.1 - - [01/Jul/2024 09:48:23] "GET /api/v1/events HTTP/1.1" 200 -
INFO:werkzeug:127.0.0.1 - - [01/Jul/2024 09:48:23] "GET /api/v1/organizations/3/image HTTP/1.1" 200 -
INFO:werkzeug:127.0.0.1 - - [01/Jul/2024 09:48:23] "GET /api/v1/organizations/3/image HTTP/1.1" 200 -
INFO:werkzeug:127.0.0.1 - - [01/Jul/2024 09:48:24] "GET /api/v1/organizations/3/image HTTP/1.1" 200 -
INFO:werkzeug:127.0.0.1 - - [01/Jul/2024 09:48:27] "GET /api/v1/organizations HTTP/1.1" 200 -
INFO:werkzeug:127.0.0.1 - - [01/Jul/2024 09:48:28] "GET /api/v1/events?categories=Sisters HTTP/1.1" 200 -
INFO:werkzeug:127.0.0.1 - - [01/Jul/2024 09:48:29] "GET /api/v1/organizations/3/image HTTP/1.1" 200 -
INFO:werkzeug:127.0.0.1 - - [01/Jul/2024 09:48:29] "GET /api/v1/events HTTP/1.1" 200 -
INFO:werkzeug:127.0.0.1 - - [01/Jul/2024 09:48:29] "GET /api/v1/organizations HTTP/1.1" 200 -
INFO:werkzeug:127.0.0.1 - - [01/Jul/2024 09:48:30] "GET /api/v1/organizations/3/image HTTP/1.1" 200 -
INFO:werkzeug:127.0.0.1 - - [01/Jul/2024 09:48:30] "GET /api/v1/organizations/3/image HTTP/1.1" 200 -
INFO:werkzeug:127.0.0.1 - - [01/Jul/2024 09:48:30] "GET /api/v1/organizations/3/image HTTP/1.1" 200 -
INFO:werkzeug:127.0.0.1 - - [01/Jul/2024 09:48:37] "GET /api/v1/organizations HTTP/1.1" 200 -
INFO:werkzeug:127.0.0.1 - - [01/Jul/2024 09:48:37] "GET /api/v1/events?categories=Lectures HTTP/1.1" 200 -
INFO:werkzeug:127.0.0.1 - - [01/Jul/2024 09:48:40] "GET /api/v1/organizations/3/image HTTP/1.1" 200 -
INFO:werkzeug:127.0.0.1 - - [01/Jul/2024 09:48:40] "GET /api/v1/organizations HTTP/1.1" 200 -
INFO:werkzeug:127.0.0.1 - - [01/Jul/2024 09:48:40] "GET /api/v1/events HTTP/1.1" 200 -
INFO:werkzeug:127.0.0.1 - - [01/Jul/2024 09:48:40] "GET /api/v1/organizations/3/image HTTP/1.1" 200 -
INFO:werkzeug:127.0.0.1 - - [01/Jul/2024 09:48:40] "GET /api/v1/organizations/3/image HTTP/1.1" 200 -
INFO:werkzeug:127.0.0.1 - - [01/Jul/2024 09:48:40] "GET /api/v1/organizations/3/image HTTP/1.1" 200 -
INFO:werkzeug:127.0.0.1 - - [01/Jul/2024 09:48:57] "GET /api/v1/organizations HTTP/1.1" 200 -
INFO:werkzeug:127.0.0.1 - - [01/Jul/2024 09:48:57] "GET /api/v1/events HTTP/1.1" 200 -
INFO:werkzeug:127.0.0.1 - - [01/Jul/2024 09:48:57] "GET /api/v1/organizations HTTP/1.1" 200 -
INFO:werkzeug:127.0.0.1 - - [01/Jul/2024 09:48:57] "GET /api/v1/events HTTP/1.1" 200 -
INFO:werkzeug:127.0.0.1 - - [01/Jul/2024 09:48:58] "GET /api/v1/organizations/3/image HTTP/1.1" 200 -
INFO:werkzeug:127.0.0.1 - - [01/Jul/2024 09:48:58] "GET /api/v1/organizations/3/image HTTP/1.1" 200 -
INFO:werkzeug:127.0.0.1 - - [01/Jul/2024 09:48:58] "GET /api/v1/organizations/3/image HTTP/1.1" 200 -
INFO:werkzeug:127.0.0.1 - - [01/Jul/2024 09:48:58] "GET /api/v1/organizations/3/image HTTP/1.1" 200 -
INFO:werkzeug:127.0.0.1 - - [01/Jul/2024 09:49:03] "GET /api/v1/organizations HTTP/1.1" 200 -
INFO:werkzeug:127.0.0.1 - - [01/Jul/2024 09:49:04] "GET /api/v1/events?categories=Lectures HTTP/1.1" 200 -
INFO:werkzeug:127.0.0.1 - - [01/Jul/2024 09:49:07] "GET /api/v1/events?categories=Lectures,Halaqas HTTP/1.1" 200 -
INFO:werkzeug:127.0.0.1 - - [01/Jul/2024 09:49:07] "GET /api/v1/organizations HTTP/1.1" 200 -
INFO:werkzeug:127.0.0.1 - - [01/Jul/2024 09:49:10] "GET /api/v1/organizations HTTP/1.1" 200 -
INFO:werkzeug:127.0.0.1 - - [01/Jul/2024 09:49:10] "GET /api/v1/events?categories=Halaqas HTTP/1.1" 200 -
INFO:werkzeug:127.0.0.1 - - [01/Jul/2024 09:49:12] "GET /api/v1/organizations/3/image HTTP/1.1" 200 -
INFO:werkzeug:127.0.0.1 - - [01/Jul/2024 09:49:12] "GET /api/v1/organizations HTTP/1.1" 200 -
INFO:werkzeug:127.0.0.1 - - [01/Jul/2024 09:49:12] "GET /api/v1/events HTTP/1.1" 200 -
INFO:werkzeug:127.0.0.1 - - [01/Jul/2024 09:49:12] "GET /api/v1/organizations/3/image HTTP/1.1" 200 -
INFO:werkzeug:127.0.0.1 - - [01/Jul/2024 09:49:13] "GET /api/v1/organizations/3/image HTTP/1.1" 200 -
INFO:werkzeug:127.0.0.1 - - [01/Jul/2024 09:49:13] "GET /api/v1/organizations/3/image HTTP/1.1" 200 -
INFO:werkzeug:127.0.0.1 - - [01/Jul/2024 10:01:17] "GET /api/v1/organizations HTTP/1.1" 200 -
INFO:werkzeug:127.0.0.1 - - [01/Jul/2024 10:01:17] "GET /api/v1/events HTTP/1.1" 200 -
INFO:werkzeug:127.0.0.1 - - [01/Jul/2024 10:01:17] "GET /api/v1/organizations/3/image HTTP/1.1" 200 -
INFO:werkzeug:127.0.0.1 - - [01/Jul/2024 10:01:17] "GET /api/v1/organizations/3/image HTTP/1.1" 200 -
INFO:werkzeug:127.0.0.1 - - [01/Jul/2024 10:01:17] "GET /api/v1/organizations HTTP/1.1" 200 -
INFO:werkzeug:127.0.0.1 - - [01/Jul/2024 10:01:17] "GET /api/v1/events HTTP/1.1" 200 -
INFO:werkzeug:127.0.0.1 - - [01/Jul/2024 10:01:18] "GET /api/v1/organizations/3/image HTTP/1.1" 200 -
INFO:werkzeug:127.0.0.1 - - [01/Jul/2024 10:01:18] "GET /api/v1/organizations/3/image HTTP/1.1" 200 -
INFO:werkzeug:127.0.0.1 - - [01/Jul/2024 10:01:23] "GET /api/v1/organizations HTTP/1.1" 200 -
INFO:werkzeug:127.0.0.1 - - [01/Jul/2024 10:01:23] "GET /api/v1/events HTTP/1.1" 200 -
INFO:werkzeug:127.0.0.1 - - [01/Jul/2024 10:01:24] "GET /api/v1/organizations/3/image HTTP/1.1" 200 -
INFO:werkzeug:127.0.0.1 - - [01/Jul/2024 10:01:24] "GET /api/v1/organizations/3/image HTTP/1.1" 200 -
INFO:werkzeug:127.0.0.1 - - [01/Jul/2024 10:01:27] "GET /api/v1/organizations HTTP/1.1" 200 -
INFO:werkzeug:127.0.0.1 - - [01/Jul/2024 10:01:27] "GET /api/v1/events HTTP/1.1" 200 -
INFO:werkzeug:127.0.0.1 - - [01/Jul/2024 10:01:27] "GET /api/v1/organizations/3/image HTTP/1.1" 200 -
INFO:werkzeug:127.0.0.1 - - [01/Jul/2024 10:01:27] "GET /api/v1/organizations/3/image HTTP/1.1" 200 -
INFO:werkzeug:127.0.0.1 - - [01/Jul/2024 10:02:05] "GET /api/v1/organizations HTTP/1.1" 200 -
INFO:werkzeug:127.0.0.1 - - [01/Jul/2024 10:02:05] "GET /api/v1/events?categories=Sports+and+Recreation HTTP/1.1" 200 -
INFO:werkzeug:127.0.0.1 - - [01/Jul/2024 10:02:07] "GET /api/v1/organizations/3/image HTTP/1.1" 200 -
INFO:werkzeug:127.0.0.1 - - [01/Jul/2024 10:02:07] "GET /api/v1/organizations HTTP/1.1" 200 -
INFO:werkzeug:127.0.0.1 - - [01/Jul/2024 10:02:07] "GET /api/v1/events HTTP/1.1" 200 -
INFO:werkzeug:127.0.0.1 - - [01/Jul/2024 10:02:07] "GET /api/v1/organizations/3/image HTTP/1.1" 200 -
INFO:werkzeug:127.0.0.1 - - [01/Jul/2024 10:02:07] "GET /api/v1/organizations/3/image HTTP/1.1" 200 -
INFO:werkzeug:127.0.0.1 - - [01/Jul/2024 10:02:07] "GET /api/v1/organizations/3/image HTTP/1.1" 200 -
INFO:werkzeug:127.0.0.1 - - [01/Jul/2024 10:02:47] "GET /api/v1/organizations HTTP/1.1" 200 -
INFO:werkzeug:127.0.0.1 - - [01/Jul/2024 10:02:47] "GET /api/v1/events HTTP/1.1" 200 -
INFO:werkzeug:127.0.0.1 - - [01/Jul/2024 10:02:48] "GET /api/v1/organizations HTTP/1.1" 200 -
INFO:werkzeug:127.0.0.1 - - [01/Jul/2024 10:02:48] "GET /api/v1/events HTTP/1.1" 200 -
INFO:werkzeug:127.0.0.1 - - [01/Jul/2024 10:02:48] "GET /api/v1/organizations/3/image HTTP/1.1" 200 -
INFO:werkzeug:127.0.0.1 - - [01/Jul/2024 10:02:48] "GET /api/v1/organizations/3/image HTTP/1.1" 200 -
INFO:werkzeug:127.0.0.1 - - [01/Jul/2024 10:02:48] "GET /api/v1/organizations/3/image HTTP/1.1" 200 -
INFO:werkzeug:127.0.0.1 - - [01/Jul/2024 10:02:48] "GET /api/v1/organizations/3/image HTTP/1.1" 200 -
INFO:werkzeug:127.0.0.1 - - [01/Jul/2024 10:06:04] "GET /api/v1/events?organization_id=2 HTTP/1.1" 200 -
INFO:werkzeug:127.0.0.1 - - [01/Jul/2024 10:06:04] "GET /api/v1/organizations HTTP/1.1" 200 -
INFO:werkzeug:127.0.0.1 - - [01/Jul/2024 10:06:07] "GET /api/v1/events?organization_id=1 HTTP/1.1" 200 -
INFO:werkzeug:127.0.0.1 - - [01/Jul/2024 10:06:07] "GET /api/v1/organizations HTTP/1.1" 200 -
INFO:werkzeug:127.0.0.1 - - [01/Jul/2024 10:06:10] "GET /api/v1/organizations/3/image HTTP/1.1" 200 -
INFO:werkzeug:127.0.0.1 - - [01/Jul/2024 10:06:10] "GET /api/v1/organizations HTTP/1.1" 200 -
INFO:werkzeug:127.0.0.1 - - [01/Jul/2024 10:06:10] "GET /api/v1/events HTTP/1.1" 200 -
INFO:werkzeug:127.0.0.1 - - [01/Jul/2024 10:06:10] "GET /api/v1/organizations/3/image HTTP/1.1" 200 -
INFO:werkzeug:127.0.0.1 - - [01/Jul/2024 10:06:10] "GET /api/v1/organizations/3/image HTTP/1.1" 200 -
INFO:werkzeug:127.0.0.1 - - [01/Jul/2024 10:06:10] "GET /api/v1/organizations/3/image HTTP/1.1" 200 -
INFO:werkzeug:127.0.0.1 - - [01/Jul/2024 10:24:51] "GET /api/v1/organizations HTTP/1.1" 200 -
INFO:werkzeug:127.0.0.1 - - [01/Jul/2024 10:24:51] "GET /api/v1/events HTTP/1.1" 200 -
INFO:werkzeug:127.0.0.1 - - [01/Jul/2024 10:24:51] "GET /api/v1/organizations HTTP/1.1" 200 -
INFO:werkzeug:127.0.0.1 - - [01/Jul/2024 10:24:51] "GET /api/v1/events HTTP/1.1" 200 -
INFO:werkzeug:127.0.0.1 - - [01/Jul/2024 10:24:51] "GET /api/v1/organizations/3/image HTTP/1.1" 200 -
INFO:werkzeug:127.0.0.1 - - [01/Jul/2024 10:24:51] "GET /api/v1/organizations/3/image HTTP/1.1" 200 -
INFO:werkzeug:127.0.0.1 - - [01/Jul/2024 10:24:51] "GET /api/v1/organizations/3/image HTTP/1.1" 200 -
INFO:werkzeug:127.0.0.1 - - [01/Jul/2024 10:24:51] "GET /api/v1/organizations/3/image HTTP/1.1" 200 -
INFO:werkzeug:127.0.0.1 - - [01/Jul/2024 10:25:00] "GET /api/v1/organizations HTTP/1.1" 200 -
INFO:werkzeug:127.0.0.1 - - [01/Jul/2024 10:25:01] "GET /api/v1/events HTTP/1.1" 200 -
INFO:werkzeug:127.0.0.1 - - [01/Jul/2024 10:25:01] "GET /api/v1/organizations HTTP/1.1" 200 -
INFO:werkzeug:127.0.0.1 - - [01/Jul/2024 10:25:01] "GET /api/v1/events HTTP/1.1" 200 -
INFO:werkzeug:127.0.0.1 - - [01/Jul/2024 10:25:01] "GET /api/v1/organizations/3/image HTTP/1.1" 200 -
INFO:werkzeug:127.0.0.1 - - [01/Jul/2024 10:25:01] "GET /api/v1/organizations/3/image HTTP/1.1" 200 -
INFO:werkzeug:127.0.0.1 - - [01/Jul/2024 10:25:28] "GET /api/v1/organizations HTTP/1.1" 200 -
INFO:werkzeug:127.0.0.1 - - [01/Jul/2024 10:25:28] "GET /api/v1/events HTTP/1.1" 200 -
INFO:werkzeug:127.0.0.1 - - [01/Jul/2024 10:25:29] "GET /api/v1/organizations HTTP/1.1" 200 -
INFO:werkzeug:127.0.0.1 - - [01/Jul/2024 10:25:29] "GET /api/v1/organizations/3/image HTTP/1.1" 200 -
INFO:werkzeug:127.0.0.1 - - [01/Jul/2024 10:25:29] "GET /api/v1/events HTTP/1.1" 200 -
INFO:werkzeug:127.0.0.1 - - [01/Jul/2024 10:25:29] "GET /api/v1/organizations/3/image HTTP/1.1" 200 -
INFO:werkzeug:127.0.0.1 - - [01/Jul/2024 10:25:29] "GET /api/v1/organizations/3/image HTTP/1.1" 200 -
INFO:werkzeug:127.0.0.1 - - [01/Jul/2024 10:25:29] "GET /api/v1/organizations/3/image HTTP/1.1" 200 -
INFO:werkzeug:127.0.0.1 - - [01/Jul/2024 10:25:31] "GET /api/v1/organizations HTTP/1.1" 200 -
INFO:werkzeug:127.0.0.1 - - [01/Jul/2024 10:25:31] "GET /api/v1/events?organization_id=4 HTTP/1.1" 200 -
INFO:werkzeug:127.0.0.1 - - [01/Jul/2024 10:25:34] "GET /api/v1/events?organization_id=9 HTTP/1.1" 200 -
INFO:werkzeug:127.0.0.1 - - [01/Jul/2024 10:25:34] "GET /api/v1/organizations HTTP/1.1" 200 -
INFO:werkzeug:127.0.0.1 - - [01/Jul/2024 10:25:36] "GET /api/v1/organizations/3/image HTTP/1.1" 200 -
INFO:werkzeug:127.0.0.1 - - [01/Jul/2024 10:25:36] "GET /api/v1/organizations HTTP/1.1" 200 -
INFO:werkzeug:127.0.0.1 - - [01/Jul/2024 10:25:36] "GET /api/v1/events HTTP/1.1" 200 -
INFO:werkzeug:127.0.0.1 - - [01/Jul/2024 10:25:36] "GET /api/v1/organizations/3/image HTTP/1.1" 200 -
INFO:werkzeug:127.0.0.1 - - [01/Jul/2024 10:25:36] "GET /api/v1/organizations/3/image HTTP/1.1" 200 -
INFO:werkzeug:127.0.0.1 - - [01/Jul/2024 10:25:36] "GET /api/v1/organizations/3/image HTTP/1.1" 200 -
INFO:werkzeug:127.0.0.1 - - [01/Jul/2024 10:25:59] "GET /api/v1/organizations HTTP/1.1" 200 -
INFO:werkzeug:127.0.0.1 - - [01/Jul/2024 10:26:00] "GET /api/v1/events HTTP/1.1" 200 -
INFO:werkzeug:127.0.0.1 - - [01/Jul/2024 10:26:00] "GET /api/v1/organizations/3/image HTTP/1.1" 200 -
INFO:werkzeug:127.0.0.1 - - [01/Jul/2024 10:26:00] "GET /api/v1/organizations/3/image HTTP/1.1" 200 -
INFO:werkzeug:127.0.0.1 - - [01/Jul/2024 10:26:01] "GET /api/v1/organizations HTTP/1.1" 200 -
INFO:werkzeug:127.0.0.1 - - [01/Jul/2024 10:26:01] "GET /api/v1/events HTTP/1.1" 200 -
INFO:werkzeug:127.0.0.1 - - [01/Jul/2024 10:26:01] "GET /api/v1/organizations HTTP/1.1" 200 -
INFO:werkzeug:127.0.0.1 - - [01/Jul/2024 10:26:02] "GET /api/v1/events HTTP/1.1" 200 -
INFO:werkzeug:127.0.0.1 - - [01/Jul/2024 10:26:02] "GET /api/v1/organizations/3/image HTTP/1.1" 200 -
INFO:werkzeug:127.0.0.1 - - [01/Jul/2024 10:26:02] "GET /api/v1/organizations/3/image HTTP/1.1" 200 -
INFO:werkzeug:127.0.0.1 - - [01/Jul/2024 10:26:02] "GET /api/v1/organizations HTTP/1.1" 200 -
INFO:werkzeug:127.0.0.1 - - [01/Jul/2024 10:26:02] "GET /api/v1/events HTTP/1.1" 200 -
INFO:werkzeug:127.0.0.1 - - [01/Jul/2024 10:26:03] "GET /api/v1/organizations/3/image HTTP/1.1" 200 -
INFO:werkzeug:127.0.0.1 - - [01/Jul/2024 10:26:03] "GET /api/v1/organizations/3/image HTTP/1.1" 200 -
INFO:werkzeug:127.0.0.1 - - [01/Jul/2024 10:26:04] "GET /api/v1/organizations HTTP/1.1" 200 -
INFO:werkzeug:127.0.0.1 - - [01/Jul/2024 10:26:04] "GET /api/v1/events?organization_id=6 HTTP/1.1" 200 -
INFO:werkzeug:127.0.0.1 - - [01/Jul/2024 10:26:09] "GET /api/v1/organizations HTTP/1.1" 200 -
INFO:werkzeug:127.0.0.1 - - [01/Jul/2024 10:26:09] "GET /api/v1/events?organization_id=9 HTTP/1.1" 200 -
INFO:werkzeug:127.0.0.1 - - [01/Jul/2024 10:26:12] "GET /api/v1/organizations/3/image HTTP/1.1" 200 -
INFO:werkzeug:127.0.0.1 - - [01/Jul/2024 10:26:12] "GET /api/v1/organizations HTTP/1.1" 200 -
INFO:werkzeug:127.0.0.1 - - [01/Jul/2024 10:26:12] "GET /api/v1/events HTTP/1.1" 200 -
INFO:werkzeug:127.0.0.1 - - [01/Jul/2024 10:26:12] "GET /api/v1/organizations/3/image HTTP/1.1" 200 -
INFO:werkzeug:127.0.0.1 - - [01/Jul/2024 10:26:13] "GET /api/v1/organizations/3/image HTTP/1.1" 200 -
INFO:werkzeug:127.0.0.1 - - [01/Jul/2024 10:26:13] "GET /api/v1/organizations/3/image HTTP/1.1" 200 -
INFO:werkzeug:127.0.0.1 - - [01/Jul/2024 10:26:16] "GET /api/v1/organizations HTTP/1.1" 200 -
INFO:werkzeug:127.0.0.1 - - [01/Jul/2024 10:26:16] "GET /api/v1/events?categories[]=Lectures HTTP/1.1" 200 -
INFO:werkzeug:127.0.0.1 - - [01/Jul/2024 10:26:19] "GET /api/v1/organizations/3/image HTTP/1.1" 200 -
INFO:werkzeug:127.0.0.1 - - [01/Jul/2024 10:26:19] "GET /api/v1/organizations HTTP/1.1" 200 -
INFO:werkzeug:127.0.0.1 - - [01/Jul/2024 10:26:19] "GET /api/v1/events HTTP/1.1" 200 -
INFO:werkzeug:127.0.0.1 - - [01/Jul/2024 10:26:19] "GET /api/v1/organizations/3/image HTTP/1.1" 200 -
INFO:werkzeug:127.0.0.1 - - [01/Jul/2024 10:26:19] "GET /api/v1/organizations/3/image HTTP/1.1" 200 -
INFO:werkzeug:127.0.0.1 - - [01/Jul/2024 10:26:19] "GET /api/v1/organizations/3/image HTTP/1.1" 200 -
INFO:werkzeug:127.0.0.1 - - [01/Jul/2024 10:37:30] "GET /api/v1/organizations HTTP/1.1" 200 -
INFO:werkzeug:127.0.0.1 - - [01/Jul/2024 10:37:30] "GET /api/v1/events HTTP/1.1" 200 -
INFO:werkzeug:127.0.0.1 - - [01/Jul/2024 10:37:30] "GET /api/v1/organizations/3/image HTTP/1.1" 200 -
INFO:werkzeug:127.0.0.1 - - [01/Jul/2024 10:37:30] "GET /api/v1/organizations/3/image HTTP/1.1" 200 -
INFO:werkzeug:127.0.0.1 - - [01/Jul/2024 10:37:30] "GET /api/v1/organizations HTTP/1.1" 200 -
INFO:werkzeug:127.0.0.1 - - [01/Jul/2024 10:37:30] "GET /api/v1/events HTTP/1.1" 200 -
INFO:werkzeug:127.0.0.1 - - [01/Jul/2024 10:37:31] "GET /api/v1/organizations/3/image HTTP/1.1" 200 -
INFO:werkzeug:127.0.0.1 - - [01/Jul/2024 10:37:31] "GET /api/v1/organizations/3/image HTTP/1.1" 200 -
INFO:werkzeug:127.0.0.1 - - [01/Jul/2024 10:37:35] "GET /api/v1/organizations HTTP/1.1" 200 -
INFO:werkzeug:127.0.0.1 - - [01/Jul/2024 10:37:35] "GET /api/v1/events HTTP/1.1" 200 -
INFO:werkzeug:127.0.0.1 - - [01/Jul/2024 10:37:36] "GET /api/v1/organizations/3/image HTTP/1.1" 200 -
INFO:werkzeug:127.0.0.1 - - [01/Jul/2024 10:37:36] "GET /api/v1/organizations/3/image HTTP/1.1" 200 -
INFO:werkzeug:127.0.0.1 - - [01/Jul/2024 10:37:39] "GET /api/v1/organizations HTTP/1.1" 200 -
INFO:werkzeug:127.0.0.1 - - [01/Jul/2024 10:37:39] "GET /api/v1/events HTTP/1.1" 200 -
INFO:werkzeug:127.0.0.1 - - [01/Jul/2024 10:37:39] "GET /api/v1/organizations/3/image HTTP/1.1" 200 -
INFO:werkzeug:127.0.0.1 - - [01/Jul/2024 10:37:39] "GET /api/v1/organizations/3/image HTTP/1.1" 200 -
INFO:werkzeug:127.0.0.1 - - [01/Jul/2024 10:37:40] "GET /api/v1/organizations HTTP/1.1" 200 -
INFO:werkzeug:127.0.0.1 - - [01/Jul/2024 10:37:40] "GET /api/v1/events HTTP/1.1" 200 -
INFO:werkzeug:127.0.0.1 - - [01/Jul/2024 10:37:42] "GET /api/v1/organizations HTTP/1.1" 200 -
INFO:werkzeug:127.0.0.1 - - [01/Jul/2024 10:37:42] "GET /api/v1/events HTTP/1.1" 200 -
INFO:werkzeug:127.0.0.1 - - [01/Jul/2024 10:37:44] "GET /api/v1/organizations HTTP/1.1" 200 -
INFO:werkzeug:127.0.0.1 - - [01/Jul/2024 10:37:44] "GET /api/v1/events HTTP/1.1" 200 -
INFO:werkzeug:127.0.0.1 - - [01/Jul/2024 10:37:45] "GET /api/v1/organizations/3/image HTTP/1.1" 200 -
INFO:werkzeug:127.0.0.1 - - [01/Jul/2024 10:37:45] "GET /api/v1/organizations HTTP/1.1" 200 -
INFO:werkzeug:127.0.0.1 - - [01/Jul/2024 10:37:45] "GET /api/v1/events HTTP/1.1" 200 -
INFO:werkzeug:127.0.0.1 - - [01/Jul/2024 10:37:45] "GET /api/v1/organizations/3/image HTTP/1.1" 200 -
INFO:werkzeug:127.0.0.1 - - [01/Jul/2024 10:37:46] "GET /api/v1/organizations/3/image HTTP/1.1" 200 -
INFO:werkzeug:127.0.0.1 - - [01/Jul/2024 10:37:46] "GET /api/v1/organizations/3/image HTTP/1.1" 200 -
INFO:werkzeug:127.0.0.1 - - [01/Jul/2024 10:38:43] "GET /api/v1/organizations HTTP/1.1" 200 -
INFO:werkzeug:127.0.0.1 - - [01/Jul/2024 10:38:43] "GET /api/v1/organizations HTTP/1.1" 200 -
INFO:werkzeug:127.0.0.1 - - [01/Jul/2024 10:38:43] "GET /api/v1/events HTTP/1.1" 200 -
INFO:werkzeug:127.0.0.1 - - [01/Jul/2024 10:38:43] "GET /api/v1/events HTTP/1.1" 200 -
INFO:werkzeug:127.0.0.1 - - [01/Jul/2024 10:38:44] "GET /api/v1/organizations/3/image HTTP/1.1" 200 -
INFO:werkzeug:127.0.0.1 - - [01/Jul/2024 10:38:44] "GET /api/v1/organizations/3/image HTTP/1.1" 200 -
INFO:werkzeug:127.0.0.1 - - [01/Jul/2024 10:38:44] "GET /api/v1/organizations/3/image HTTP/1.1" 200 -
INFO:werkzeug:127.0.0.1 - - [01/Jul/2024 10:38:44] "GET /api/v1/organizations/3/image HTTP/1.1" 200 -
INFO:werkzeug:127.0.0.1 - - [01/Jul/2024 10:38:51] "GET /api/v1/organizations HTTP/1.1" 200 -
INFO:werkzeug:127.0.0.1 - - [01/Jul/2024 10:38:52] "GET /api/v1/events HTTP/1.1" 200 -
INFO:werkzeug:127.0.0.1 - - [01/Jul/2024 12:15:21] "GET /api/v1/organizations/3/image HTTP/1.1" 200 -
INFO:werkzeug:127.0.0.1 - - [01/Jul/2024 12:15:21] "GET /api/v1/organizations HTTP/1.1" 200 -
INFO:werkzeug:127.0.0.1 - - [01/Jul/2024 12:15:21] "GET /api/v1/events HTTP/1.1" 200 -
INFO:werkzeug:127.0.0.1 - - [01/Jul/2024 12:15:21] "GET /api/v1/organizations/3/image HTTP/1.1" 200 -
INFO:werkzeug:127.0.0.1 - - [01/Jul/2024 12:15:21] "GET /api/v1/organizations/3/image HTTP/1.1" 200 -
INFO:werkzeug:127.0.0.1 - - [01/Jul/2024 12:15:22] "GET /api/v1/organizations/3/image HTTP/1.1" 200 -
INFO:root:Started
INFO:sqlalchemy.engine.Engine:SELECT DATABASE()
INFO:sqlalchemy.engine.Engine:[raw sql] {}
INFO:sqlalchemy.engine.Engine:SELECT @@sql_mode
INFO:sqlalchemy.engine.Engine:[raw sql] {}
INFO:sqlalchemy.engine.Engine:SELECT @@lower_case_table_names
INFO:sqlalchemy.engine.Engine:[raw sql] {}
INFO:sqlalchemy.engine.Engine:BEGIN (implicit)
INFO:sqlalchemy.engine.Engine:DESCRIBE `salamcity`.`organizations`
INFO:sqlalchemy.engine.Engine:[raw sql] {}
INFO:sqlalchemy.engine.Engine:DESCRIBE `salamcity`.`events`
INFO:sqlalchemy.engine.Engine:[raw sql] {}
INFO:sqlalchemy.engine.Engine:DESCRIBE `salamcity`.`prayer_times`
INFO:sqlalchemy.engine.Engine:[raw sql] {}
INFO:sqlalchemy.engine.Engine:COMMIT
INFO:root:Database connected
INFO:sqlalchemy.engine.Engine:BEGIN (implicit)
INFO:sqlalchemy.engine.Engine:SELECT organizations.id AS organizations_id, organizations.name AS organizations_name, organizations.name_short AS organizations_name_short, organizations.location AS organizations_location, organizations.phone_number AS organizations_phone_number, organizations.email AS organizations_email, organizations.description AS organizations_description, organizations.image AS organizations_image, organizations.website AS organizations_website, organizations.facebook AS organizations_facebook, organizations.twitter AS organizations_twitter, organizations.instagram AS organizations_instagram, organizations.youtube AS organizations_youtube 
FROM organizations
INFO:sqlalchemy.engine.Engine:[generated in 0.00074s] {}
INFO:sqlalchemy.engine.Engine:ROLLBACK
INFO:werkzeug:[31m[1mWARNING: This is a development server. Do not use it in a production deployment. Use a production WSGI server instead.[0m
 * Running on http://127.0.0.1:5000
INFO:werkzeug:[33mPress CTRL+C to quit[0m
INFO:werkzeug:127.0.0.1 - - [03/Jul/2024 21:27:04] "GET /logo.png HTTP/1.1" 200 -
INFO:sqlalchemy.engine.Engine:BEGIN (implicit)
INFO:sqlalchemy.engine.Engine:SELECT events.id AS events_id, events.title AS events_title, events.link AS events_link, events.sub_links AS events_sub_links, events.image AS events_image, events.date AS events_date, events.start_time AS events_start_time, events.end_time AS events_end_time, events.location AS events_location, events.short_description AS events_short_description, events.full_description AS events_full_description, events.other_info AS events_other_info, events.cost AS events_cost, events.created_at AS events_created_at, events.is_video AS events_is_video, events.is_new AS events_is_new, events.is_active AS events_is_active, events.updated_at AS events_updated_at, events.categories AS events_categories, events.organization_id AS events_organization_id, events.organization_name AS events_organization_name 
FROM events 
WHERE events.organization_id = %(organization_id_1)s AND events.is_active = true
INFO:sqlalchemy.engine.Engine:[generated in 0.00107s] {'organization_id_1': 10}
INFO:sqlalchemy.engine.Engine:BEGIN (implicit)
INFO:sqlalchemy.engine.Engine:SELECT events.id AS events_id, events.title AS events_title, events.link AS events_link, events.sub_links AS events_sub_links, events.image AS events_image, events.date AS events_date, events.start_time AS events_start_time, events.end_time AS events_end_time, events.location AS events_location, events.short_description AS events_short_description, events.full_description AS events_full_description, events.other_info AS events_other_info, events.cost AS events_cost, events.created_at AS events_created_at, events.is_video AS events_is_video, events.is_new AS events_is_new, events.is_active AS events_is_active, events.updated_at AS events_updated_at, events.categories AS events_categories, events.organization_id AS events_organization_id, events.organization_name AS events_organization_name 
FROM events 
WHERE events.organization_id = %(organization_id_1)s AND events.is_active = true
INFO:sqlalchemy.engine.Engine:[cached since 0.01051s ago] {'organization_id_1': 10}
INFO:sqlalchemy.engine.Engine:ROLLBACK
INFO:sqlalchemy.engine.Engine:ROLLBACK
INFO:werkzeug:127.0.0.1 - - [03/Jul/2024 21:27:09] "GET /api/v1/events/10 HTTP/1.1" 200 -
INFO:werkzeug:127.0.0.1 - - [03/Jul/2024 21:27:09] "GET /api/v1/events/10 HTTP/1.1" 200 -
INFO:sqlalchemy.engine.Engine:BEGIN (implicit)
INFO:sqlalchemy.engine.Engine:SELECT events.id AS events_id, events.title AS events_title, events.link AS events_link, events.sub_links AS events_sub_links, events.image AS events_image, events.date AS events_date, events.start_time AS events_start_time, events.end_time AS events_end_time, events.location AS events_location, events.short_description AS events_short_description, events.full_description AS events_full_description, events.other_info AS events_other_info, events.cost AS events_cost, events.created_at AS events_created_at, events.is_video AS events_is_video, events.is_new AS events_is_new, events.is_active AS events_is_active, events.updated_at AS events_updated_at, events.categories AS events_categories, events.organization_id AS events_organization_id, events.organization_name AS events_organization_name 
FROM events 
WHERE events.organization_id = %(organization_id_1)s AND events.is_active = true
INFO:sqlalchemy.engine.Engine:[cached since 0.3097s ago] {'organization_id_1': 4}
INFO:sqlalchemy.engine.Engine:ROLLBACK
INFO:werkzeug:127.0.0.1 - - [03/Jul/2024 21:27:09] "GET /api/v1/events/4 HTTP/1.1" 200 -
INFO:werkzeug:127.0.0.1 - - [03/Jul/2024 21:27:09] "GET /api/v1/events/4 HTTP/1.1" 200 -
INFO:werkzeug:127.0.0.1 - - [03/Jul/2024 21:27:09] "GET /api/v1/events/10 HTTP/1.1" 200 -
INFO:werkzeug:127.0.0.1 - - [03/Jul/2024 21:27:09] "GET /api/v1/events/10 HTTP/1.1" 200 -
INFO:werkzeug:127.0.0.1 - - [03/Jul/2024 21:27:09] "GET /api/v1/events/4 HTTP/1.1" 200 -
INFO:werkzeug:127.0.0.1 - - [03/Jul/2024 21:27:09] "GET /api/v1/events/4 HTTP/1.1" 200 -
INFO:werkzeug:127.0.0.1 - - [03/Jul/2024 21:27:19] "GET /api/v1/organizations HTTP/1.1" 200 -
INFO:werkzeug:127.0.0.1 - - [03/Jul/2024 21:27:19] "GET /api/v1/organizations HTTP/1.1" 200 -
INFO:sqlalchemy.engine.Engine:BEGIN (implicit)
INFO:sqlalchemy.engine.Engine:BEGIN (implicit)
INFO:sqlalchemy.engine.Engine:SELECT events.id AS events_id, events.title AS events_title, events.link AS events_link, events.sub_links AS events_sub_links, events.image AS events_image, events.date AS events_date, events.start_time AS events_start_time, events.end_time AS events_end_time, events.location AS events_location, events.short_description AS events_short_description, events.full_description AS events_full_description, events.other_info AS events_other_info, events.cost AS events_cost, events.created_at AS events_created_at, events.is_video AS events_is_video, events.is_new AS events_is_new, events.is_active AS events_is_active, events.updated_at AS events_updated_at, events.categories AS events_categories, events.organization_id AS events_organization_id, events.organization_name AS events_organization_name 
FROM events 
WHERE events.is_active = true
INFO:sqlalchemy.engine.Engine:SELECT events.id AS events_id, events.title AS events_title, events.link AS events_link, events.sub_links AS events_sub_links, events.image AS events_image, events.date AS events_date, events.start_time AS events_start_time, events.end_time AS events_end_time, events.location AS events_location, events.short_description AS events_short_description, events.full_description AS events_full_description, events.other_info AS events_other_info, events.cost AS events_cost, events.created_at AS events_created_at, events.is_video AS events_is_video, events.is_new AS events_is_new, events.is_active AS events_is_active, events.updated_at AS events_updated_at, events.categories AS events_categories, events.organization_id AS events_organization_id, events.organization_name AS events_organization_name 
FROM events 
WHERE events.is_active = true
INFO:sqlalchemy.engine.Engine:[generated in 0.00300s] {}
INFO:sqlalchemy.engine.Engine:[cached since 0.005317s ago] {}
INFO:sqlalchemy.engine.Engine:ROLLBACK
INFO:werkzeug:127.0.0.1 - - [03/Jul/2024 21:27:20] "GET /api/v1/events HTTP/1.1" 200 -
INFO:sqlalchemy.engine.Engine:ROLLBACK
INFO:werkzeug:127.0.0.1 - - [03/Jul/2024 21:27:20] "GET /api/v1/events HTTP/1.1" 200 -
INFO:sqlalchemy.engine.Engine:BEGIN (implicit)
INFO:sqlalchemy.engine.Engine:SELECT organizations.id AS organizations_id, organizations.name AS organizations_name, organizations.name_short AS organizations_name_short, organizations.location AS organizations_location, organizations.phone_number AS organizations_phone_number, organizations.email AS organizations_email, organizations.description AS organizations_description, organizations.image AS organizations_image, organizations.website AS organizations_website, organizations.facebook AS organizations_facebook, organizations.twitter AS organizations_twitter, organizations.instagram AS organizations_instagram, organizations.youtube AS organizations_youtube 
FROM organizations 
WHERE organizations.id = %(id_1)s 
 LIMIT %(param_1)s
INFO:sqlalchemy.engine.Engine:BEGIN (implicit)
INFO:sqlalchemy.engine.Engine:[generated in 0.00115s] {'id_1': 3, 'param_1': 1}
INFO:sqlalchemy.engine.Engine:SELECT organizations.id AS organizations_id, organizations.name AS organizations_name, organizations.name_short AS organizations_name_short, organizations.location AS organizations_location, organizations.phone_number AS organizations_phone_number, organizations.email AS organizations_email, organizations.description AS organizations_description, organizations.image AS organizations_image, organizations.website AS organizations_website, organizations.facebook AS organizations_facebook, organizations.twitter AS organizations_twitter, organizations.instagram AS organizations_instagram, organizations.youtube AS organizations_youtube 
FROM organizations 
WHERE organizations.id = %(id_1)s 
 LIMIT %(param_1)s
INFO:sqlalchemy.engine.Engine:[cached since 0.002886s ago] {'id_1': 3, 'param_1': 1}
INFO:sqlalchemy.engine.Engine:ROLLBACK
INFO:sqlalchemy.engine.Engine:ROLLBACK
INFO:werkzeug:127.0.0.1 - - [03/Jul/2024 21:27:20] "GET /api/v1/organizations/3/image HTTP/1.1" 200 -
INFO:werkzeug:127.0.0.1 - - [03/Jul/2024 21:27:20] "GET /api/v1/organizations/3/image HTTP/1.1" 200 -
INFO:werkzeug:127.0.0.1 - - [03/Jul/2024 21:27:22] "GET /installHook.js.map HTTP/1.1" 200 -
INFO:werkzeug:127.0.0.1 - - [03/Jul/2024 21:27:30] "GET /react_devtools_backend_compact.js.map HTTP/1.1" 200 -
INFO:werkzeug:127.0.0.1 - - [03/Jul/2024 21:27:30] "GET /api/v1/organizations HTTP/1.1" 200 -
INFO:werkzeug:127.0.0.1 - - [03/Jul/2024 21:27:30] "GET /api/v1/events HTTP/1.1" 200 -
INFO:werkzeug:127.0.0.1 - - [03/Jul/2024 21:27:33] "GET /api/v1/organizations/3/image HTTP/1.1" 200 -
INFO:werkzeug:127.0.0.1 - - [03/Jul/2024 21:27:33] "GET /api/v1/organizations HTTP/1.1" 200 -
INFO:werkzeug:127.0.0.1 - - [03/Jul/2024 21:27:33] "GET /api/v1/events HTTP/1.1" 200 -
INFO:werkzeug:127.0.0.1 - - [03/Jul/2024 21:27:33] "GET /api/v1/organizations/3/image HTTP/1.1" 200 -
INFO:werkzeug:127.0.0.1 - - [03/Jul/2024 21:27:33] "GET /api/v1/organizations/3/image HTTP/1.1" 200 -
INFO:werkzeug:127.0.0.1 - - [03/Jul/2024 21:27:33] "GET /api/v1/organizations/3/image HTTP/1.1" 200 -
INFO:werkzeug:127.0.0.1 - - [03/Jul/2024 21:27:36] "GET /api/v1/organizations HTTP/1.1" 200 -
INFO:werkzeug:127.0.0.1 - - [03/Jul/2024 21:27:36] "GET /api/v1/events HTTP/1.1" 200 -
INFO:werkzeug:127.0.0.1 - - [03/Jul/2024 21:27:38] "GET /api/v1/organizations/3/image HTTP/1.1" 200 -
INFO:werkzeug:127.0.0.1 - - [03/Jul/2024 21:27:38] "GET /api/v1/organizations HTTP/1.1" 200 -
INFO:werkzeug:127.0.0.1 - - [03/Jul/2024 21:27:38] "GET /api/v1/events HTTP/1.1" 200 -
INFO:werkzeug:127.0.0.1 - - [03/Jul/2024 21:27:38] "GET /api/v1/organizations/3/image HTTP/1.1" 200 -
INFO:werkzeug:127.0.0.1 - - [03/Jul/2024 21:27:38] "GET /api/v1/organizations/3/image HTTP/1.1" 200 -
INFO:werkzeug:127.0.0.1 - - [03/Jul/2024 21:27:38] "GET /api/v1/organizations/3/image HTTP/1.1" 200 -
INFO:werkzeug:127.0.0.1 - - [03/Jul/2024 21:28:35] "GET /api/v1/organizations HTTP/1.1" 200 -
INFO:werkzeug:127.0.0.1 - - [03/Jul/2024 21:28:35] "GET /api/v1/events HTTP/1.1" 200 -
INFO:werkzeug:127.0.0.1 - - [03/Jul/2024 21:28:35] "GET /api/v1/organizations/3/image HTTP/1.1" 200 -
INFO:werkzeug:127.0.0.1 - - [03/Jul/2024 21:28:35] "GET /api/v1/organizations/3/image HTTP/1.1" 200 -
INFO:werkzeug:127.0.0.1 - - [03/Jul/2024 21:28:38] "GET /logo.png HTTP/1.1" 200 -
INFO:werkzeug:127.0.0.1 - - [03/Jul/2024 21:28:38] "GET /api/v1/organizations HTTP/1.1" 200 -
INFO:werkzeug:127.0.0.1 - - [03/Jul/2024 21:28:38] "GET /api/v1/events HTTP/1.1" 200 -
INFO:werkzeug:127.0.0.1 - - [03/Jul/2024 21:28:38] "GET /api/v1/organizations HTTP/1.1" 200 -
INFO:werkzeug:127.0.0.1 - - [03/Jul/2024 21:28:38] "GET /api/v1/events HTTP/1.1" 200 -
INFO:werkzeug:127.0.0.1 - - [03/Jul/2024 21:28:38] "GET /installHook.js.map HTTP/1.1" 200 -
INFO:werkzeug:127.0.0.1 - - [03/Jul/2024 21:28:39] "GET /api/v1/organizations/3/image HTTP/1.1" 200 -
INFO:werkzeug:127.0.0.1 - - [03/Jul/2024 21:28:39] "GET /api/v1/organizations/3/image HTTP/1.1" 200 -
INFO:werkzeug:127.0.0.1 - - [03/Jul/2024 21:28:40] "GET /react_devtools_backend_compact.js.map HTTP/1.1" 200 -
INFO:werkzeug:127.0.0.1 - - [03/Jul/2024 21:31:14] "GET /api/v1/organizations HTTP/1.1" 200 -
INFO:werkzeug:127.0.0.1 - - [03/Jul/2024 21:31:14] "GET /api/v1/events HTTP/1.1" 200 -
INFO:werkzeug:127.0.0.1 - - [03/Jul/2024 21:31:14] "GET /api/v1/organizations/3/image HTTP/1.1" 200 -
INFO:werkzeug:127.0.0.1 - - [03/Jul/2024 21:31:14] "GET /api/v1/organizations/3/image HTTP/1.1" 200 -
INFO:werkzeug:127.0.0.1 - - [03/Jul/2024 21:31:44] "GET /api/v1/organizations HTTP/1.1" 200 -
INFO:werkzeug:127.0.0.1 - - [03/Jul/2024 21:31:44] "GET /api/v1/events HTTP/1.1" 200 -
INFO:werkzeug:127.0.0.1 - - [03/Jul/2024 21:31:45] "GET /api/v1/organizations/3/image HTTP/1.1" 200 -
INFO:werkzeug:127.0.0.1 - - [03/Jul/2024 21:31:45] "GET /api/v1/organizations/3/image HTTP/1.1" 200 -
INFO:werkzeug:127.0.0.1 - - [03/Jul/2024 21:31:54] "GET /api/v1/organizations HTTP/1.1" 200 -
INFO:werkzeug:127.0.0.1 - - [03/Jul/2024 21:31:54] "GET /api/v1/events HTTP/1.1" 200 -
INFO:werkzeug:127.0.0.1 - - [03/Jul/2024 21:31:54] "GET /api/v1/organizations/3/image HTTP/1.1" 200 -
INFO:werkzeug:127.0.0.1 - - [03/Jul/2024 21:31:54] "GET /api/v1/organizations/3/image HTTP/1.1" 200 -
INFO:werkzeug:127.0.0.1 - - [03/Jul/2024 21:31:58] "GET /api/v1/organizations HTTP/1.1" 200 -
INFO:werkzeug:127.0.0.1 - - [03/Jul/2024 21:31:58] "GET /api/v1/events HTTP/1.1" 200 -
INFO:werkzeug:127.0.0.1 - - [03/Jul/2024 21:31:58] "GET /api/v1/organizations/3/image HTTP/1.1" 200 -
INFO:werkzeug:127.0.0.1 - - [03/Jul/2024 21:31:58] "GET /api/v1/organizations/3/image HTTP/1.1" 200 -
INFO:werkzeug:127.0.0.1 - - [03/Jul/2024 21:49:32] "GET /api/v1/organizations HTTP/1.1" 200 -
INFO:werkzeug:127.0.0.1 - - [03/Jul/2024 21:49:32] "GET /api/v1/events HTTP/1.1" 200 -
INFO:werkzeug:127.0.0.1 - - [03/Jul/2024 21:49:32] "GET /api/v1/organizations/3/image HTTP/1.1" 200 -
INFO:werkzeug:127.0.0.1 - - [03/Jul/2024 21:49:32] "GET /api/v1/organizations/3/image HTTP/1.1" 200 -
INFO:werkzeug:127.0.0.1 - - [03/Jul/2024 21:49:48] "GET /api/v1/organizations HTTP/1.1" 200 -
INFO:werkzeug:127.0.0.1 - - [03/Jul/2024 21:49:48] "GET /api/v1/events HTTP/1.1" 200 -
INFO:werkzeug:127.0.0.1 - - [03/Jul/2024 21:49:48] "GET /api/v1/organizations/3/image HTTP/1.1" 200 -
INFO:werkzeug:127.0.0.1 - - [03/Jul/2024 21:49:48] "GET /api/v1/organizations/3/image HTTP/1.1" 200 -
INFO:werkzeug:127.0.0.1 - - [03/Jul/2024 21:50:39] "GET /api/v1/organizations HTTP/1.1" 200 -
INFO:werkzeug:127.0.0.1 - - [03/Jul/2024 21:50:39] "GET /api/v1/events HTTP/1.1" 200 -
INFO:werkzeug:127.0.0.1 - - [03/Jul/2024 21:50:39] "GET /api/v1/organizations/3/image HTTP/1.1" 200 -
INFO:werkzeug:127.0.0.1 - - [03/Jul/2024 21:50:39] "GET /api/v1/organizations/3/image HTTP/1.1" 200 -
INFO:werkzeug:127.0.0.1 - - [03/Jul/2024 21:51:11] "GET /api/v1/organizations HTTP/1.1" 200 -
INFO:werkzeug:127.0.0.1 - - [03/Jul/2024 21:51:11] "GET /api/v1/events HTTP/1.1" 200 -
INFO:werkzeug:127.0.0.1 - - [03/Jul/2024 21:51:19] "GET /api/v1/events/10 HTTP/1.1" 200 -
INFO:werkzeug:127.0.0.1 - - [03/Jul/2024 21:51:19] "GET /api/v1/events/10 HTTP/1.1" 200 -
INFO:werkzeug:127.0.0.1 - - [03/Jul/2024 21:51:19] "GET /api/v1/events/4 HTTP/1.1" 200 -
INFO:werkzeug:127.0.0.1 - - [03/Jul/2024 21:51:19] "GET /api/v1/events/4 HTTP/1.1" 200 -
INFO:werkzeug:127.0.0.1 - - [03/Jul/2024 21:51:19] "GET /api/v1/events/10 HTTP/1.1" 200 -
INFO:werkzeug:127.0.0.1 - - [03/Jul/2024 21:51:19] "GET /api/v1/events/10 HTTP/1.1" 200 -
INFO:werkzeug:127.0.0.1 - - [03/Jul/2024 21:51:19] "GET /api/v1/events/4 HTTP/1.1" 200 -
INFO:werkzeug:127.0.0.1 - - [03/Jul/2024 21:51:19] "GET /api/v1/events/4 HTTP/1.1" 200 -
INFO:werkzeug:127.0.0.1 - - [03/Jul/2024 21:51:20] "GET /api/v1/organizations HTTP/1.1" 200 -
INFO:werkzeug:127.0.0.1 - - [03/Jul/2024 21:51:20] "GET /api/v1/events HTTP/1.1" 200 -
INFO:werkzeug:127.0.0.1 - - [03/Jul/2024 21:51:20] "GET /api/v1/organizations HTTP/1.1" 200 -
INFO:werkzeug:127.0.0.1 - - [03/Jul/2024 21:51:20] "GET /api/v1/organizations HTTP/1.1" 200 -
INFO:werkzeug:127.0.0.1 - - [03/Jul/2024 21:51:20] "GET /api/v1/events HTTP/1.1" 200 -
INFO:werkzeug:127.0.0.1 - - [03/Jul/2024 21:51:21] "GET /api/v1/events HTTP/1.1" 200 -
INFO:werkzeug:127.0.0.1 - - [03/Jul/2024 21:53:23] "GET /api/v1/organizations HTTP/1.1" 200 -
INFO:werkzeug:127.0.0.1 - - [03/Jul/2024 21:53:23] "GET /api/v1/events HTTP/1.1" 200 -
INFO:werkzeug:127.0.0.1 - - [03/Jul/2024 21:53:24] "GET /api/v1/organizations HTTP/1.1" 200 -
INFO:werkzeug:127.0.0.1 - - [03/Jul/2024 21:53:24] "GET /api/v1/events HTTP/1.1" 200 -
INFO:werkzeug:127.0.0.1 - - [03/Jul/2024 21:53:24] "GET /api/v1/organizations/3/image HTTP/1.1" 200 -
INFO:werkzeug:127.0.0.1 - - [03/Jul/2024 21:53:24] "GET /api/v1/organizations/3/image HTTP/1.1" 200 -
INFO:werkzeug:127.0.0.1 - - [03/Jul/2024 21:53:24] "GET /api/v1/organizations/3/image HTTP/1.1" 200 -
INFO:werkzeug:127.0.0.1 - - [03/Jul/2024 21:53:24] "GET /api/v1/organizations/3/image HTTP/1.1" 200 -
INFO:werkzeug:127.0.0.1 - - [03/Jul/2024 21:53:37] "GET /api/v1/organizations HTTP/1.1" 200 -
INFO:werkzeug:127.0.0.1 - - [03/Jul/2024 21:53:37] "GET /api/v1/events HTTP/1.1" 200 -
INFO:werkzeug:127.0.0.1 - - [03/Jul/2024 21:53:38] "GET /api/v1/organizations HTTP/1.1" 200 -
INFO:werkzeug:127.0.0.1 - - [03/Jul/2024 21:53:38] "GET /api/v1/events HTTP/1.1" 200 -
INFO:werkzeug:127.0.0.1 - - [03/Jul/2024 21:53:38] "GET /api/v1/organizations/3/image HTTP/1.1" 200 -
INFO:werkzeug:127.0.0.1 - - [03/Jul/2024 21:53:38] "GET /api/v1/organizations/3/image HTTP/1.1" 200 -
INFO:werkzeug:127.0.0.1 - - [03/Jul/2024 21:53:40] "GET /api/v1/organizations HTTP/1.1" 200 -
INFO:werkzeug:127.0.0.1 - - [03/Jul/2024 21:53:40] "GET /api/v1/events HTTP/1.1" 200 -
INFO:werkzeug:127.0.0.1 - - [03/Jul/2024 21:53:40] "GET /api/v1/organizations/3/image HTTP/1.1" 200 -
INFO:werkzeug:127.0.0.1 - - [03/Jul/2024 21:53:40] "GET /api/v1/organizations/3/image HTTP/1.1" 200 -
INFO:werkzeug:127.0.0.1 - - [03/Jul/2024 21:53:40] "GET /api/v1/organizations/3/image HTTP/1.1" 200 -
INFO:werkzeug:127.0.0.1 - - [03/Jul/2024 21:53:41] "GET /api/v1/organizations/3/image HTTP/1.1" 200 -
INFO:werkzeug:127.0.0.1 - - [03/Jul/2024 21:53:41] "GET /api/v1/organizations/3/image HTTP/1.1" 200 -
INFO:werkzeug:127.0.0.1 - - [03/Jul/2024 21:53:41] "GET /api/v1/organizations/3/image HTTP/1.1" 200 -
INFO:werkzeug:127.0.0.1 - - [03/Jul/2024 21:53:41] "GET /api/v1/organizations/3/image HTTP/1.1" 200 -
INFO:werkzeug:127.0.0.1 - - [03/Jul/2024 21:53:41] "GET /api/v1/organizations/3/image HTTP/1.1" 200 -
INFO:werkzeug:127.0.0.1 - - [03/Jul/2024 21:53:41] "GET /api/v1/organizations/3/image HTTP/1.1" 200 -
INFO:werkzeug:127.0.0.1 - - [03/Jul/2024 21:53:42] "GET /api/v1/organizations/3/image HTTP/1.1" 200 -
INFO:werkzeug:127.0.0.1 - - [03/Jul/2024 21:53:42] "GET /api/v1/organizations/3/image HTTP/1.1" 200 -
INFO:werkzeug:127.0.0.1 - - [03/Jul/2024 21:53:42] "GET /api/v1/organizations/3/image HTTP/1.1" 200 -
INFO:werkzeug:127.0.0.1 - - [03/Jul/2024 21:53:42] "GET /api/v1/organizations/3/image HTTP/1.1" 200 -
INFO:werkzeug:127.0.0.1 - - [03/Jul/2024 21:53:42] "GET /api/v1/organizations/3/image HTTP/1.1" 200 -
INFO:werkzeug:127.0.0.1 - - [03/Jul/2024 21:53:44] "GET /api/v1/organizations HTTP/1.1" 200 -
INFO:werkzeug:127.0.0.1 - - [03/Jul/2024 21:53:44] "GET /api/v1/events HTTP/1.1" 200 -
INFO:werkzeug:127.0.0.1 - - [03/Jul/2024 21:53:47] "GET /api/v1/organizations HTTP/1.1" 200 -
INFO:werkzeug:127.0.0.1 - - [03/Jul/2024 21:53:47] "GET /api/v1/events HTTP/1.1" 200 -
INFO:werkzeug:127.0.0.1 - - [03/Jul/2024 21:53:48] "GET /api/v1/organizations HTTP/1.1" 200 -
INFO:werkzeug:127.0.0.1 - - [03/Jul/2024 21:53:48] "GET /api/v1/events HTTP/1.1" 200 -
INFO:werkzeug:127.0.0.1 - - [03/Jul/2024 21:53:49] "GET /api/v1/organizations/3/image HTTP/1.1" 200 -
INFO:werkzeug:127.0.0.1 - - [03/Jul/2024 21:53:49] "GET /api/v1/organizations/3/image HTTP/1.1" 200 -
INFO:werkzeug:127.0.0.1 - - [03/Jul/2024 21:53:52] "GET /api/v1/organizations HTTP/1.1" 200 -
INFO:werkzeug:127.0.0.1 - - [03/Jul/2024 21:53:53] "GET /api/v1/events HTTP/1.1" 200 -
INFO:werkzeug:127.0.0.1 - - [03/Jul/2024 21:53:54] "GET /api/v1/organizations HTTP/1.1" 200 -
INFO:werkzeug:127.0.0.1 - - [03/Jul/2024 21:53:54] "GET /api/v1/events HTTP/1.1" 200 -
INFO:werkzeug:127.0.0.1 - - [03/Jul/2024 21:53:55] "GET /api/v1/organizations/3/image HTTP/1.1" 200 -
INFO:werkzeug:127.0.0.1 - - [03/Jul/2024 21:53:55] "GET /api/v1/organizations/3/image HTTP/1.1" 200 -
INFO:werkzeug:127.0.0.1 - - [03/Jul/2024 21:53:59] "GET /api/v1/organizations HTTP/1.1" 200 -
INFO:werkzeug:127.0.0.1 - - [03/Jul/2024 21:53:59] "GET /api/v1/events HTTP/1.1" 200 -
INFO:werkzeug:127.0.0.1 - - [03/Jul/2024 21:54:02] "GET /api/v1/organizations HTTP/1.1" 200 -
INFO:werkzeug:127.0.0.1 - - [03/Jul/2024 21:54:02] "GET /api/v1/events HTTP/1.1" 200 -
INFO:werkzeug:127.0.0.1 - - [03/Jul/2024 21:54:02] "GET /api/v1/organizations/3/image HTTP/1.1" 200 -
INFO:werkzeug:127.0.0.1 - - [03/Jul/2024 21:54:02] "GET /api/v1/organizations/3/image HTTP/1.1" 200 -
INFO:werkzeug:127.0.0.1 - - [03/Jul/2024 21:54:09] "GET /api/v1/organizations HTTP/1.1" 200 -
INFO:werkzeug:127.0.0.1 - - [03/Jul/2024 21:54:09] "GET /api/v1/events HTTP/1.1" 200 -
INFO:werkzeug:127.0.0.1 - - [03/Jul/2024 22:00:36] "GET /api/v1/organizations HTTP/1.1" 200 -
INFO:werkzeug:127.0.0.1 - - [03/Jul/2024 22:00:36] "GET /api/v1/events HTTP/1.1" 200 -
INFO:werkzeug:127.0.0.1 - - [03/Jul/2024 22:00:36] "GET /api/v1/organizations/3/image HTTP/1.1" 200 -
INFO:werkzeug:127.0.0.1 - - [03/Jul/2024 22:00:36] "GET /api/v1/organizations/3/image HTTP/1.1" 200 -
INFO:werkzeug:127.0.0.1 - - [03/Jul/2024 22:00:56] "GET /api/v1/organizations HTTP/1.1" 200 -
INFO:werkzeug:127.0.0.1 - - [03/Jul/2024 22:00:56] "GET /api/v1/events HTTP/1.1" 200 -
INFO:werkzeug:127.0.0.1 - - [03/Jul/2024 22:00:57] "GET /api/v1/organizations/3/image HTTP/1.1" 200 -
INFO:werkzeug:127.0.0.1 - - [03/Jul/2024 22:00:57] "GET /api/v1/organizations HTTP/1.1" 200 -
INFO:werkzeug:127.0.0.1 - - [03/Jul/2024 22:00:57] "GET /api/v1/events HTTP/1.1" 200 -
INFO:werkzeug:127.0.0.1 - - [03/Jul/2024 22:00:57] "GET /api/v1/organizations/3/image HTTP/1.1" 200 -
INFO:werkzeug:127.0.0.1 - - [03/Jul/2024 22:00:57] "GET /api/v1/organizations/3/image HTTP/1.1" 200 -
INFO:werkzeug:127.0.0.1 - - [03/Jul/2024 22:00:57] "GET /api/v1/organizations/3/image HTTP/1.1" 200 -
INFO:werkzeug:127.0.0.1 - - [03/Jul/2024 22:01:05] "GET /api/v1/organizations HTTP/1.1" 200 -
INFO:werkzeug:127.0.0.1 - - [03/Jul/2024 22:01:05] "GET /api/v1/events HTTP/1.1" 200 -
INFO:werkzeug:127.0.0.1 - - [03/Jul/2024 22:01:05] "GET /api/v1/organizations/3/image HTTP/1.1" 200 -
INFO:werkzeug:127.0.0.1 - - [03/Jul/2024 22:01:06] "GET /api/v1/organizations HTTP/1.1" 200 -
INFO:werkzeug:127.0.0.1 - - [03/Jul/2024 22:01:06] "GET /api/v1/events HTTP/1.1" 200 -
INFO:werkzeug:127.0.0.1 - - [03/Jul/2024 22:01:06] "GET /api/v1/organizations/3/image HTTP/1.1" 200 -
INFO:werkzeug:127.0.0.1 - - [03/Jul/2024 22:01:06] "GET /api/v1/organizations/3/image HTTP/1.1" 200 -
INFO:werkzeug:127.0.0.1 - - [03/Jul/2024 22:01:06] "GET /api/v1/organizations/3/image HTTP/1.1" 200 -
INFO:werkzeug:127.0.0.1 - - [03/Jul/2024 22:01:07] "GET /api/v1/organizations HTTP/1.1" 200 -
INFO:werkzeug:127.0.0.1 - - [03/Jul/2024 22:01:07] "GET /api/v1/events HTTP/1.1" 200 -
INFO:werkzeug:127.0.0.1 - - [03/Jul/2024 22:01:11] "GET /api/v1/organizations HTTP/1.1" 200 -
INFO:werkzeug:127.0.0.1 - - [03/Jul/2024 22:01:11] "GET /api/v1/events HTTP/1.1" 200 -
INFO:werkzeug:127.0.0.1 - - [03/Jul/2024 22:01:17] "GET /api/v1/organizations HTTP/1.1" 200 -
INFO:werkzeug:127.0.0.1 - - [03/Jul/2024 22:01:17] "GET /api/v1/events HTTP/1.1" 200 -
INFO:werkzeug:127.0.0.1 - - [03/Jul/2024 22:01:20] "GET /api/v1/organizations HTTP/1.1" 200 -
INFO:werkzeug:127.0.0.1 - - [03/Jul/2024 22:01:20] "GET /api/v1/events HTTP/1.1" 200 -
INFO:werkzeug:127.0.0.1 - - [03/Jul/2024 22:01:37] "GET /api/v1/organizations HTTP/1.1" 200 -
INFO:werkzeug:127.0.0.1 - - [03/Jul/2024 22:01:37] "GET /api/v1/events HTTP/1.1" 200 -
INFO:werkzeug:127.0.0.1 - - [03/Jul/2024 22:01:38] "GET /api/v1/organizations HTTP/1.1" 200 -
INFO:werkzeug:127.0.0.1 - - [03/Jul/2024 22:01:38] "GET /api/v1/events HTTP/1.1" 200 -
INFO:werkzeug:127.0.0.1 - - [03/Jul/2024 22:01:38] "GET /api/v1/organizations/3/image HTTP/1.1" 200 -
INFO:werkzeug:127.0.0.1 - - [03/Jul/2024 22:01:38] "GET /api/v1/organizations/3/image HTTP/1.1" 200 -
INFO:werkzeug:127.0.0.1 - - [03/Jul/2024 22:02:41] "GET /api/v1/organizations HTTP/1.1" 200 -
INFO:werkzeug:127.0.0.1 - - [03/Jul/2024 22:02:41] "GET /api/v1/events HTTP/1.1" 200 -
INFO:werkzeug:127.0.0.1 - - [03/Jul/2024 22:02:42] "GET /api/v1/organizations HTTP/1.1" 200 -
INFO:werkzeug:127.0.0.1 - - [03/Jul/2024 22:02:42] "GET /api/v1/events HTTP/1.1" 200 -
INFO:werkzeug:127.0.0.1 - - [03/Jul/2024 22:02:42] "GET /api/v1/organizations/3/image HTTP/1.1" 200 -
INFO:werkzeug:127.0.0.1 - - [03/Jul/2024 22:02:42] "GET /api/v1/organizations/3/image HTTP/1.1" 200 -
INFO:werkzeug:127.0.0.1 - - [03/Jul/2024 22:08:25] "GET /api/v1/organizations HTTP/1.1" 200 -
INFO:werkzeug:127.0.0.1 - - [03/Jul/2024 22:08:25] "GET /api/v1/events HTTP/1.1" 200 -
INFO:werkzeug:127.0.0.1 - - [03/Jul/2024 22:08:25] "GET /api/v1/organizations HTTP/1.1" 200 -
INFO:werkzeug:127.0.0.1 - - [03/Jul/2024 22:08:25] "GET /api/v1/events HTTP/1.1" 200 -
INFO:werkzeug:127.0.0.1 - - [03/Jul/2024 22:08:26] "GET /api/v1/organizations/3/image HTTP/1.1" 200 -
INFO:werkzeug:127.0.0.1 - - [03/Jul/2024 22:08:26] "GET /api/v1/organizations/3/image HTTP/1.1" 200 -
INFO:werkzeug:127.0.0.1 - - [03/Jul/2024 22:08:28] "GET /api/v1/organizations HTTP/1.1" 200 -
INFO:werkzeug:127.0.0.1 - - [03/Jul/2024 22:08:28] "GET /api/v1/events HTTP/1.1" 200 -
INFO:werkzeug:127.0.0.1 - - [03/Jul/2024 22:08:28] "GET /api/v1/organizations/3/image HTTP/1.1" 200 -
INFO:werkzeug:127.0.0.1 - - [03/Jul/2024 22:08:28] "GET /api/v1/organizations/3/image HTTP/1.1" 200 -
INFO:werkzeug:127.0.0.1 - - [03/Jul/2024 22:08:31] "GET /api/v1/organizations HTTP/1.1" 200 -
INFO:werkzeug:127.0.0.1 - - [03/Jul/2024 22:08:32] "GET /api/v1/events HTTP/1.1" 200 -
INFO:werkzeug:127.0.0.1 - - [03/Jul/2024 22:09:17] "GET /api/v1/organizations HTTP/1.1" 200 -
INFO:werkzeug:127.0.0.1 - - [03/Jul/2024 22:09:17] "GET /api/v1/events HTTP/1.1" 200 -
INFO:werkzeug:127.0.0.1 - - [03/Jul/2024 22:09:18] "GET /api/v1/organizations HTTP/1.1" 200 -
INFO:werkzeug:127.0.0.1 - - [03/Jul/2024 22:09:18] "GET /api/v1/events HTTP/1.1" 200 -
INFO:werkzeug:127.0.0.1 - - [03/Jul/2024 22:09:18] "GET /api/v1/organizations/3/image HTTP/1.1" 200 -
INFO:werkzeug:127.0.0.1 - - [03/Jul/2024 22:09:18] "GET /api/v1/organizations/3/image HTTP/1.1" 200 -
INFO:werkzeug:127.0.0.1 - - [03/Jul/2024 22:09:28] "GET /api/v1/organizations HTTP/1.1" 200 -
INFO:werkzeug:127.0.0.1 - - [03/Jul/2024 22:09:28] "GET /api/v1/events HTTP/1.1" 200 -
INFO:werkzeug:127.0.0.1 - - [03/Jul/2024 22:09:31] "GET /api/v1/organizations HTTP/1.1" 200 -
INFO:werkzeug:127.0.0.1 - - [03/Jul/2024 22:09:31] "GET /api/v1/events HTTP/1.1" 200 -
INFO:werkzeug:127.0.0.1 - - [03/Jul/2024 22:09:32] "GET /api/v1/organizations/3/image HTTP/1.1" 200 -
INFO:werkzeug:127.0.0.1 - - [03/Jul/2024 22:09:32] "GET /api/v1/organizations/3/image HTTP/1.1" 200 -
INFO:werkzeug:127.0.0.1 - - [03/Jul/2024 22:09:33] "GET /api/v1/organizations HTTP/1.1" 200 -
INFO:werkzeug:127.0.0.1 - - [03/Jul/2024 22:09:33] "GET /api/v1/events HTTP/1.1" 200 -
INFO:werkzeug:127.0.0.1 - - [03/Jul/2024 22:09:33] "GET /api/v1/organizations HTTP/1.1" 200 -
INFO:werkzeug:127.0.0.1 - - [03/Jul/2024 22:09:34] "GET /api/v1/events HTTP/1.1" 200 -
INFO:werkzeug:127.0.0.1 - - [03/Jul/2024 22:09:34] "GET /api/v1/organizations/3/image HTTP/1.1" 200 -
INFO:werkzeug:127.0.0.1 - - [03/Jul/2024 22:09:34] "GET /api/v1/organizations/3/image HTTP/1.1" 200 -
INFO:werkzeug:127.0.0.1 - - [03/Jul/2024 22:09:42] "GET /api/v1/organizations HTTP/1.1" 200 -
INFO:werkzeug:127.0.0.1 - - [03/Jul/2024 22:09:42] "GET /api/v1/events HTTP/1.1" 200 -
INFO:werkzeug:127.0.0.1 - - [03/Jul/2024 22:21:13] "GET /api/v1/organizations HTTP/1.1" 200 -
INFO:werkzeug:127.0.0.1 - - [03/Jul/2024 22:21:13] "GET /api/v1/events HTTP/1.1" 200 -
INFO:werkzeug:127.0.0.1 - - [03/Jul/2024 22:21:14] "GET /api/v1/organizations HTTP/1.1" 200 -
INFO:werkzeug:127.0.0.1 - - [03/Jul/2024 22:21:14] "GET /api/v1/events HTTP/1.1" 200 -
INFO:werkzeug:127.0.0.1 - - [03/Jul/2024 22:21:15] "GET /api/v1/organizations/3/image HTTP/1.1" 200 -
INFO:werkzeug:127.0.0.1 - - [03/Jul/2024 22:21:15] "GET /api/v1/organizations/3/image HTTP/1.1" 200 -
INFO:werkzeug:127.0.0.1 - - [03/Jul/2024 22:21:21] "GET /api/v1/organizations HTTP/1.1" 200 -
INFO:werkzeug:127.0.0.1 - - [03/Jul/2024 22:21:21] "GET /api/v1/events HTTP/1.1" 200 -
INFO:werkzeug:127.0.0.1 - - [03/Jul/2024 22:21:24] "GET /api/v1/organizations HTTP/1.1" 200 -
INFO:werkzeug:127.0.0.1 - - [03/Jul/2024 22:21:25] "GET /api/v1/events HTTP/1.1" 200 -
INFO:werkzeug:127.0.0.1 - - [03/Jul/2024 22:21:25] "GET /api/v1/organizations/3/image HTTP/1.1" 200 -
INFO:werkzeug:127.0.0.1 - - [03/Jul/2024 22:21:25] "GET /api/v1/organizations/3/image HTTP/1.1" 200 -
INFO:werkzeug:127.0.0.1 - - [03/Jul/2024 22:21:42] "GET /api/v1/organizations HTTP/1.1" 200 -
INFO:werkzeug:127.0.0.1 - - [03/Jul/2024 22:21:42] "GET /api/v1/events HTTP/1.1" 200 -
INFO:werkzeug:127.0.0.1 - - [03/Jul/2024 22:21:42] "GET /api/v1/organizations HTTP/1.1" 200 -
INFO:werkzeug:127.0.0.1 - - [03/Jul/2024 22:21:42] "GET /api/v1/events HTTP/1.1" 200 -
INFO:werkzeug:127.0.0.1 - - [03/Jul/2024 22:21:42] "GET /api/v1/organizations/3/image HTTP/1.1" 200 -
INFO:werkzeug:127.0.0.1 - - [03/Jul/2024 22:21:42] "GET /api/v1/organizations/3/image HTTP/1.1" 200 -
INFO:werkzeug:127.0.0.1 - - [03/Jul/2024 22:21:46] "GET /api/v1/organizations HTTP/1.1" 200 -
INFO:werkzeug:127.0.0.1 - - [03/Jul/2024 22:21:46] "GET /api/v1/events HTTP/1.1" 200 -
INFO:werkzeug:127.0.0.1 - - [03/Jul/2024 22:21:47] "GET /api/v1/organizations/3/image HTTP/1.1" 200 -
INFO:werkzeug:127.0.0.1 - - [03/Jul/2024 22:21:47] "GET /api/v1/organizations/3/image HTTP/1.1" 200 -
INFO:werkzeug:127.0.0.1 - - [03/Jul/2024 22:21:47] "GET /api/v1/organizations/3/image HTTP/1.1" 200 -
INFO:werkzeug:127.0.0.1 - - [03/Jul/2024 22:21:47] "GET /api/v1/organizations/3/image HTTP/1.1" 200 -
INFO:werkzeug:127.0.0.1 - - [03/Jul/2024 22:21:47] "GET /api/v1/organizations/3/image HTTP/1.1" 200 -
INFO:werkzeug:127.0.0.1 - - [03/Jul/2024 22:21:48] "GET /api/v1/organizations/3/image HTTP/1.1" 200 -
INFO:werkzeug:127.0.0.1 - - [03/Jul/2024 22:21:48] "GET /api/v1/organizations/3/image HTTP/1.1" 200 -
INFO:werkzeug:127.0.0.1 - - [03/Jul/2024 22:21:48] "GET /api/v1/organizations/3/image HTTP/1.1" 200 -
INFO:werkzeug:127.0.0.1 - - [03/Jul/2024 22:21:48] "GET /api/v1/organizations HTTP/1.1" 200 -
INFO:werkzeug:127.0.0.1 - - [03/Jul/2024 22:21:48] "GET /api/v1/events HTTP/1.1" 200 -
INFO:werkzeug:127.0.0.1 - - [03/Jul/2024 22:21:48] "GET /api/v1/organizations/3/image HTTP/1.1" 200 -
INFO:werkzeug:127.0.0.1 - - [03/Jul/2024 22:21:48] "GET /api/v1/organizations/3/image HTTP/1.1" 200 -
INFO:werkzeug:127.0.0.1 - - [03/Jul/2024 22:21:48] "GET /api/v1/organizations/3/image HTTP/1.1" 200 -
INFO:werkzeug:127.0.0.1 - - [03/Jul/2024 22:21:48] "GET /api/v1/organizations/3/image HTTP/1.1" 200 -
INFO:werkzeug:127.0.0.1 - - [03/Jul/2024 22:21:49] "GET /api/v1/organizations/3/image HTTP/1.1" 200 -
INFO:werkzeug:127.0.0.1 - - [03/Jul/2024 22:21:49] "GET /api/v1/organizations/3/image HTTP/1.1" 200 -
INFO:werkzeug:127.0.0.1 - - [03/Jul/2024 22:21:49] "GET /api/v1/organizations/3/image HTTP/1.1" 200 -
INFO:werkzeug:127.0.0.1 - - [03/Jul/2024 22:21:49] "GET /api/v1/organizations/3/image HTTP/1.1" 200 -
INFO:werkzeug:127.0.0.1 - - [03/Jul/2024 22:21:51] "GET /api/v1/organizations HTTP/1.1" 200 -
INFO:werkzeug:127.0.0.1 - - [03/Jul/2024 22:21:52] "GET /api/v1/events HTTP/1.1" 200 -
INFO:werkzeug:127.0.0.1 - - [03/Jul/2024 22:22:14] "GET /api/v1/organizations HTTP/1.1" 200 -
INFO:werkzeug:127.0.0.1 - - [03/Jul/2024 22:22:14] "GET /api/v1/events HTTP/1.1" 200 -
INFO:werkzeug:127.0.0.1 - - [03/Jul/2024 22:22:14] "GET /api/v1/organizations HTTP/1.1" 200 -
INFO:werkzeug:127.0.0.1 - - [03/Jul/2024 22:22:14] "GET /api/v1/events HTTP/1.1" 200 -
INFO:werkzeug:127.0.0.1 - - [03/Jul/2024 22:22:15] "GET /api/v1/organizations/3/image HTTP/1.1" 200 -
INFO:werkzeug:127.0.0.1 - - [03/Jul/2024 22:22:15] "GET /api/v1/organizations/3/image HTTP/1.1" 200 -
INFO:werkzeug:127.0.0.1 - - [03/Jul/2024 22:22:20] "GET /api/v1/organizations HTTP/1.1" 200 -
INFO:werkzeug:127.0.0.1 - - [03/Jul/2024 22:22:20] "GET /api/v1/events HTTP/1.1" 200 -
INFO:werkzeug:127.0.0.1 - - [03/Jul/2024 22:23:01] "GET /api/v1/favicon.ico HTTP/1.1" 200 -
INFO:werkzeug:127.0.0.1 - - [03/Jul/2024 22:23:01] "GET /api/v1/favicon.ico HTTP/1.1" 200 -
INFO:werkzeug:127.0.0.1 - - [03/Jul/2024 22:23:04] "GET /api/v1/events HTTP/1.1" 200 -
INFO:werkzeug:127.0.0.1 - - [03/Jul/2024 22:23:08] "[36mGET /favicon.ico HTTP/1.1[0m" 304 -
INFO:werkzeug:127.0.0.1 - - [03/Jul/2024 22:24:41] "GET /api/v1/organizations HTTP/1.1" 200 -
INFO:werkzeug:127.0.0.1 - - [03/Jul/2024 22:24:41] "GET /api/v1/events HTTP/1.1" 200 -
INFO:werkzeug:127.0.0.1 - - [03/Jul/2024 22:24:42] "GET /api/v1/organizations HTTP/1.1" 200 -
INFO:werkzeug:127.0.0.1 - - [03/Jul/2024 22:24:42] "GET /api/v1/events HTTP/1.1" 200 -
INFO:werkzeug:127.0.0.1 - - [03/Jul/2024 22:24:43] "GET /api/v1/organizations/3/image HTTP/1.1" 200 -
INFO:werkzeug:127.0.0.1 - - [03/Jul/2024 22:24:43] "GET /api/v1/organizations/3/image HTTP/1.1" 200 -
INFO:werkzeug:127.0.0.1 - - [03/Jul/2024 22:25:02] "GET /api/v1/organizations HTTP/1.1" 200 -
INFO:werkzeug:127.0.0.1 - - [03/Jul/2024 22:25:03] "GET /api/v1/events HTTP/1.1" 200 -
INFO:werkzeug:127.0.0.1 - - [03/Jul/2024 22:25:03] "GET /api/v1/organizations HTTP/1.1" 200 -
INFO:werkzeug:127.0.0.1 - - [03/Jul/2024 22:25:03] "GET /api/v1/events HTTP/1.1" 200 -
INFO:werkzeug:127.0.0.1 - - [03/Jul/2024 22:25:03] "GET /api/v1/organizations/3/image HTTP/1.1" 200 -
INFO:werkzeug:127.0.0.1 - - [03/Jul/2024 22:25:03] "GET /api/v1/organizations/3/image HTTP/1.1" 200 -
INFO:werkzeug:127.0.0.1 - - [03/Jul/2024 22:25:06] "GET /api/v1/organizations HTTP/1.1" 200 -
INFO:werkzeug:127.0.0.1 - - [03/Jul/2024 22:25:06] "GET /api/v1/events HTTP/1.1" 200 -
INFO:werkzeug:127.0.0.1 - - [03/Jul/2024 22:25:06] "GET /api/v1/organizations HTTP/1.1" 200 -
INFO:werkzeug:127.0.0.1 - - [03/Jul/2024 22:25:06] "GET /api/v1/events HTTP/1.1" 200 -
INFO:werkzeug:127.0.0.1 - - [03/Jul/2024 22:25:06] "GET /api/v1/organizations/3/image HTTP/1.1" 200 -
INFO:werkzeug:127.0.0.1 - - [03/Jul/2024 22:25:06] "GET /api/v1/organizations/3/image HTTP/1.1" 200 -
INFO:werkzeug:127.0.0.1 - - [03/Jul/2024 22:25:09] "GET /api/v1/organizations HTTP/1.1" 200 -
INFO:werkzeug:127.0.0.1 - - [03/Jul/2024 22:25:09] "GET /api/v1/events HTTP/1.1" 200 -
INFO:werkzeug:127.0.0.1 - - [03/Jul/2024 22:25:11] "GET /api/v1/organizations HTTP/1.1" 200 -
INFO:werkzeug:127.0.0.1 - - [03/Jul/2024 22:25:11] "GET /api/v1/events HTTP/1.1" 200 -
INFO:werkzeug:127.0.0.1 - - [03/Jul/2024 22:25:11] "GET /api/v1/organizations/3/image HTTP/1.1" 200 -
INFO:werkzeug:127.0.0.1 - - [03/Jul/2024 22:25:12] "GET /api/v1/organizations/3/image HTTP/1.1" 200 -
INFO:werkzeug:127.0.0.1 - - [03/Jul/2024 22:25:17] "GET /api/v1/organizations HTTP/1.1" 200 -
INFO:werkzeug:127.0.0.1 - - [03/Jul/2024 22:25:17] "GET /api/v1/events HTTP/1.1" 200 -
INFO:werkzeug:127.0.0.1 - - [03/Jul/2024 22:28:36] "GET /api/v1/organizations HTTP/1.1" 200 -
INFO:werkzeug:127.0.0.1 - - [03/Jul/2024 22:28:36] "GET /api/v1/events HTTP/1.1" 200 -
INFO:werkzeug:127.0.0.1 - - [03/Jul/2024 22:28:37] "GET /api/v1/organizations HTTP/1.1" 200 -
INFO:werkzeug:127.0.0.1 - - [03/Jul/2024 22:28:37] "GET /api/v1/events HTTP/1.1" 200 -
INFO:werkzeug:127.0.0.1 - - [03/Jul/2024 22:28:38] "GET /api/v1/organizations/3/image HTTP/1.1" 200 -
INFO:werkzeug:127.0.0.1 - - [03/Jul/2024 22:28:38] "GET /api/v1/organizations/3/image HTTP/1.1" 200 -
INFO:werkzeug:127.0.0.1 - - [03/Jul/2024 22:28:46] "GET /api/v1/organizations HTTP/1.1" 200 -
INFO:werkzeug:127.0.0.1 - - [03/Jul/2024 22:28:47] "GET /api/v1/organizations HTTP/1.1" 200 -
INFO:werkzeug:127.0.0.1 - - [03/Jul/2024 22:28:47] "GET /api/v1/events HTTP/1.1" 200 -
INFO:werkzeug:127.0.0.1 - - [03/Jul/2024 22:28:47] "GET /api/v1/events HTTP/1.1" 200 -
INFO:werkzeug:127.0.0.1 - - [03/Jul/2024 22:28:47] "GET /api/v1/organizations/3/image HTTP/1.1" 200 -
INFO:werkzeug:127.0.0.1 - - [03/Jul/2024 22:28:47] "GET /api/v1/organizations/3/image HTTP/1.1" 200 -
INFO:werkzeug:127.0.0.1 - - [03/Jul/2024 22:28:55] "GET /api/v1/organizations HTTP/1.1" 200 -
INFO:werkzeug:127.0.0.1 - - [03/Jul/2024 22:28:55] "GET /api/v1/events HTTP/1.1" 200 -
INFO:werkzeug:127.0.0.1 - - [03/Jul/2024 22:28:55] "GET /api/v1/organizations HTTP/1.1" 200 -
INFO:werkzeug:127.0.0.1 - - [03/Jul/2024 22:28:56] "GET /api/v1/events HTTP/1.1" 200 -
INFO:werkzeug:127.0.0.1 - - [03/Jul/2024 22:28:56] "GET /api/v1/organizations/3/image HTTP/1.1" 200 -
INFO:werkzeug:127.0.0.1 - - [03/Jul/2024 22:28:56] "GET /api/v1/organizations/3/image HTTP/1.1" 200 -
INFO:werkzeug:127.0.0.1 - - [03/Jul/2024 22:29:00] "GET /api/v1/organizations HTTP/1.1" 200 -
INFO:werkzeug:127.0.0.1 - - [03/Jul/2024 22:29:00] "GET /api/v1/events HTTP/1.1" 200 -
INFO:werkzeug:127.0.0.1 - - [03/Jul/2024 22:40:43] "GET /api/v1/organizations HTTP/1.1" 200 -
INFO:werkzeug:127.0.0.1 - - [03/Jul/2024 22:40:43] "GET /api/v1/events HTTP/1.1" 200 -
INFO:werkzeug:127.0.0.1 - - [03/Jul/2024 22:40:44] "GET /api/v1/organizations HTTP/1.1" 200 -
INFO:werkzeug:127.0.0.1 - - [03/Jul/2024 22:40:44] "GET /api/v1/events HTTP/1.1" 200 -
INFO:werkzeug:127.0.0.1 - - [03/Jul/2024 22:40:44] "GET /api/v1/organizations/3/image HTTP/1.1" 200 -
INFO:werkzeug:127.0.0.1 - - [03/Jul/2024 22:40:44] "GET /api/v1/organizations/3/image HTTP/1.1" 200 -
INFO:werkzeug:127.0.0.1 - - [03/Jul/2024 22:40:52] "GET /api/v1/organizations HTTP/1.1" 200 -
INFO:werkzeug:127.0.0.1 - - [03/Jul/2024 22:40:52] "GET /api/v1/events HTTP/1.1" 200 -
INFO:werkzeug:127.0.0.1 - - [03/Jul/2024 22:40:53] "GET /api/v1/organizations/3/image HTTP/1.1" 200 -
INFO:werkzeug:127.0.0.1 - - [03/Jul/2024 22:40:53] "GET /api/v1/organizations HTTP/1.1" 200 -
INFO:werkzeug:127.0.0.1 - - [03/Jul/2024 22:40:53] "GET /api/v1/events HTTP/1.1" 200 -
INFO:werkzeug:127.0.0.1 - - [03/Jul/2024 22:40:53] "GET /api/v1/organizations/3/image HTTP/1.1" 200 -
INFO:werkzeug:127.0.0.1 - - [03/Jul/2024 22:40:53] "GET /api/v1/organizations/3/image HTTP/1.1" 200 -
INFO:werkzeug:127.0.0.1 - - [03/Jul/2024 22:40:54] "GET /api/v1/organizations/3/image HTTP/1.1" 200 -
INFO:werkzeug:127.0.0.1 - - [03/Jul/2024 22:40:54] "GET /api/v1/organizations/3/image HTTP/1.1" 200 -
INFO:werkzeug:127.0.0.1 - - [03/Jul/2024 22:40:54] "GET /api/v1/organizations/3/image HTTP/1.1" 200 -
INFO:werkzeug:127.0.0.1 - - [03/Jul/2024 22:41:05] "GET /api/v1/organizations HTTP/1.1" 200 -
INFO:werkzeug:127.0.0.1 - - [03/Jul/2024 22:41:05] "GET /api/v1/events HTTP/1.1" 200 -
INFO:werkzeug:127.0.0.1 - - [03/Jul/2024 22:41:05] "GET /api/v1/organizations HTTP/1.1" 200 -
INFO:werkzeug:127.0.0.1 - - [03/Jul/2024 22:41:05] "GET /api/v1/events HTTP/1.1" 200 -
INFO:werkzeug:127.0.0.1 - - [03/Jul/2024 22:41:05] "GET /api/v1/organizations/3/image HTTP/1.1" 200 -
INFO:werkzeug:127.0.0.1 - - [03/Jul/2024 22:41:05] "GET /api/v1/organizations/3/image HTTP/1.1" 200 -
INFO:werkzeug:127.0.0.1 - - [03/Jul/2024 22:41:08] "GET /api/v1/organizations HTTP/1.1" 200 -
INFO:werkzeug:127.0.0.1 - - [03/Jul/2024 22:41:09] "GET /api/v1/events HTTP/1.1" 200 -
INFO:werkzeug:127.0.0.1 - - [03/Jul/2024 22:41:09] "GET /api/v1/organizations/3/image HTTP/1.1" 200 -
INFO:werkzeug:127.0.0.1 - - [03/Jul/2024 22:41:10] "GET /api/v1/organizations/3/image HTTP/1.1" 200 -
INFO:werkzeug:127.0.0.1 - - [03/Jul/2024 22:41:10] "GET /api/v1/organizations/3/image HTTP/1.1" 200 -
INFO:werkzeug:127.0.0.1 - - [03/Jul/2024 22:41:10] "GET /api/v1/organizations/3/image HTTP/1.1" 200 -
INFO:werkzeug:127.0.0.1 - - [03/Jul/2024 22:41:17] "GET /api/v1/organizations HTTP/1.1" 200 -
INFO:werkzeug:127.0.0.1 - - [03/Jul/2024 22:41:17] "GET /api/v1/events HTTP/1.1" 200 -
INFO:werkzeug:127.0.0.1 - - [03/Jul/2024 22:41:18] "GET /api/v1/organizations/3/image HTTP/1.1" 200 -
INFO:werkzeug:127.0.0.1 - - [03/Jul/2024 22:41:18] "GET /api/v1/organizations/3/image HTTP/1.1" 200 -
INFO:werkzeug:127.0.0.1 - - [03/Jul/2024 22:41:21] "GET /api/v1/organizations HTTP/1.1" 200 -
INFO:werkzeug:127.0.0.1 - - [03/Jul/2024 22:41:22] "GET /api/v1/events HTTP/1.1" 200 -
INFO:werkzeug:127.0.0.1 - - [03/Jul/2024 23:21:48] "GET /api/v1/organizations HTTP/1.1" 200 -
INFO:werkzeug:127.0.0.1 - - [03/Jul/2024 23:21:48] "GET /api/v1/events HTTP/1.1" 200 -
INFO:werkzeug:127.0.0.1 - - [03/Jul/2024 23:35:35] "GET /api/v1/organizations HTTP/1.1" 200 -
INFO:werkzeug:127.0.0.1 - - [03/Jul/2024 23:35:35] "GET /api/v1/events HTTP/1.1" 200 -
INFO:werkzeug:127.0.0.1 - - [03/Jul/2024 23:35:42] "GET /api/v1/organizations HTTP/1.1" 200 -
INFO:werkzeug:127.0.0.1 - - [03/Jul/2024 23:35:42] "GET /api/v1/events HTTP/1.1" 200 -
INFO:werkzeug:127.0.0.1 - - [03/Jul/2024 23:35:43] "GET /api/v1/organizations/3/image HTTP/1.1" 200 -
INFO:werkzeug:127.0.0.1 - - [03/Jul/2024 23:35:43] "GET /api/v1/organizations/3/image HTTP/1.1" 200 -
INFO:werkzeug:127.0.0.1 - - [04/Jul/2024 00:00:22] "GET /api/v1/organizations HTTP/1.1" 200 -
INFO:werkzeug:127.0.0.1 - - [04/Jul/2024 00:00:22] "GET /api/v1/events HTTP/1.1" 200 -
INFO:werkzeug:127.0.0.1 - - [04/Jul/2024 00:00:22] "GET /api/v1/organizations HTTP/1.1" 200 -
INFO:werkzeug:127.0.0.1 - - [04/Jul/2024 00:00:22] "GET /api/v1/events HTTP/1.1" 200 -
INFO:werkzeug:127.0.0.1 - - [04/Jul/2024 00:00:22] "GET /api/v1/organizations/3/image HTTP/1.1" 200 -
INFO:werkzeug:127.0.0.1 - - [04/Jul/2024 00:00:23] "GET /api/v1/organizations/3/image HTTP/1.1" 200 -
INFO:werkzeug:127.0.0.1 - - [04/Jul/2024 00:00:23] "GET /api/v1/organizations/3/image HTTP/1.1" 200 -
INFO:werkzeug:127.0.0.1 - - [04/Jul/2024 00:00:23] "GET /api/v1/organizations/3/image HTTP/1.1" 200 -
INFO:werkzeug:127.0.0.1 - - [04/Jul/2024 00:00:27] "GET /api/v1/organizations HTTP/1.1" 200 -
INFO:werkzeug:127.0.0.1 - - [04/Jul/2024 00:00:28] "GET /api/v1/events HTTP/1.1" 200 -
INFO:werkzeug:127.0.0.1 - - [04/Jul/2024 00:00:29] "GET /api/v1/organizations/3/image HTTP/1.1" 200 -
INFO:werkzeug:127.0.0.1 - - [04/Jul/2024 00:00:29] "GET /api/v1/organizations/3/image HTTP/1.1" 200 -
INFO:werkzeug:127.0.0.1 - - [04/Jul/2024 00:00:31] "GET /api/v1/organizations HTTP/1.1" 200 -
INFO:werkzeug:127.0.0.1 - - [04/Jul/2024 00:00:31] "GET /api/v1/events HTTP/1.1" 200 -
INFO:werkzeug:127.0.0.1 - - [04/Jul/2024 00:00:32] "GET /api/v1/organizations/3/image HTTP/1.1" 200 -
INFO:werkzeug:127.0.0.1 - - [04/Jul/2024 00:00:32] "GET /api/v1/organizations/3/image HTTP/1.1" 200 -
INFO:sqlalchemy.engine.Engine:BEGIN (implicit)
INFO:sqlalchemy.engine.Engine:SELECT events.id AS events_id, events.title AS events_title, events.link AS events_link, events.sub_links AS events_sub_links, events.image AS events_image, events.date AS events_date, events.start_time AS events_start_time, events.end_time AS events_end_time, events.location AS events_location, events.short_description AS events_short_description, events.full_description AS events_full_description, events.other_info AS events_other_info, events.cost AS events_cost, events.created_at AS events_created_at, events.is_video AS events_is_video, events.is_new AS events_is_new, events.is_active AS events_is_active, events.updated_at AS events_updated_at, events.categories AS events_categories, events.organization_id AS events_organization_id, events.organization_name AS events_organization_name 
FROM events 
WHERE events.organization_id = %(organization_id_1)s AND events.is_active = true
INFO:sqlalchemy.engine.Engine:[cached since 1.331e+05s ago] {'organization_id_1': 10}
INFO:sqlalchemy.engine.Engine:ROLLBACK
INFO:werkzeug:127.0.0.1 - - [05/Jul/2024 10:25:28] "GET /api/v1/events/10 HTTP/1.1" 200 -
INFO:werkzeug:127.0.0.1 - - [05/Jul/2024 10:25:28] "GET /api/v1/events/10 HTTP/1.1" 200 -
INFO:sqlalchemy.engine.Engine:BEGIN (implicit)
INFO:sqlalchemy.engine.Engine:SELECT events.id AS events_id, events.title AS events_title, events.link AS events_link, events.sub_links AS events_sub_links, events.image AS events_image, events.date AS events_date, events.start_time AS events_start_time, events.end_time AS events_end_time, events.location AS events_location, events.short_description AS events_short_description, events.full_description AS events_full_description, events.other_info AS events_other_info, events.cost AS events_cost, events.created_at AS events_created_at, events.is_video AS events_is_video, events.is_new AS events_is_new, events.is_active AS events_is_active, events.updated_at AS events_updated_at, events.categories AS events_categories, events.organization_id AS events_organization_id, events.organization_name AS events_organization_name 
FROM events 
WHERE events.organization_id = %(organization_id_1)s AND events.is_active = true
INFO:sqlalchemy.engine.Engine:[cached since 1.331e+05s ago] {'organization_id_1': 4}
INFO:sqlalchemy.engine.Engine:ROLLBACK
INFO:werkzeug:127.0.0.1 - - [05/Jul/2024 10:25:28] "GET /api/v1/events/4 HTTP/1.1" 200 -
INFO:werkzeug:127.0.0.1 - - [05/Jul/2024 10:25:29] "GET /api/v1/events/4 HTTP/1.1" 200 -
INFO:werkzeug:127.0.0.1 - - [05/Jul/2024 10:25:29] "GET /api/v1/events/10 HTTP/1.1" 200 -
INFO:werkzeug:127.0.0.1 - - [05/Jul/2024 10:25:29] "GET /api/v1/events/10 HTTP/1.1" 200 -
INFO:werkzeug:127.0.0.1 - - [05/Jul/2024 10:25:29] "GET /api/v1/events/4 HTTP/1.1" 200 -
INFO:werkzeug:127.0.0.1 - - [05/Jul/2024 10:25:29] "GET /api/v1/events/4 HTTP/1.1" 200 -
INFO:root:Started
INFO:sqlalchemy.engine.Engine:SELECT DATABASE()
INFO:sqlalchemy.engine.Engine:[raw sql] {}
INFO:sqlalchemy.engine.Engine:SELECT @@sql_mode
INFO:sqlalchemy.engine.Engine:[raw sql] {}
INFO:sqlalchemy.engine.Engine:SELECT @@lower_case_table_names
INFO:sqlalchemy.engine.Engine:[raw sql] {}
INFO:sqlalchemy.engine.Engine:BEGIN (implicit)
INFO:sqlalchemy.engine.Engine:DESCRIBE `salamcity`.`organizations`
INFO:sqlalchemy.engine.Engine:[raw sql] {}
INFO:sqlalchemy.engine.Engine:DESCRIBE `salamcity`.`events`
INFO:sqlalchemy.engine.Engine:[raw sql] {}
INFO:sqlalchemy.engine.Engine:DESCRIBE `salamcity`.`prayer_times`
INFO:sqlalchemy.engine.Engine:[raw sql] {}
INFO:sqlalchemy.engine.Engine:COMMIT
INFO:root:Database connected
INFO:sqlalchemy.engine.Engine:BEGIN (implicit)
INFO:sqlalchemy.engine.Engine:SELECT organizations.id AS organizations_id, organizations.name AS organizations_name, organizations.name_short AS organizations_name_short, organizations.location AS organizations_location, organizations.phone_number AS organizations_phone_number, organizations.email AS organizations_email, organizations.description AS organizations_description, organizations.image AS organizations_image, organizations.website AS organizations_website, organizations.facebook AS organizations_facebook, organizations.twitter AS organizations_twitter, organizations.instagram AS organizations_instagram, organizations.youtube AS organizations_youtube 
FROM organizations
INFO:sqlalchemy.engine.Engine:[generated in 0.00094s] {}
INFO:sqlalchemy.engine.Engine:ROLLBACK
INFO:werkzeug:[31m[1mWARNING: This is a development server. Do not use it in a production deployment. Use a production WSGI server instead.[0m
 * Running on http://127.0.0.1:5000
INFO:werkzeug:[33mPress CTRL+C to quit[0m
INFO:sqlalchemy.engine.Engine:BEGIN (implicit)
INFO:sqlalchemy.engine.Engine:SELECT events.id AS events_id, events.title AS events_title, events.link AS events_link, events.sub_links AS events_sub_links, events.image AS events_image, events.date AS events_date, events.start_time AS events_start_time, events.end_time AS events_end_time, events.location AS events_location, events.short_description AS events_short_description, events.full_description AS events_full_description, events.other_info AS events_other_info, events.cost AS events_cost, events.created_at AS events_created_at, events.is_video AS events_is_video, events.is_new AS events_is_new, events.is_active AS events_is_active, events.updated_at AS events_updated_at, events.categories AS events_categories, events.organization_id AS events_organization_id, events.organization_name AS events_organization_name 
FROM events 
WHERE events.organization_id = %(organization_id_1)s AND events.is_active = true
INFO:sqlalchemy.engine.Engine:[generated in 0.00113s] {'organization_id_1': 10}
INFO:sqlalchemy.engine.Engine:BEGIN (implicit)
INFO:sqlalchemy.engine.Engine:SELECT events.id AS events_id, events.title AS events_title, events.link AS events_link, events.sub_links AS events_sub_links, events.image AS events_image, events.date AS events_date, events.start_time AS events_start_time, events.end_time AS events_end_time, events.location AS events_location, events.short_description AS events_short_description, events.full_description AS events_full_description, events.other_info AS events_other_info, events.cost AS events_cost, events.created_at AS events_created_at, events.is_video AS events_is_video, events.is_new AS events_is_new, events.is_active AS events_is_active, events.updated_at AS events_updated_at, events.categories AS events_categories, events.organization_id AS events_organization_id, events.organization_name AS events_organization_name 
FROM events 
WHERE events.organization_id = %(organization_id_1)s AND events.is_active = true
INFO:sqlalchemy.engine.Engine:[cached since 0.00637s ago] {'organization_id_1': 10}
INFO:sqlalchemy.engine.Engine:ROLLBACK
INFO:sqlalchemy.engine.Engine:ROLLBACK
INFO:werkzeug:127.0.0.1 - - [05/Jul/2024 23:18:58] "GET /api/v1/events/10 HTTP/1.1" 200 -
INFO:werkzeug:127.0.0.1 - - [05/Jul/2024 23:18:58] "GET /api/v1/events/10 HTTP/1.1" 200 -
INFO:sqlalchemy.engine.Engine:BEGIN (implicit)
INFO:sqlalchemy.engine.Engine:SELECT events.id AS events_id, events.title AS events_title, events.link AS events_link, events.sub_links AS events_sub_links, events.image AS events_image, events.date AS events_date, events.start_time AS events_start_time, events.end_time AS events_end_time, events.location AS events_location, events.short_description AS events_short_description, events.full_description AS events_full_description, events.other_info AS events_other_info, events.cost AS events_cost, events.created_at AS events_created_at, events.is_video AS events_is_video, events.is_new AS events_is_new, events.is_active AS events_is_active, events.updated_at AS events_updated_at, events.categories AS events_categories, events.organization_id AS events_organization_id, events.organization_name AS events_organization_name 
FROM events 
WHERE events.organization_id = %(organization_id_1)s AND events.is_active = true
INFO:sqlalchemy.engine.Engine:[cached since 0.3851s ago] {'organization_id_1': 4}
INFO:sqlalchemy.engine.Engine:BEGIN (implicit)
INFO:sqlalchemy.engine.Engine:SELECT events.id AS events_id, events.title AS events_title, events.link AS events_link, events.sub_links AS events_sub_links, events.image AS events_image, events.date AS events_date, events.start_time AS events_start_time, events.end_time AS events_end_time, events.location AS events_location, events.short_description AS events_short_description, events.full_description AS events_full_description, events.other_info AS events_other_info, events.cost AS events_cost, events.created_at AS events_created_at, events.is_video AS events_is_video, events.is_new AS events_is_new, events.is_active AS events_is_active, events.updated_at AS events_updated_at, events.categories AS events_categories, events.organization_id AS events_organization_id, events.organization_name AS events_organization_name 
FROM events 
WHERE events.organization_id = %(organization_id_1)s AND events.is_active = true
INFO:sqlalchemy.engine.Engine:[cached since 0.3924s ago] {'organization_id_1': 4}
INFO:sqlalchemy.engine.Engine:ROLLBACK
INFO:werkzeug:127.0.0.1 - - [05/Jul/2024 23:18:58] "GET /api/v1/events/4 HTTP/1.1" 200 -
INFO:sqlalchemy.engine.Engine:ROLLBACK
INFO:werkzeug:127.0.0.1 - - [05/Jul/2024 23:18:58] "GET /api/v1/events/4 HTTP/1.1" 200 -
INFO:werkzeug:127.0.0.1 - - [05/Jul/2024 23:18:58] "GET /api/v1/events/10 HTTP/1.1" 200 -
INFO:werkzeug:127.0.0.1 - - [05/Jul/2024 23:18:58] "GET /api/v1/events/10 HTTP/1.1" 200 -
INFO:werkzeug:127.0.0.1 - - [05/Jul/2024 23:18:59] "GET /api/v1/events/4 HTTP/1.1" 200 -
INFO:werkzeug:127.0.0.1 - - [05/Jul/2024 23:18:59] "GET /api/v1/events/4 HTTP/1.1" 200 -
INFO:werkzeug:127.0.0.1 - - [05/Jul/2024 23:19:02] "GET /logo.png HTTP/1.1" 200 -
INFO:werkzeug:127.0.0.1 - - [05/Jul/2024 23:19:02] "GET /api/v1/organizations HTTP/1.1" 200 -
INFO:sqlalchemy.engine.Engine:BEGIN (implicit)
INFO:werkzeug:127.0.0.1 - - [05/Jul/2024 23:19:02] "GET /api/v1/organizations HTTP/1.1" 200 -
INFO:sqlalchemy.engine.Engine:SELECT events.id AS events_id, events.title AS events_title, events.link AS events_link, events.sub_links AS events_sub_links, events.image AS events_image, events.date AS events_date, events.start_time AS events_start_time, events.end_time AS events_end_time, events.location AS events_location, events.short_description AS events_short_description, events.full_description AS events_full_description, events.other_info AS events_other_info, events.cost AS events_cost, events.created_at AS events_created_at, events.is_video AS events_is_video, events.is_new AS events_is_new, events.is_active AS events_is_active, events.updated_at AS events_updated_at, events.categories AS events_categories, events.organization_id AS events_organization_id, events.organization_name AS events_organization_name 
FROM events 
WHERE events.is_active = true
INFO:sqlalchemy.engine.Engine:[generated in 0.00733s] {}
INFO:sqlalchemy.engine.Engine:BEGIN (implicit)
INFO:sqlalchemy.engine.Engine:SELECT events.id AS events_id, events.title AS events_title, events.link AS events_link, events.sub_links AS events_sub_links, events.image AS events_image, events.date AS events_date, events.start_time AS events_start_time, events.end_time AS events_end_time, events.location AS events_location, events.short_description AS events_short_description, events.full_description AS events_full_description, events.other_info AS events_other_info, events.cost AS events_cost, events.created_at AS events_created_at, events.is_video AS events_is_video, events.is_new AS events_is_new, events.is_active AS events_is_active, events.updated_at AS events_updated_at, events.categories AS events_categories, events.organization_id AS events_organization_id, events.organization_name AS events_organization_name 
FROM events 
WHERE events.is_active = true
INFO:sqlalchemy.engine.Engine:[cached since 0.01514s ago] {}
INFO:sqlalchemy.engine.Engine:ROLLBACK
INFO:sqlalchemy.engine.Engine:ROLLBACK
INFO:werkzeug:127.0.0.1 - - [05/Jul/2024 23:19:02] "GET /api/v1/events HTTP/1.1" 200 -
INFO:werkzeug:127.0.0.1 - - [05/Jul/2024 23:19:02] "GET /api/v1/events HTTP/1.1" 200 -
INFO:sqlalchemy.engine.Engine:BEGIN (implicit)
INFO:sqlalchemy.engine.Engine:SELECT organizations.id AS organizations_id, organizations.name AS organizations_name, organizations.name_short AS organizations_name_short, organizations.location AS organizations_location, organizations.phone_number AS organizations_phone_number, organizations.email AS organizations_email, organizations.description AS organizations_description, organizations.image AS organizations_image, organizations.website AS organizations_website, organizations.facebook AS organizations_facebook, organizations.twitter AS organizations_twitter, organizations.instagram AS organizations_instagram, organizations.youtube AS organizations_youtube 
FROM organizations 
WHERE organizations.id = %(id_1)s 
 LIMIT %(param_1)s
INFO:sqlalchemy.engine.Engine:[generated in 0.00232s] {'id_1': 3, 'param_1': 1}
INFO:sqlalchemy.engine.Engine:BEGIN (implicit)
INFO:sqlalchemy.engine.Engine:ROLLBACK
INFO:werkzeug:127.0.0.1 - - [05/Jul/2024 23:19:03] "GET /api/v1/organizations/3/image HTTP/1.1" 200 -
INFO:sqlalchemy.engine.Engine:SELECT organizations.id AS organizations_id, organizations.name AS organizations_name, organizations.name_short AS organizations_name_short, organizations.location AS organizations_location, organizations.phone_number AS organizations_phone_number, organizations.email AS organizations_email, organizations.description AS organizations_description, organizations.image AS organizations_image, organizations.website AS organizations_website, organizations.facebook AS organizations_facebook, organizations.twitter AS organizations_twitter, organizations.instagram AS organizations_instagram, organizations.youtube AS organizations_youtube 
FROM organizations 
WHERE organizations.id = %(id_1)s 
 LIMIT %(param_1)s
INFO:sqlalchemy.engine.Engine:[cached since 0.0111s ago] {'id_1': 3, 'param_1': 1}
INFO:sqlalchemy.engine.Engine:ROLLBACK
INFO:werkzeug:127.0.0.1 - - [05/Jul/2024 23:19:03] "GET /api/v1/organizations/3/image HTTP/1.1" 200 -
INFO:werkzeug:127.0.0.1 - - [05/Jul/2024 23:19:32] "GET /api/v1/organizations HTTP/1.1" 200 -
INFO:werkzeug:127.0.0.1 - - [05/Jul/2024 23:19:32] "GET /api/v1/events HTTP/1.1" 200 -
INFO:werkzeug:127.0.0.1 - - [05/Jul/2024 23:19:32] "GET /api/v1/organizations/3/image HTTP/1.1" 200 -
INFO:werkzeug:127.0.0.1 - - [05/Jul/2024 23:19:32] "GET /api/v1/organizations/3/image HTTP/1.1" 200 -
INFO:werkzeug:127.0.0.1 - - [05/Jul/2024 23:19:32] "GET /api/v1/organizations/3/image HTTP/1.1" 200 -
INFO:werkzeug:127.0.0.1 - - [05/Jul/2024 23:19:32] "GET /api/v1/organizations/3/image HTTP/1.1" 200 -
INFO:werkzeug:127.0.0.1 - - [05/Jul/2024 23:19:35] "GET /api/v1/organizations HTTP/1.1" 200 -
INFO:werkzeug:127.0.0.1 - - [05/Jul/2024 23:19:35] "GET /api/v1/events HTTP/1.1" 200 -
INFO:werkzeug:127.0.0.1 - - [05/Jul/2024 23:19:35] "GET /api/v1/organizations/3/image HTTP/1.1" 200 -
INFO:werkzeug:127.0.0.1 - - [05/Jul/2024 23:19:35] "GET /api/v1/organizations/3/image HTTP/1.1" 200 -
INFO:werkzeug:127.0.0.1 - - [05/Jul/2024 23:19:38] "GET /api/v1/organizations HTTP/1.1" 200 -
INFO:werkzeug:127.0.0.1 - - [05/Jul/2024 23:19:38] "GET /api/v1/events HTTP/1.1" 200 -
INFO:werkzeug:127.0.0.1 - - [05/Jul/2024 23:20:01] "GET /api/v1/events/10 HTTP/1.1" 200 -
INFO:werkzeug:127.0.0.1 - - [05/Jul/2024 23:20:01] "GET /api/v1/events/10 HTTP/1.1" 200 -
INFO:werkzeug:127.0.0.1 - - [05/Jul/2024 23:20:01] "GET /api/v1/events/4 HTTP/1.1" 200 -
INFO:werkzeug:127.0.0.1 - - [05/Jul/2024 23:20:01] "GET /api/v1/events/4 HTTP/1.1" 200 -
INFO:werkzeug:127.0.0.1 - - [05/Jul/2024 23:20:02] "GET /api/v1/events/10 HTTP/1.1" 200 -
INFO:werkzeug:127.0.0.1 - - [05/Jul/2024 23:20:02] "GET /api/v1/events/10 HTTP/1.1" 200 -
INFO:werkzeug:127.0.0.1 - - [05/Jul/2024 23:20:02] "GET /api/v1/events/4 HTTP/1.1" 200 -
INFO:werkzeug:127.0.0.1 - - [05/Jul/2024 23:20:02] "GET /api/v1/events/4 HTTP/1.1" 200 -
INFO:werkzeug:127.0.0.1 - - [05/Jul/2024 23:20:04] "GET /logo.png HTTP/1.1" 200 -
INFO:werkzeug:127.0.0.1 - - [05/Jul/2024 23:20:04] "GET /api/v1/organizations HTTP/1.1" 200 -
INFO:werkzeug:127.0.0.1 - - [05/Jul/2024 23:20:04] "GET /api/v1/events HTTP/1.1" 200 -
INFO:werkzeug:127.0.0.1 - - [05/Jul/2024 23:20:04] "GET /api/v1/organizations HTTP/1.1" 200 -
INFO:werkzeug:127.0.0.1 - - [05/Jul/2024 23:20:04] "GET /api/v1/events HTTP/1.1" 200 -
INFO:werkzeug:127.0.0.1 - - [05/Jul/2024 23:20:05] "GET /api/v1/organizations/3/image HTTP/1.1" 200 -
INFO:werkzeug:127.0.0.1 - - [05/Jul/2024 23:20:05] "GET /api/v1/organizations/3/image HTTP/1.1" 200 -
INFO:werkzeug:127.0.0.1 - - [05/Jul/2024 23:20:14] "GET /api/v1/organizations/3/image HTTP/1.1" 200 -
INFO:werkzeug:127.0.0.1 - - [05/Jul/2024 23:20:14] "GET /api/v1/organizations/3/image HTTP/1.1" 200 -
INFO:werkzeug:127.0.0.1 - - [05/Jul/2024 23:20:14] "GET /api/v1/organizations/3/image HTTP/1.1" 200 -
INFO:werkzeug:127.0.0.1 - - [05/Jul/2024 23:20:14] "GET /api/v1/organizations/3/image HTTP/1.1" 200 -
INFO:werkzeug:127.0.0.1 - - [05/Jul/2024 23:20:14] "GET /api/v1/organizations/3/image HTTP/1.1" 200 -
INFO:werkzeug:127.0.0.1 - - [05/Jul/2024 23:20:14] "GET /api/v1/organizations/3/image HTTP/1.1" 200 -
INFO:werkzeug:127.0.0.1 - - [05/Jul/2024 23:20:14] "GET /api/v1/organizations/3/image HTTP/1.1" 200 -
INFO:werkzeug:127.0.0.1 - - [05/Jul/2024 23:20:14] "GET /api/v1/organizations/3/image HTTP/1.1" 200 -
INFO:werkzeug:127.0.0.1 - - [05/Jul/2024 23:20:14] "GET /api/v1/organizations/3/image HTTP/1.1" 200 -
INFO:werkzeug:127.0.0.1 - - [05/Jul/2024 23:20:14] "GET /api/v1/organizations/3/image HTTP/1.1" 200 -
INFO:werkzeug:127.0.0.1 - - [05/Jul/2024 23:20:14] "GET /api/v1/organizations/3/image HTTP/1.1" 200 -
INFO:werkzeug:127.0.0.1 - - [05/Jul/2024 23:20:14] "GET /api/v1/organizations/3/image HTTP/1.1" 200 -
INFO:werkzeug:127.0.0.1 - - [05/Jul/2024 23:20:35] "GET /api/v1/organizations HTTP/1.1" 200 -
INFO:werkzeug:127.0.0.1 - - [05/Jul/2024 23:20:35] "GET /api/v1/events HTTP/1.1" 200 -
INFO:werkzeug:127.0.0.1 - - [05/Jul/2024 23:20:38] "GET /api/v1/organizations/3/image HTTP/1.1" 200 -
INFO:werkzeug:127.0.0.1 - - [05/Jul/2024 23:20:38] "GET /api/v1/organizations/3/image HTTP/1.1" 200 -
INFO:werkzeug:127.0.0.1 - - [05/Jul/2024 23:20:43] "GET /api/v1/organizations HTTP/1.1" 200 -
INFO:werkzeug:127.0.0.1 - - [05/Jul/2024 23:20:43] "GET /api/v1/events HTTP/1.1" 200 -
INFO:werkzeug:127.0.0.1 - - [05/Jul/2024 23:20:43] "GET /api/v1/organizations/3/image HTTP/1.1" 200 -
INFO:werkzeug:127.0.0.1 - - [05/Jul/2024 23:20:43] "GET /api/v1/organizations/3/image HTTP/1.1" 200 -
INFO:werkzeug:127.0.0.1 - - [05/Jul/2024 23:20:48] "GET /api/v1/organizations HTTP/1.1" 200 -
INFO:werkzeug:127.0.0.1 - - [05/Jul/2024 23:20:48] "GET /api/v1/events HTTP/1.1" 200 -
INFO:werkzeug:127.0.0.1 - - [05/Jul/2024 23:20:49] "GET /api/v1/organizations/3/image HTTP/1.1" 200 -
INFO:werkzeug:127.0.0.1 - - [05/Jul/2024 23:20:49] "GET /api/v1/organizations/3/image HTTP/1.1" 200 -
INFO:werkzeug:127.0.0.1 - - [05/Jul/2024 23:20:49] "GET /api/v1/organizations/3/image HTTP/1.1" 200 -
INFO:werkzeug:127.0.0.1 - - [05/Jul/2024 23:20:49] "GET /api/v1/organizations/3/image HTTP/1.1" 200 -
INFO:werkzeug:127.0.0.1 - - [05/Jul/2024 23:20:55] "GET /api/v1/organizations HTTP/1.1" 200 -
INFO:werkzeug:127.0.0.1 - - [05/Jul/2024 23:20:55] "GET /api/v1/events HTTP/1.1" 200 -
INFO:werkzeug:127.0.0.1 - - [05/Jul/2024 23:20:56] "GET /api/v1/organizations/3/image HTTP/1.1" 200 -
INFO:werkzeug:127.0.0.1 - - [05/Jul/2024 23:20:56] "GET /api/v1/organizations/3/image HTTP/1.1" 200 -
INFO:werkzeug:127.0.0.1 - - [05/Jul/2024 23:20:56] "GET /api/v1/organizations/3/image HTTP/1.1" 200 -
INFO:werkzeug:127.0.0.1 - - [05/Jul/2024 23:20:56] "GET /api/v1/organizations/3/image HTTP/1.1" 200 -
INFO:werkzeug:127.0.0.1 - - [05/Jul/2024 23:20:57] "GET /api/v1/organizations HTTP/1.1" 200 -
INFO:werkzeug:127.0.0.1 - - [05/Jul/2024 23:20:57] "GET /api/v1/events HTTP/1.1" 200 -
INFO:werkzeug:127.0.0.1 - - [05/Jul/2024 23:21:02] "GET /api/v1/organizations HTTP/1.1" 200 -
INFO:werkzeug:127.0.0.1 - - [05/Jul/2024 23:21:03] "GET /api/v1/events HTTP/1.1" 200 -
INFO:werkzeug:127.0.0.1 - - [05/Jul/2024 23:21:03] "GET /api/v1/organizations/3/image HTTP/1.1" 200 -
INFO:werkzeug:127.0.0.1 - - [05/Jul/2024 23:21:03] "GET /api/v1/organizations/3/image HTTP/1.1" 200 -
INFO:werkzeug:127.0.0.1 - - [05/Jul/2024 23:21:36] "GET /api/v1/organizations HTTP/1.1" 200 -
INFO:werkzeug:127.0.0.1 - - [05/Jul/2024 23:21:36] "GET /api/v1/events HTTP/1.1" 200 -
INFO:werkzeug:127.0.0.1 - - [05/Jul/2024 23:21:37] "GET /api/v1/organizations/3/image HTTP/1.1" 200 -
INFO:werkzeug:127.0.0.1 - - [05/Jul/2024 23:21:37] "GET /api/v1/organizations/3/image HTTP/1.1" 200 -
INFO:werkzeug:127.0.0.1 - - [05/Jul/2024 23:21:37] "GET /api/v1/organizations/3/image HTTP/1.1" 200 -
INFO:werkzeug:127.0.0.1 - - [05/Jul/2024 23:21:37] "GET /api/v1/organizations/3/image HTTP/1.1" 200 -
INFO:werkzeug:127.0.0.1 - - [05/Jul/2024 23:21:39] "GET /api/v1/organizations HTTP/1.1" 200 -
INFO:werkzeug:127.0.0.1 - - [05/Jul/2024 23:21:39] "GET /api/v1/events HTTP/1.1" 200 -
INFO:werkzeug:127.0.0.1 - - [05/Jul/2024 23:21:39] "GET /api/v1/organizations/3/image HTTP/1.1" 200 -
INFO:werkzeug:127.0.0.1 - - [05/Jul/2024 23:21:39] "GET /api/v1/organizations/3/image HTTP/1.1" 200 -
INFO:werkzeug:127.0.0.1 - - [05/Jul/2024 23:21:42] "GET /api/v1/organizations HTTP/1.1" 200 -
INFO:werkzeug:127.0.0.1 - - [05/Jul/2024 23:21:42] "GET /api/v1/events HTTP/1.1" 200 -
INFO:werkzeug:127.0.0.1 - - [05/Jul/2024 23:21:44] "GET /api/v1/organizations HTTP/1.1" 200 -
INFO:werkzeug:127.0.0.1 - - [05/Jul/2024 23:21:44] "GET /api/v1/events HTTP/1.1" 200 -
INFO:werkzeug:127.0.0.1 - - [05/Jul/2024 23:21:44] "GET /api/v1/organizations/3/image HTTP/1.1" 200 -
INFO:werkzeug:127.0.0.1 - - [05/Jul/2024 23:21:44] "GET /api/v1/organizations/3/image HTTP/1.1" 200 -
INFO:werkzeug:127.0.0.1 - - [05/Jul/2024 23:21:51] "GET /api/v1/organizations HTTP/1.1" 200 -
INFO:werkzeug:127.0.0.1 - - [05/Jul/2024 23:21:51] "GET /api/v1/events HTTP/1.1" 200 -
INFO:werkzeug:127.0.0.1 - - [05/Jul/2024 23:21:53] "GET /api/v1/organizations HTTP/1.1" 200 -
INFO:werkzeug:127.0.0.1 - - [05/Jul/2024 23:21:53] "GET /api/v1/events HTTP/1.1" 200 -
INFO:werkzeug:127.0.0.1 - - [05/Jul/2024 23:21:56] "GET /api/v1/organizations HTTP/1.1" 200 -
INFO:werkzeug:127.0.0.1 - - [05/Jul/2024 23:21:56] "GET /api/v1/events HTTP/1.1" 200 -
INFO:werkzeug:127.0.0.1 - - [05/Jul/2024 23:21:57] "GET /api/v1/organizations/3/image HTTP/1.1" 200 -
INFO:werkzeug:127.0.0.1 - - [05/Jul/2024 23:21:57] "GET /api/v1/organizations/3/image HTTP/1.1" 200 -
INFO:werkzeug:127.0.0.1 - - [05/Jul/2024 23:21:57] "GET /api/v1/organizations/3/image HTTP/1.1" 200 -
INFO:werkzeug:127.0.0.1 - - [05/Jul/2024 23:21:57] "GET /api/v1/organizations/3/image HTTP/1.1" 200 -
INFO:werkzeug:127.0.0.1 - - [05/Jul/2024 23:21:57] "GET /api/v1/organizations/3/image HTTP/1.1" 200 -
INFO:werkzeug:127.0.0.1 - - [05/Jul/2024 23:21:57] "GET /api/v1/organizations/3/image HTTP/1.1" 200 -
INFO:werkzeug:127.0.0.1 - - [05/Jul/2024 23:21:57] "GET /api/v1/organizations/3/image HTTP/1.1" 200 -
INFO:werkzeug:127.0.0.1 - - [05/Jul/2024 23:21:57] "GET /api/v1/organizations/3/image HTTP/1.1" 200 -
INFO:werkzeug:127.0.0.1 - - [05/Jul/2024 23:21:57] "GET /api/v1/organizations/3/image HTTP/1.1" 200 -
INFO:werkzeug:127.0.0.1 - - [05/Jul/2024 23:21:57] "GET /api/v1/organizations/3/image HTTP/1.1" 200 -
INFO:werkzeug:127.0.0.1 - - [05/Jul/2024 23:21:57] "GET /api/v1/organizations/3/image HTTP/1.1" 200 -
INFO:werkzeug:127.0.0.1 - - [05/Jul/2024 23:21:57] "GET /api/v1/organizations/3/image HTTP/1.1" 200 -
INFO:werkzeug:127.0.0.1 - - [05/Jul/2024 23:21:57] "GET /api/v1/organizations/3/image HTTP/1.1" 200 -
INFO:werkzeug:127.0.0.1 - - [05/Jul/2024 23:21:57] "GET /api/v1/organizations/3/image HTTP/1.1" 200 -
INFO:werkzeug:127.0.0.1 - - [05/Jul/2024 23:21:59] "GET /api/v1/organizations HTTP/1.1" 200 -
INFO:werkzeug:127.0.0.1 - - [05/Jul/2024 23:21:59] "GET /api/v1/events HTTP/1.1" 200 -
INFO:werkzeug:127.0.0.1 - - [05/Jul/2024 23:22:03] "GET /api/v1/organizations HTTP/1.1" 200 -
INFO:werkzeug:127.0.0.1 - - [05/Jul/2024 23:22:03] "GET /api/v1/events HTTP/1.1" 200 -
INFO:werkzeug:127.0.0.1 - - [05/Jul/2024 23:22:04] "GET /api/v1/organizations/3/image HTTP/1.1" 200 -
INFO:werkzeug:127.0.0.1 - - [05/Jul/2024 23:22:04] "GET /api/v1/organizations/3/image HTTP/1.1" 200 -
INFO:werkzeug:127.0.0.1 - - [05/Jul/2024 23:22:05] "GET /api/v1/organizations HTTP/1.1" 200 -
INFO:werkzeug:127.0.0.1 - - [05/Jul/2024 23:22:05] "GET /api/v1/events HTTP/1.1" 200 -
INFO:werkzeug:127.0.0.1 - - [05/Jul/2024 23:22:07] "GET /api/v1/organizations HTTP/1.1" 200 -
INFO:werkzeug:127.0.0.1 - - [05/Jul/2024 23:22:07] "GET /api/v1/events HTTP/1.1" 200 -
INFO:werkzeug:127.0.0.1 - - [05/Jul/2024 23:22:07] "GET /api/v1/organizations/3/image HTTP/1.1" 200 -
INFO:werkzeug:127.0.0.1 - - [05/Jul/2024 23:22:07] "GET /api/v1/organizations/3/image HTTP/1.1" 200 -
INFO:werkzeug:127.0.0.1 - - [05/Jul/2024 23:22:09] "GET /api/v1/organizations HTTP/1.1" 200 -
INFO:werkzeug:127.0.0.1 - - [05/Jul/2024 23:22:09] "GET /api/v1/events HTTP/1.1" 200 -
INFO:werkzeug:127.0.0.1 - - [05/Jul/2024 23:22:11] "GET /api/v1/organizations HTTP/1.1" 200 -
INFO:werkzeug:127.0.0.1 - - [05/Jul/2024 23:22:11] "GET /api/v1/events HTTP/1.1" 200 -
INFO:werkzeug:127.0.0.1 - - [05/Jul/2024 23:22:13] "GET /api/v1/organizations HTTP/1.1" 200 -
INFO:werkzeug:127.0.0.1 - - [05/Jul/2024 23:22:13] "GET /api/v1/events HTTP/1.1" 200 -
INFO:werkzeug:127.0.0.1 - - [05/Jul/2024 23:22:13] "GET /api/v1/organizations/3/image HTTP/1.1" 200 -
INFO:werkzeug:127.0.0.1 - - [05/Jul/2024 23:22:13] "GET /api/v1/organizations/3/image HTTP/1.1" 200 -
INFO:werkzeug:127.0.0.1 - - [05/Jul/2024 23:22:16] "GET /api/v1/organizations HTTP/1.1" 200 -
INFO:werkzeug:127.0.0.1 - - [05/Jul/2024 23:22:16] "GET /api/v1/events HTTP/1.1" 200 -
INFO:werkzeug:127.0.0.1 - - [05/Jul/2024 23:22:16] "GET /api/v1/organizations/3/image HTTP/1.1" 200 -
INFO:werkzeug:127.0.0.1 - - [05/Jul/2024 23:22:16] "GET /api/v1/organizations/3/image HTTP/1.1" 200 -
INFO:werkzeug:127.0.0.1 - - [05/Jul/2024 23:22:16] "GET /api/v1/organizations/3/image HTTP/1.1" 200 -
INFO:werkzeug:127.0.0.1 - - [05/Jul/2024 23:22:16] "GET /api/v1/organizations/3/image HTTP/1.1" 200 -
INFO:werkzeug:127.0.0.1 - - [05/Jul/2024 23:22:18] "GET /api/v1/organizations HTTP/1.1" 200 -
INFO:werkzeug:127.0.0.1 - - [05/Jul/2024 23:22:18] "GET /api/v1/events HTTP/1.1" 200 -
INFO:werkzeug:127.0.0.1 - - [05/Jul/2024 23:22:18] "GET /api/v1/organizations/3/image HTTP/1.1" 200 -
INFO:werkzeug:127.0.0.1 - - [05/Jul/2024 23:22:18] "GET /api/v1/organizations/3/image HTTP/1.1" 200 -
INFO:werkzeug:127.0.0.1 - - [05/Jul/2024 23:22:20] "GET /api/v1/organizations HTTP/1.1" 200 -
INFO:werkzeug:127.0.0.1 - - [05/Jul/2024 23:22:20] "GET /api/v1/events HTTP/1.1" 200 -
INFO:werkzeug:127.0.0.1 - - [05/Jul/2024 23:22:20] "GET /api/v1/organizations/3/image HTTP/1.1" 200 -
INFO:werkzeug:127.0.0.1 - - [05/Jul/2024 23:22:20] "GET /api/v1/organizations/3/image HTTP/1.1" 200 -
INFO:werkzeug:127.0.0.1 - - [05/Jul/2024 23:22:20] "GET /api/v1/organizations/3/image HTTP/1.1" 200 -
INFO:werkzeug:127.0.0.1 - - [05/Jul/2024 23:22:20] "GET /api/v1/organizations/3/image HTTP/1.1" 200 -
INFO:werkzeug:127.0.0.1 - - [05/Jul/2024 23:22:20] "GET /api/v1/organizations/3/image HTTP/1.1" 200 -
INFO:werkzeug:127.0.0.1 - - [05/Jul/2024 23:22:20] "GET /api/v1/organizations/3/image HTTP/1.1" 200 -
INFO:werkzeug:127.0.0.1 - - [05/Jul/2024 23:22:25] "GET /api/v1/organizations HTTP/1.1" 200 -
INFO:werkzeug:127.0.0.1 - - [05/Jul/2024 23:22:25] "GET /api/v1/events HTTP/1.1" 200 -
INFO:werkzeug:127.0.0.1 - - [05/Jul/2024 23:22:25] "GET /api/v1/organizations/3/image HTTP/1.1" 200 -
INFO:werkzeug:127.0.0.1 - - [05/Jul/2024 23:22:25] "GET /api/v1/organizations/3/image HTTP/1.1" 200 -
INFO:werkzeug:127.0.0.1 - - [05/Jul/2024 23:22:35] "GET /api/v1/organizations HTTP/1.1" 200 -
INFO:werkzeug:127.0.0.1 - - [05/Jul/2024 23:22:35] "GET /api/v1/events HTTP/1.1" 200 -
INFO:werkzeug:127.0.0.1 - - [05/Jul/2024 23:22:35] "GET /api/v1/organizations/3/image HTTP/1.1" 200 -
INFO:werkzeug:127.0.0.1 - - [05/Jul/2024 23:22:35] "GET /api/v1/organizations/3/image HTTP/1.1" 200 -
INFO:werkzeug:127.0.0.1 - - [05/Jul/2024 23:22:36] "GET /api/v1/organizations HTTP/1.1" 200 -
INFO:werkzeug:127.0.0.1 - - [05/Jul/2024 23:22:36] "GET /api/v1/events HTTP/1.1" 200 -
INFO:werkzeug:127.0.0.1 - - [05/Jul/2024 23:22:37] "GET /api/v1/organizations/3/image HTTP/1.1" 200 -
INFO:werkzeug:127.0.0.1 - - [05/Jul/2024 23:22:37] "GET /api/v1/organizations/3/image HTTP/1.1" 200 -
INFO:werkzeug:127.0.0.1 - - [05/Jul/2024 23:22:43] "GET /api/v1/events/10 HTTP/1.1" 200 -
INFO:werkzeug:127.0.0.1 - - [05/Jul/2024 23:22:43] "GET /api/v1/events/10 HTTP/1.1" 200 -
INFO:werkzeug:127.0.0.1 - - [05/Jul/2024 23:22:43] "GET /api/v1/events/4 HTTP/1.1" 200 -
INFO:werkzeug:127.0.0.1 - - [05/Jul/2024 23:22:43] "GET /api/v1/events/4 HTTP/1.1" 200 -
INFO:werkzeug:127.0.0.1 - - [05/Jul/2024 23:22:43] "GET /api/v1/events/10 HTTP/1.1" 200 -
INFO:werkzeug:127.0.0.1 - - [05/Jul/2024 23:22:43] "GET /api/v1/events/10 HTTP/1.1" 200 -
INFO:werkzeug:127.0.0.1 - - [05/Jul/2024 23:22:43] "GET /api/v1/events/4 HTTP/1.1" 200 -
INFO:werkzeug:127.0.0.1 - - [05/Jul/2024 23:22:43] "GET /api/v1/events/4 HTTP/1.1" 200 -
INFO:werkzeug:127.0.0.1 - - [05/Jul/2024 23:23:01] "GET /api/v1/events/10 HTTP/1.1" 200 -
INFO:werkzeug:127.0.0.1 - - [05/Jul/2024 23:23:01] "GET /api/v1/events/10 HTTP/1.1" 200 -
INFO:werkzeug:127.0.0.1 - - [05/Jul/2024 23:23:01] "GET /api/v1/events/4 HTTP/1.1" 200 -
INFO:werkzeug:127.0.0.1 - - [05/Jul/2024 23:23:01] "GET /api/v1/events/4 HTTP/1.1" 200 -
INFO:werkzeug:127.0.0.1 - - [05/Jul/2024 23:23:01] "GET /api/v1/events/10 HTTP/1.1" 200 -
INFO:werkzeug:127.0.0.1 - - [05/Jul/2024 23:23:01] "GET /api/v1/events/10 HTTP/1.1" 200 -
INFO:werkzeug:127.0.0.1 - - [05/Jul/2024 23:23:01] "GET /api/v1/events/4 HTTP/1.1" 200 -
INFO:werkzeug:127.0.0.1 - - [05/Jul/2024 23:23:02] "GET /api/v1/events/4 HTTP/1.1" 200 -
INFO:werkzeug:127.0.0.1 - - [05/Jul/2024 23:23:03] "GET /api/v1/organizations HTTP/1.1" 200 -
INFO:werkzeug:127.0.0.1 - - [05/Jul/2024 23:23:03] "GET /api/v1/events HTTP/1.1" 200 -
INFO:werkzeug:127.0.0.1 - - [05/Jul/2024 23:23:03] "GET /api/v1/organizations HTTP/1.1" 200 -
INFO:werkzeug:127.0.0.1 - - [05/Jul/2024 23:23:03] "GET /api/v1/events HTTP/1.1" 200 -
INFO:werkzeug:127.0.0.1 - - [05/Jul/2024 23:23:04] "GET /api/v1/organizations/3/image HTTP/1.1" 200 -
INFO:werkzeug:127.0.0.1 - - [05/Jul/2024 23:23:05] "GET /api/v1/organizations/3/image HTTP/1.1" 200 -
INFO:sqlalchemy.engine.Engine:BEGIN (implicit)
INFO:sqlalchemy.engine.Engine:SELECT prayer_times.id AS prayer_times_id, prayer_times.prayer_name AS prayer_times_prayer_name, prayer_times.athan_time AS prayer_times_athan_time, prayer_times.iqama_time AS prayer_times_iqama_time, prayer_times.jumuah_time AS prayer_times_jumuah_time, prayer_times.jumuah_time2 AS prayer_times_jumuah_time2, prayer_times.created_at AS prayer_times_created_at, prayer_times.organization_id AS prayer_times_organization_id, prayer_times.organization_name AS prayer_times_organization_name 
FROM prayer_times 
WHERE prayer_times.created_at >= %(created_at_1)s AND prayer_times.created_at <= %(created_at_2)s
INFO:sqlalchemy.engine.Engine:[generated in 0.00349s] {'created_at_1': datetime.datetime(2024, 7, 5, 0, 0), 'created_at_2': datetime.datetime(2024, 7, 5, 23, 59, 59)}
INFO:sqlalchemy.engine.Engine:ROLLBACK
INFO:werkzeug:127.0.0.1 - - [05/Jul/2024 23:23:06] "GET /api/v1/prayer_times HTTP/1.1" 200 -
INFO:werkzeug:127.0.0.1 - - [05/Jul/2024 23:23:06] "GET /api/v1/prayer_times HTTP/1.1" 200 -
INFO:werkzeug:127.0.0.1 - - [05/Jul/2024 23:23:06] "GET /api/v1/organizations HTTP/1.1" 200 -
INFO:werkzeug:127.0.0.1 - - [05/Jul/2024 23:23:06] "GET /api/v1/organizations HTTP/1.1" 200 -
INFO:werkzeug:127.0.0.1 - - [05/Jul/2024 23:23:30] "GET /api/v1/prayer_times HTTP/1.1" 200 -
INFO:werkzeug:127.0.0.1 - - [05/Jul/2024 23:23:30] "GET /api/v1/prayer_times HTTP/1.1" 200 -
INFO:werkzeug:127.0.0.1 - - [05/Jul/2024 23:23:30] "GET /api/v1/organizations HTTP/1.1" 200 -
INFO:werkzeug:127.0.0.1 - - [05/Jul/2024 23:23:30] "GET /api/v1/organizations HTTP/1.1" 200 -
INFO:werkzeug:127.0.0.1 - - [05/Jul/2024 23:23:32] "GET /api/v1/prayer_times HTTP/1.1" 200 -
INFO:werkzeug:127.0.0.1 - - [05/Jul/2024 23:23:32] "GET /api/v1/prayer_times HTTP/1.1" 200 -
INFO:werkzeug:127.0.0.1 - - [05/Jul/2024 23:23:32] "GET /api/v1/prayer_times HTTP/1.1" 200 -
INFO:werkzeug:127.0.0.1 - - [05/Jul/2024 23:23:33] "GET /api/v1/prayer_times HTTP/1.1" 200 -
INFO:werkzeug:127.0.0.1 - - [05/Jul/2024 23:23:33] "GET /api/v1/prayer_times HTTP/1.1" 200 -
INFO:werkzeug:127.0.0.1 - - [05/Jul/2024 23:23:34] "GET /api/v1/organizations HTTP/1.1" 200 -
INFO:werkzeug:127.0.0.1 - - [05/Jul/2024 23:23:34] "GET /api/v1/organizations HTTP/1.1" 200 -
INFO:werkzeug:127.0.0.1 - - [06/Jul/2024 17:51:59] "GET /api/v1/events/10 HTTP/1.1" 200 -
INFO:werkzeug:127.0.0.1 - - [06/Jul/2024 17:51:59] "GET /api/v1/events/10 HTTP/1.1" 200 -
INFO:werkzeug:127.0.0.1 - - [06/Jul/2024 17:52:00] "GET /api/v1/events/4 HTTP/1.1" 200 -
INFO:werkzeug:127.0.0.1 - - [06/Jul/2024 17:52:00] "GET /api/v1/events/4 HTTP/1.1" 200 -
INFO:werkzeug:127.0.0.1 - - [06/Jul/2024 17:52:00] "GET /api/v1/events/10 HTTP/1.1" 200 -
INFO:werkzeug:127.0.0.1 - - [06/Jul/2024 17:52:00] "GET /api/v1/events/10 HTTP/1.1" 200 -
INFO:werkzeug:127.0.0.1 - - [06/Jul/2024 17:52:00] "GET /api/v1/events/4 HTTP/1.1" 200 -
INFO:werkzeug:127.0.0.1 - - [06/Jul/2024 17:52:00] "GET /api/v1/events/4 HTTP/1.1" 200 -
INFO:werkzeug:127.0.0.1 - - [06/Jul/2024 17:52:03] "GET /api/v1/events HTTP/1.1" 200 -
INFO:werkzeug:127.0.0.1 - - [06/Jul/2024 17:52:03] "GET /api/v1/organizations HTTP/1.1" 200 -
INFO:werkzeug:127.0.0.1 - - [06/Jul/2024 17:52:03] "GET /api/v1/organizations HTTP/1.1" 200 -
INFO:werkzeug:127.0.0.1 - - [06/Jul/2024 17:52:03] "GET /api/v1/events HTTP/1.1" 200 -
INFO:werkzeug:127.0.0.1 - - [06/Jul/2024 17:52:03] "GET /api/v1/organizations/3/image HTTP/1.1" 200 -
INFO:werkzeug:127.0.0.1 - - [06/Jul/2024 17:52:03] "GET /api/v1/organizations/3/image HTTP/1.1" 200 -
INFO:werkzeug:127.0.0.1 - - [06/Jul/2024 17:52:15] "GET /api/v1/organizations HTTP/1.1" 200 -
INFO:werkzeug:127.0.0.1 - - [06/Jul/2024 17:52:15] "GET /api/v1/events HTTP/1.1" 200 -
INFO:werkzeug:127.0.0.1 - - [06/Jul/2024 17:52:16] "GET /api/v1/organizations/3/image HTTP/1.1" 200 -
INFO:werkzeug:127.0.0.1 - - [06/Jul/2024 17:52:16] "GET /api/v1/organizations/3/image HTTP/1.1" 200 -
INFO:werkzeug:127.0.0.1 - - [06/Jul/2024 17:52:24] "GET /api/v1/events/10 HTTP/1.1" 200 -
INFO:werkzeug:127.0.0.1 - - [06/Jul/2024 17:52:24] "GET /api/v1/events/10 HTTP/1.1" 200 -
INFO:werkzeug:127.0.0.1 - - [06/Jul/2024 17:52:24] "GET /logo.png HTTP/1.1" 200 -
INFO:werkzeug:127.0.0.1 - - [06/Jul/2024 17:52:24] "GET /api/v1/events/4 HTTP/1.1" 200 -
INFO:werkzeug:127.0.0.1 - - [06/Jul/2024 17:52:24] "GET /api/v1/events/4 HTTP/1.1" 200 -
INFO:werkzeug:127.0.0.1 - - [06/Jul/2024 17:52:24] "GET /api/v1/events/10 HTTP/1.1" 200 -
INFO:werkzeug:127.0.0.1 - - [06/Jul/2024 17:52:24] "GET /api/v1/events/10 HTTP/1.1" 200 -
INFO:werkzeug:127.0.0.1 - - [06/Jul/2024 17:52:24] "GET /api/v1/events/4 HTTP/1.1" 200 -
INFO:werkzeug:127.0.0.1 - - [06/Jul/2024 17:52:24] "GET /api/v1/events/4 HTTP/1.1" 200 -
INFO:werkzeug:127.0.0.1 - - [06/Jul/2024 17:52:27] "GET /api/v1/organizations HTTP/1.1" 200 -
INFO:werkzeug:127.0.0.1 - - [06/Jul/2024 17:52:27] "GET /api/v1/organizations HTTP/1.1" 200 -
INFO:werkzeug:127.0.0.1 - - [06/Jul/2024 17:52:27] "GET /api/v1/events HTTP/1.1" 200 -
INFO:werkzeug:127.0.0.1 - - [06/Jul/2024 17:52:27] "GET /api/v1/events HTTP/1.1" 200 -
INFO:werkzeug:127.0.0.1 - - [06/Jul/2024 17:52:28] "GET /api/v1/organizations/3/image HTTP/1.1" 200 -
INFO:werkzeug:127.0.0.1 - - [06/Jul/2024 17:52:28] "GET /api/v1/organizations/3/image HTTP/1.1" 200 -
INFO:werkzeug:127.0.0.1 - - [06/Jul/2024 18:29:46] "GET /api/v1/organizations HTTP/1.1" 200 -
INFO:werkzeug:127.0.0.1 - - [06/Jul/2024 18:29:46] "GET /api/v1/events HTTP/1.1" 200 -
INFO:werkzeug:127.0.0.1 - - [06/Jul/2024 18:29:46] "GET /api/v1/organizations HTTP/1.1" 200 -
INFO:werkzeug:127.0.0.1 - - [06/Jul/2024 18:29:46] "GET /api/v1/events HTTP/1.1" 200 -
INFO:werkzeug:127.0.0.1 - - [06/Jul/2024 18:29:47] "GET /api/v1/organizations/3/image HTTP/1.1" 200 -
INFO:werkzeug:127.0.0.1 - - [06/Jul/2024 18:29:47] "GET /api/v1/organizations/3/image HTTP/1.1" 200 -
INFO:werkzeug:127.0.0.1 - - [06/Jul/2024 18:30:37] "GET /api/v1/organizations/3/image HTTP/1.1" 200 -
INFO:werkzeug:127.0.0.1 - - [06/Jul/2024 18:32:09] "GET /api/v1/organizations HTTP/1.1" 200 -
INFO:werkzeug:127.0.0.1 - - [06/Jul/2024 18:32:09] "GET /api/v1/events HTTP/1.1" 200 -
INFO:werkzeug:127.0.0.1 - - [06/Jul/2024 18:32:09] "GET /api/v1/organizations HTTP/1.1" 200 -
INFO:werkzeug:127.0.0.1 - - [06/Jul/2024 18:32:09] "GET /api/v1/events HTTP/1.1" 200 -
INFO:werkzeug:127.0.0.1 - - [06/Jul/2024 18:32:09] "GET /api/v1/organizations/3/image HTTP/1.1" 200 -
INFO:werkzeug:127.0.0.1 - - [06/Jul/2024 18:32:10] "GET /api/v1/organizations/3/image HTTP/1.1" 200 -
INFO:werkzeug:127.0.0.1 - - [06/Jul/2024 18:32:45] "GET /api/v1/organizations/3/image HTTP/1.1" 200 -
INFO:werkzeug:127.0.0.1 - - [06/Jul/2024 18:32:45] "GET /api/v1/organizations/3/image HTTP/1.1" 200 -
INFO:werkzeug:127.0.0.1 - - [06/Jul/2024 18:33:07] "GET /api/v1/organizations HTTP/1.1" 200 -
INFO:werkzeug:127.0.0.1 - - [06/Jul/2024 18:33:07] "GET /api/v1/events HTTP/1.1" 200 -
INFO:werkzeug:127.0.0.1 - - [06/Jul/2024 18:33:07] "GET /api/v1/organizations/3/image HTTP/1.1" 200 -
INFO:werkzeug:127.0.0.1 - - [06/Jul/2024 18:33:08] "GET /api/v1/organizations/3/image HTTP/1.1" 200 -
INFO:werkzeug:127.0.0.1 - - [06/Jul/2024 18:33:08] "GET /api/v1/organizations HTTP/1.1" 200 -
INFO:werkzeug:127.0.0.1 - - [06/Jul/2024 18:33:08] "GET /api/v1/events HTTP/1.1" 200 -
INFO:werkzeug:127.0.0.1 - - [06/Jul/2024 18:33:16] "GET /api/v1/organizations HTTP/1.1" 200 -
INFO:werkzeug:127.0.0.1 - - [06/Jul/2024 18:33:16] "GET /api/v1/events HTTP/1.1" 200 -
INFO:werkzeug:127.0.0.1 - - [06/Jul/2024 18:33:17] "GET /api/v1/organizations/3/image HTTP/1.1" 200 -
INFO:werkzeug:127.0.0.1 - - [06/Jul/2024 18:33:17] "GET /api/v1/organizations HTTP/1.1" 200 -
INFO:werkzeug:127.0.0.1 - - [06/Jul/2024 18:33:17] "GET /api/v1/events HTTP/1.1" 200 -
INFO:werkzeug:127.0.0.1 - - [06/Jul/2024 18:33:17] "GET /api/v1/organizations/3/image HTTP/1.1" 200 -
INFO:werkzeug:127.0.0.1 - - [06/Jul/2024 18:33:25] "GET /api/v1/organizations HTTP/1.1" 200 -
INFO:werkzeug:127.0.0.1 - - [06/Jul/2024 18:33:25] "GET /api/v1/events HTTP/1.1" 200 -
INFO:werkzeug:127.0.0.1 - - [06/Jul/2024 18:33:26] "GET /api/v1/organizations/3/image HTTP/1.1" 200 -
INFO:werkzeug:127.0.0.1 - - [06/Jul/2024 18:33:26] "GET /api/v1/organizations/3/image HTTP/1.1" 200 -
INFO:werkzeug:127.0.0.1 - - [06/Jul/2024 18:33:27] "GET /api/v1/organizations HTTP/1.1" 200 -
INFO:werkzeug:127.0.0.1 - - [06/Jul/2024 18:33:27] "GET /api/v1/events HTTP/1.1" 200 -
INFO:werkzeug:127.0.0.1 - - [06/Jul/2024 18:33:35] "GET /api/v1/organizations/3/image HTTP/1.1" 200 -
INFO:werkzeug:127.0.0.1 - - [06/Jul/2024 18:33:35] "GET /api/v1/organizations/3/image HTTP/1.1" 200 -
INFO:werkzeug:127.0.0.1 - - [06/Jul/2024 18:34:07] "GET /api/v1/organizations/3/image HTTP/1.1" 200 -
INFO:werkzeug:127.0.0.1 - - [06/Jul/2024 18:34:29] "GET /api/v1/organizations HTTP/1.1" 200 -
INFO:werkzeug:127.0.0.1 - - [06/Jul/2024 18:34:29] "GET /api/v1/events HTTP/1.1" 200 -
INFO:werkzeug:127.0.0.1 - - [06/Jul/2024 18:34:29] "GET /api/v1/organizations HTTP/1.1" 200 -
INFO:werkzeug:127.0.0.1 - - [06/Jul/2024 18:34:29] "GET /api/v1/events HTTP/1.1" 200 -
INFO:werkzeug:127.0.0.1 - - [06/Jul/2024 18:34:29] "GET /api/v1/organizations/3/image HTTP/1.1" 200 -
INFO:werkzeug:127.0.0.1 - - [06/Jul/2024 18:34:29] "GET /api/v1/organizations/3/image HTTP/1.1" 200 -
INFO:werkzeug:127.0.0.1 - - [06/Jul/2024 18:34:45] "GET /api/v1/organizations/3/image HTTP/1.1" 200 -
INFO:werkzeug:127.0.0.1 - - [06/Jul/2024 18:37:01] "GET /api/v1/organizations HTTP/1.1" 200 -
INFO:werkzeug:127.0.0.1 - - [06/Jul/2024 18:37:01] "GET /api/v1/events HTTP/1.1" 200 -
INFO:werkzeug:127.0.0.1 - - [06/Jul/2024 18:37:02] "GET /api/v1/organizations/3/image HTTP/1.1" 200 -
INFO:werkzeug:127.0.0.1 - - [06/Jul/2024 18:37:02] "GET /api/v1/organizations/3/image HTTP/1.1" 200 -
INFO:werkzeug:127.0.0.1 - - [06/Jul/2024 18:37:02] "GET /api/v1/organizations HTTP/1.1" 200 -
INFO:werkzeug:127.0.0.1 - - [06/Jul/2024 18:37:02] "GET /api/v1/events HTTP/1.1" 200 -
INFO:werkzeug:127.0.0.1 - - [06/Jul/2024 18:37:05] "GET /api/v1/organizations HTTP/1.1" 200 -
INFO:werkzeug:127.0.0.1 - - [06/Jul/2024 18:37:05] "GET /api/v1/events HTTP/1.1" 200 -
INFO:werkzeug:127.0.0.1 - - [06/Jul/2024 18:37:06] "GET /api/v1/organizations/3/image HTTP/1.1" 200 -
INFO:werkzeug:127.0.0.1 - - [06/Jul/2024 18:37:06] "GET /api/v1/organizations/3/image HTTP/1.1" 200 -
INFO:werkzeug:127.0.0.1 - - [06/Jul/2024 18:37:06] "GET /api/v1/organizations/3/image HTTP/1.1" 200 -
INFO:werkzeug:127.0.0.1 - - [06/Jul/2024 18:37:06] "GET /api/v1/organizations/3/image HTTP/1.1" 200 -
INFO:werkzeug:127.0.0.1 - - [06/Jul/2024 18:37:06] "GET /api/v1/organizations/3/image HTTP/1.1" 200 -
INFO:werkzeug:127.0.0.1 - - [06/Jul/2024 18:37:07] "GET /api/v1/organizations/3/image HTTP/1.1" 200 -
INFO:werkzeug:127.0.0.1 - - [06/Jul/2024 18:37:11] "GET /api/v1/organizations HTTP/1.1" 200 -
INFO:werkzeug:127.0.0.1 - - [06/Jul/2024 18:37:11] "GET /api/v1/events HTTP/1.1" 200 -
INFO:werkzeug:127.0.0.1 - - [06/Jul/2024 18:37:12] "GET /api/v1/organizations/3/image HTTP/1.1" 200 -
INFO:werkzeug:127.0.0.1 - - [06/Jul/2024 18:37:12] "GET /api/v1/organizations/3/image HTTP/1.1" 200 -
INFO:werkzeug:127.0.0.1 - - [06/Jul/2024 18:37:35] "GET /api/v1/organizations HTTP/1.1" 200 -
INFO:werkzeug:127.0.0.1 - - [06/Jul/2024 18:37:35] "GET /api/v1/events HTTP/1.1" 200 -
INFO:werkzeug:127.0.0.1 - - [06/Jul/2024 18:37:35] "GET /api/v1/organizations HTTP/1.1" 200 -
INFO:werkzeug:127.0.0.1 - - [06/Jul/2024 18:37:35] "GET /api/v1/events HTTP/1.1" 200 -
INFO:werkzeug:127.0.0.1 - - [06/Jul/2024 18:37:36] "GET /api/v1/organizations/3/image HTTP/1.1" 200 -
INFO:werkzeug:127.0.0.1 - - [06/Jul/2024 18:37:36] "GET /api/v1/organizations/3/image HTTP/1.1" 200 -
INFO:werkzeug:127.0.0.1 - - [06/Jul/2024 19:07:25] "GET /api/v1/events HTTP/1.1" 200 -
INFO:werkzeug:127.0.0.1 - - [06/Jul/2024 19:07:25] "GET /api/v1/organizations HTTP/1.1" 200 -
INFO:werkzeug:127.0.0.1 - - [06/Jul/2024 19:07:25] "GET /api/v1/organizations HTTP/1.1" 200 -
INFO:werkzeug:127.0.0.1 - - [06/Jul/2024 19:07:26] "GET /api/v1/events HTTP/1.1" 200 -
INFO:werkzeug:127.0.0.1 - - [06/Jul/2024 19:07:26] "GET /api/v1/organizations/3/image HTTP/1.1" 200 -
INFO:werkzeug:127.0.0.1 - - [06/Jul/2024 19:07:26] "GET /api/v1/organizations/3/image HTTP/1.1" 200 -
INFO:werkzeug:127.0.0.1 - - [06/Jul/2024 19:07:43] "GET /api/v1/organizations/3/image HTTP/1.1" 200 -
INFO:werkzeug:127.0.0.1 - - [06/Jul/2024 19:07:57] "GET /api/v1/organizations/3/image HTTP/1.1" 200 -
INFO:werkzeug:127.0.0.1 - - [06/Jul/2024 19:31:36] "GET /api/v1/organizations/3/image HTTP/1.1" 200 -
INFO:werkzeug:127.0.0.1 - - [06/Jul/2024 19:31:46] "GET /api/v1/organizations HTTP/1.1" 200 -
INFO:werkzeug:127.0.0.1 - - [06/Jul/2024 19:31:46] "GET /api/v1/events HTTP/1.1" 200 -
INFO:werkzeug:127.0.0.1 - - [06/Jul/2024 19:31:46] "GET /api/v1/organizations HTTP/1.1" 200 -
INFO:werkzeug:127.0.0.1 - - [06/Jul/2024 19:31:46] "GET /api/v1/events HTTP/1.1" 200 -
INFO:werkzeug:127.0.0.1 - - [06/Jul/2024 19:31:46] "GET /api/v1/organizations/3/image HTTP/1.1" 200 -
INFO:werkzeug:127.0.0.1 - - [06/Jul/2024 19:31:47] "GET /api/v1/organizations/3/image HTTP/1.1" 200 -
INFO:werkzeug:127.0.0.1 - - [06/Jul/2024 19:32:43] "GET /api/v1/organizations HTTP/1.1" 200 -
INFO:werkzeug:127.0.0.1 - - [06/Jul/2024 19:32:44] "GET /api/v1/events HTTP/1.1" 200 -
INFO:werkzeug:127.0.0.1 - - [06/Jul/2024 19:32:44] "GET /api/v1/organizations/3/image HTTP/1.1" 200 -
INFO:werkzeug:127.0.0.1 - - [06/Jul/2024 19:32:44] "GET /api/v1/organizations/3/image HTTP/1.1" 200 -
INFO:werkzeug:127.0.0.1 - - [06/Jul/2024 19:32:44] "GET /api/v1/organizations HTTP/1.1" 200 -
INFO:werkzeug:127.0.0.1 - - [06/Jul/2024 19:32:44] "GET /api/v1/events HTTP/1.1" 200 -
INFO:werkzeug:127.0.0.1 - - [06/Jul/2024 19:33:08] "GET /api/v1/organizations/3/image HTTP/1.1" 200 -
INFO:werkzeug:127.0.0.1 - - [06/Jul/2024 19:33:08] "GET /api/v1/organizations/3/image HTTP/1.1" 200 -
INFO:werkzeug:127.0.0.1 - - [06/Jul/2024 19:44:27] "GET /api/v1/organizations/3/image HTTP/1.1" 200 -
INFO:werkzeug:127.0.0.1 - - [06/Jul/2024 19:44:28] "GET /api/v1/organizations/3/image HTTP/1.1" 200 -
INFO:werkzeug:127.0.0.1 - - [07/Jul/2024 09:27:55] "GET /api/v1/organizations HTTP/1.1" 200 -
INFO:sqlalchemy.engine.Engine:BEGIN (implicit)
INFO:sqlalchemy.engine.Engine:SELECT events.id AS events_id, events.title AS events_title, events.link AS events_link, events.sub_links AS events_sub_links, events.image AS events_image, events.date AS events_date, events.start_time AS events_start_time, events.end_time AS events_end_time, events.location AS events_location, events.short_description AS events_short_description, events.full_description AS events_full_description, events.other_info AS events_other_info, events.cost AS events_cost, events.created_at AS events_created_at, events.is_video AS events_is_video, events.is_new AS events_is_new, events.is_active AS events_is_active, events.updated_at AS events_updated_at, events.categories AS events_categories, events.organization_id AS events_organization_id, events.organization_name AS events_organization_name 
FROM events 
WHERE events.is_active = true
INFO:sqlalchemy.engine.Engine:[cached since 1.229e+05s ago] {}
INFO:werkzeug:127.0.0.1 - - [07/Jul/2024 09:27:55] "GET /api/v1/organizations HTTP/1.1" 200 -
INFO:sqlalchemy.engine.Engine:ROLLBACK
INFO:werkzeug:127.0.0.1 - - [07/Jul/2024 09:27:55] "GET /api/v1/events HTTP/1.1" 200 -
INFO:werkzeug:127.0.0.1 - - [07/Jul/2024 09:27:55] "GET /api/v1/events HTTP/1.1" 200 -
INFO:sqlalchemy.engine.Engine:BEGIN (implicit)
INFO:sqlalchemy.engine.Engine:SELECT organizations.id AS organizations_id, organizations.name AS organizations_name, organizations.name_short AS organizations_name_short, organizations.location AS organizations_location, organizations.phone_number AS organizations_phone_number, organizations.email AS organizations_email, organizations.description AS organizations_description, organizations.image AS organizations_image, organizations.website AS organizations_website, organizations.facebook AS organizations_facebook, organizations.twitter AS organizations_twitter, organizations.instagram AS organizations_instagram, organizations.youtube AS organizations_youtube 
FROM organizations 
WHERE organizations.id = %(id_1)s 
 LIMIT %(param_1)s
INFO:sqlalchemy.engine.Engine:[cached since 1.229e+05s ago] {'id_1': 3, 'param_1': 1}
INFO:sqlalchemy.engine.Engine:ROLLBACK
INFO:werkzeug:127.0.0.1 - - [07/Jul/2024 09:27:56] "GET /api/v1/organizations/3/image HTTP/1.1" 200 -
INFO:werkzeug:127.0.0.1 - - [07/Jul/2024 09:27:56] "GET /api/v1/organizations/3/image HTTP/1.1" 200 -
INFO:werkzeug:127.0.0.1 - - [07/Jul/2024 09:28:22] "GET /api/v1/organizations/3/image HTTP/1.1" 200 -
INFO:werkzeug:127.0.0.1 - - [07/Jul/2024 09:28:22] "GET /api/v1/organizations/3/image HTTP/1.1" 200 -
INFO:werkzeug:127.0.0.1 - - [07/Jul/2024 09:32:04] "GET /api/v1/organizations/3/image HTTP/1.1" 200 -
INFO:werkzeug:127.0.0.1 - - [07/Jul/2024 09:32:05] "GET /api/v1/organizations/3/image HTTP/1.1" 200 -
INFO:werkzeug:127.0.0.1 - - [07/Jul/2024 09:32:50] "GET /api/v1/organizations/3/image HTTP/1.1" 200 -
INFO:werkzeug:127.0.0.1 - - [07/Jul/2024 09:32:51] "GET /api/v1/organizations/3/image HTTP/1.1" 200 -
INFO:werkzeug:127.0.0.1 - - [07/Jul/2024 19:25:57] "GET /api/v1/organizations HTTP/1.1" 200 -
INFO:werkzeug:127.0.0.1 - - [07/Jul/2024 19:25:57] "GET /api/v1/events HTTP/1.1" 200 -
INFO:werkzeug:127.0.0.1 - - [07/Jul/2024 19:25:57] "GET /api/v1/organizations HTTP/1.1" 200 -
INFO:werkzeug:127.0.0.1 - - [07/Jul/2024 19:25:57] "GET /api/v1/events HTTP/1.1" 200 -
INFO:werkzeug:127.0.0.1 - - [07/Jul/2024 19:25:57] "GET /api/v1/organizations/3/image HTTP/1.1" 200 -
INFO:werkzeug:127.0.0.1 - - [07/Jul/2024 19:25:57] "GET /api/v1/organizations/3/image HTTP/1.1" 200 -
INFO:root:Started
INFO:sqlalchemy.engine.Engine:SELECT DATABASE()
INFO:sqlalchemy.engine.Engine:[raw sql] {}
INFO:sqlalchemy.engine.Engine:SELECT @@sql_mode
INFO:sqlalchemy.engine.Engine:[raw sql] {}
INFO:sqlalchemy.engine.Engine:SELECT @@lower_case_table_names
INFO:sqlalchemy.engine.Engine:[raw sql] {}
INFO:sqlalchemy.engine.Engine:BEGIN (implicit)
INFO:sqlalchemy.engine.Engine:DESCRIBE `salamcity`.`organizations`
INFO:sqlalchemy.engine.Engine:[raw sql] {}
INFO:sqlalchemy.engine.Engine:DESCRIBE `salamcity`.`events`
INFO:sqlalchemy.engine.Engine:[raw sql] {}
INFO:sqlalchemy.engine.Engine:DESCRIBE `salamcity`.`prayer_times`
INFO:sqlalchemy.engine.Engine:[raw sql] {}
INFO:sqlalchemy.engine.Engine:COMMIT
INFO:root:Database connected
INFO:sqlalchemy.engine.Engine:BEGIN (implicit)
INFO:sqlalchemy.engine.Engine:SELECT organizations.id AS organizations_id, organizations.name AS organizations_name, organizations.name_short AS organizations_name_short, organizations.location AS organizations_location, organizations.phone_number AS organizations_phone_number, organizations.email AS organizations_email, organizations.description AS organizations_description, organizations.image AS organizations_image, organizations.website AS organizations_website, organizations.facebook AS organizations_facebook, organizations.twitter AS organizations_twitter, organizations.instagram AS organizations_instagram, organizations.youtube AS organizations_youtube 
FROM organizations
INFO:sqlalchemy.engine.Engine:[generated in 0.00099s] {}
INFO:sqlalchemy.engine.Engine:ROLLBACK
INFO:werkzeug:[31m[1mWARNING: This is a development server. Do not use it in a production deployment. Use a production WSGI server instead.[0m
 * Running on http://127.0.0.1:5000
INFO:werkzeug:[33mPress CTRL+C to quit[0m
INFO:werkzeug:127.0.0.1 - - [13/Jul/2024 06:51:41] "GET /logo.png HTTP/1.1" 200 -
INFO:sqlalchemy.engine.Engine:BEGIN (implicit)
INFO:sqlalchemy.engine.Engine:SELECT events.id AS events_id, events.title AS events_title, events.link AS events_link, events.sub_links AS events_sub_links, events.image AS events_image, events.date AS events_date, events.start_time AS events_start_time, events.end_time AS events_end_time, events.location AS events_location, events.short_description AS events_short_description, events.full_description AS events_full_description, events.other_info AS events_other_info, events.cost AS events_cost, events.created_at AS events_created_at, events.is_video AS events_is_video, events.is_new AS events_is_new, events.is_active AS events_is_active, events.updated_at AS events_updated_at, events.categories AS events_categories, events.organization_id AS events_organization_id, events.organization_name AS events_organization_name 
FROM events 
WHERE events.organization_id = %(organization_id_1)s AND events.is_active = true
INFO:sqlalchemy.engine.Engine:[generated in 0.00431s] {'organization_id_1': 10}
INFO:sqlalchemy.engine.Engine:BEGIN (implicit)
INFO:sqlalchemy.engine.Engine:SELECT events.id AS events_id, events.title AS events_title, events.link AS events_link, events.sub_links AS events_sub_links, events.image AS events_image, events.date AS events_date, events.start_time AS events_start_time, events.end_time AS events_end_time, events.location AS events_location, events.short_description AS events_short_description, events.full_description AS events_full_description, events.other_info AS events_other_info, events.cost AS events_cost, events.created_at AS events_created_at, events.is_video AS events_is_video, events.is_new AS events_is_new, events.is_active AS events_is_active, events.updated_at AS events_updated_at, events.categories AS events_categories, events.organization_id AS events_organization_id, events.organization_name AS events_organization_name 
FROM events 
WHERE events.organization_id = %(organization_id_1)s AND events.is_active = true
INFO:sqlalchemy.engine.Engine:[cached since 0.01484s ago] {'organization_id_1': 10}
INFO:sqlalchemy.engine.Engine:ROLLBACK
INFO:sqlalchemy.engine.Engine:ROLLBACK
INFO:werkzeug:127.0.0.1 - - [13/Jul/2024 06:51:47] "GET /api/v1/events/10 HTTP/1.1" 200 -
INFO:werkzeug:127.0.0.1 - - [13/Jul/2024 06:51:47] "GET /api/v1/events/10 HTTP/1.1" 200 -
INFO:sqlalchemy.engine.Engine:BEGIN (implicit)
INFO:sqlalchemy.engine.Engine:SELECT events.id AS events_id, events.title AS events_title, events.link AS events_link, events.sub_links AS events_sub_links, events.image AS events_image, events.date AS events_date, events.start_time AS events_start_time, events.end_time AS events_end_time, events.location AS events_location, events.short_description AS events_short_description, events.full_description AS events_full_description, events.other_info AS events_other_info, events.cost AS events_cost, events.created_at AS events_created_at, events.is_video AS events_is_video, events.is_new AS events_is_new, events.is_active AS events_is_active, events.updated_at AS events_updated_at, events.categories AS events_categories, events.organization_id AS events_organization_id, events.organization_name AS events_organization_name 
FROM events 
WHERE events.organization_id = %(organization_id_1)s AND events.is_active = true
INFO:sqlalchemy.engine.Engine:BEGIN (implicit)
INFO:sqlalchemy.engine.Engine:[cached since 0.3886s ago] {'organization_id_1': 4}
INFO:sqlalchemy.engine.Engine:SELECT events.id AS events_id, events.title AS events_title, events.link AS events_link, events.sub_links AS events_sub_links, events.image AS events_image, events.date AS events_date, events.start_time AS events_start_time, events.end_time AS events_end_time, events.location AS events_location, events.short_description AS events_short_description, events.full_description AS events_full_description, events.other_info AS events_other_info, events.cost AS events_cost, events.created_at AS events_created_at, events.is_video AS events_is_video, events.is_new AS events_is_new, events.is_active AS events_is_active, events.updated_at AS events_updated_at, events.categories AS events_categories, events.organization_id AS events_organization_id, events.organization_name AS events_organization_name 
FROM events 
WHERE events.organization_id = %(organization_id_1)s AND events.is_active = true
INFO:sqlalchemy.engine.Engine:[cached since 0.3905s ago] {'organization_id_1': 4}
INFO:sqlalchemy.engine.Engine:ROLLBACK
INFO:sqlalchemy.engine.Engine:ROLLBACK
INFO:werkzeug:127.0.0.1 - - [13/Jul/2024 06:51:47] "GET /api/v1/events/4 HTTP/1.1" 200 -
INFO:werkzeug:127.0.0.1 - - [13/Jul/2024 06:51:47] "GET /api/v1/events/4 HTTP/1.1" 200 -
INFO:werkzeug:127.0.0.1 - - [13/Jul/2024 06:51:48] "GET /api/v1/events/10 HTTP/1.1" 200 -
INFO:werkzeug:127.0.0.1 - - [13/Jul/2024 06:51:48] "GET /api/v1/events/10 HTTP/1.1" 200 -
INFO:werkzeug:127.0.0.1 - - [13/Jul/2024 06:51:48] "GET /api/v1/events/4 HTTP/1.1" 200 -
INFO:werkzeug:127.0.0.1 - - [13/Jul/2024 06:51:48] "GET /api/v1/events/4 HTTP/1.1" 200 -
INFO:werkzeug:127.0.0.1 - - [13/Jul/2024 06:52:03] "GET /api/v1/organizations HTTP/1.1" 200 -
INFO:werkzeug:127.0.0.1 - - [13/Jul/2024 06:52:03] "GET /api/v1/organizations HTTP/1.1" 200 -
INFO:sqlalchemy.engine.Engine:BEGIN (implicit)
INFO:sqlalchemy.engine.Engine:SELECT events.id AS events_id, events.title AS events_title, events.link AS events_link, events.sub_links AS events_sub_links, events.image AS events_image, events.date AS events_date, events.start_time AS events_start_time, events.end_time AS events_end_time, events.location AS events_location, events.short_description AS events_short_description, events.full_description AS events_full_description, events.other_info AS events_other_info, events.cost AS events_cost, events.created_at AS events_created_at, events.is_video AS events_is_video, events.is_new AS events_is_new, events.is_active AS events_is_active, events.updated_at AS events_updated_at, events.categories AS events_categories, events.organization_id AS events_organization_id, events.organization_name AS events_organization_name 
FROM events 
WHERE events.is_active = true
INFO:sqlalchemy.engine.Engine:BEGIN (implicit)
INFO:sqlalchemy.engine.Engine:SELECT events.id AS events_id, events.title AS events_title, events.link AS events_link, events.sub_links AS events_sub_links, events.image AS events_image, events.date AS events_date, events.start_time AS events_start_time, events.end_time AS events_end_time, events.location AS events_location, events.short_description AS events_short_description, events.full_description AS events_full_description, events.other_info AS events_other_info, events.cost AS events_cost, events.created_at AS events_created_at, events.is_video AS events_is_video, events.is_new AS events_is_new, events.is_active AS events_is_active, events.updated_at AS events_updated_at, events.categories AS events_categories, events.organization_id AS events_organization_id, events.organization_name AS events_organization_name 
FROM events 
WHERE events.is_active = true
INFO:sqlalchemy.engine.Engine:[cached since 0.01057s ago] {}
INFO:sqlalchemy.engine.Engine:[generated in 0.00579s] {}
INFO:sqlalchemy.engine.Engine:ROLLBACK
INFO:werkzeug:127.0.0.1 - - [13/Jul/2024 06:52:03] "GET /api/v1/events HTTP/1.1" 200 -
INFO:sqlalchemy.engine.Engine:ROLLBACK
INFO:werkzeug:127.0.0.1 - - [13/Jul/2024 06:52:03] "GET /api/v1/events HTTP/1.1" 200 -
INFO:sqlalchemy.engine.Engine:BEGIN (implicit)
INFO:sqlalchemy.engine.Engine:SELECT organizations.id AS organizations_id, organizations.name AS organizations_name, organizations.name_short AS organizations_name_short, organizations.location AS organizations_location, organizations.phone_number AS organizations_phone_number, organizations.email AS organizations_email, organizations.description AS organizations_description, organizations.image AS organizations_image, organizations.website AS organizations_website, organizations.facebook AS organizations_facebook, organizations.twitter AS organizations_twitter, organizations.instagram AS organizations_instagram, organizations.youtube AS organizations_youtube 
FROM organizations 
WHERE organizations.id = %(id_1)s 
 LIMIT %(param_1)s
INFO:sqlalchemy.engine.Engine:[generated in 0.00186s] {'id_1': 3, 'param_1': 1}
INFO:sqlalchemy.engine.Engine:ROLLBACK
INFO:werkzeug:127.0.0.1 - - [13/Jul/2024 06:52:04] "GET /api/v1/organizations/3/image HTTP/1.1" 200 -
INFO:werkzeug:127.0.0.1 - - [13/Jul/2024 06:52:07] "GET /api/v1/organizations/3/image HTTP/1.1" 200 -
INFO:werkzeug:127.0.0.1 - - [13/Jul/2024 06:52:15] "GET /api/v1/organizations HTTP/1.1" 200 -
INFO:werkzeug:127.0.0.1 - - [13/Jul/2024 06:52:15] "GET /api/v1/events HTTP/1.1" 200 -
INFO:werkzeug:127.0.0.1 - - [13/Jul/2024 06:52:15] "GET /api/v1/organizations HTTP/1.1" 200 -
INFO:werkzeug:127.0.0.1 - - [13/Jul/2024 06:52:15] "GET /api/v1/events HTTP/1.1" 200 -
INFO:werkzeug:127.0.0.1 - - [13/Jul/2024 06:52:16] "GET /api/v1/organizations/3/image HTTP/1.1" 200 -
INFO:werkzeug:127.0.0.1 - - [13/Jul/2024 06:52:16] "GET /api/v1/organizations/3/image HTTP/1.1" 200 -
INFO:werkzeug:127.0.0.1 - - [13/Jul/2024 07:02:21] "GET /logo.png HTTP/1.1" 200 -
INFO:werkzeug:127.0.0.1 - - [13/Jul/2024 07:02:21] "GET /api/v1/organizations HTTP/1.1" 200 -
INFO:werkzeug:127.0.0.1 - - [13/Jul/2024 07:02:21] "GET /api/v1/organizations HTTP/1.1" 200 -
INFO:werkzeug:127.0.0.1 - - [13/Jul/2024 07:02:21] "GET /api/v1/events HTTP/1.1" 200 -
INFO:werkzeug:127.0.0.1 - - [13/Jul/2024 07:02:21] "GET /api/v1/events HTTP/1.1" 200 -
INFO:werkzeug:127.0.0.1 - - [13/Jul/2024 07:02:22] "GET /api/v1/organizations/3/image HTTP/1.1" 200 -
INFO:werkzeug:127.0.0.1 - - [13/Jul/2024 07:02:22] "GET /api/v1/organizations/3/image HTTP/1.1" 200 -
INFO:werkzeug:127.0.0.1 - - [13/Jul/2024 07:03:34] "GET /logo.png HTTP/1.1" 200 -
INFO:werkzeug:127.0.0.1 - - [13/Jul/2024 07:03:35] "GET /api/v1/organizations HTTP/1.1" 200 -
INFO:werkzeug:127.0.0.1 - - [13/Jul/2024 07:03:35] "GET /api/v1/events HTTP/1.1" 200 -
INFO:werkzeug:127.0.0.1 - - [13/Jul/2024 07:03:35] "GET /api/v1/organizations HTTP/1.1" 200 -
INFO:werkzeug:127.0.0.1 - - [13/Jul/2024 07:03:35] "GET /api/v1/events HTTP/1.1" 200 -
INFO:werkzeug:127.0.0.1 - - [13/Jul/2024 07:03:36] "GET /api/v1/organizations/3/image HTTP/1.1" 200 -
INFO:werkzeug:127.0.0.1 - - [13/Jul/2024 07:03:36] "GET /api/v1/organizations/3/image HTTP/1.1" 200 -
INFO:werkzeug:127.0.0.1 - - [13/Jul/2024 07:03:56] "GET /api/v1/organizations/3/image HTTP/1.1" 200 -
INFO:werkzeug:127.0.0.1 - - [13/Jul/2024 07:03:56] "GET /api/v1/organizations/3/image HTTP/1.1" 200 -
INFO:werkzeug:127.0.0.1 - - [13/Jul/2024 07:03:56] "GET /api/v1/organizations/3/image HTTP/1.1" 200 -
INFO:werkzeug:127.0.0.1 - - [13/Jul/2024 07:03:56] "GET /api/v1/organizations/3/image HTTP/1.1" 200 -
INFO:werkzeug:127.0.0.1 - - [13/Jul/2024 07:03:56] "GET /api/v1/organizations/3/image HTTP/1.1" 200 -
INFO:werkzeug:127.0.0.1 - - [13/Jul/2024 07:03:56] "GET /api/v1/organizations/3/image HTTP/1.1" 200 -
INFO:werkzeug:127.0.0.1 - - [13/Jul/2024 07:03:56] "GET /api/v1/organizations/3/image HTTP/1.1" 200 -
INFO:werkzeug:127.0.0.1 - - [13/Jul/2024 07:03:56] "GET /api/v1/organizations/3/image HTTP/1.1" 200 -
INFO:werkzeug:127.0.0.1 - - [13/Jul/2024 07:03:56] "GET /api/v1/organizations/3/image HTTP/1.1" 200 -
INFO:werkzeug:127.0.0.1 - - [13/Jul/2024 07:03:56] "GET /api/v1/organizations/3/image HTTP/1.1" 200 -
INFO:werkzeug:127.0.0.1 - - [13/Jul/2024 07:03:56] "GET /api/v1/organizations/3/image HTTP/1.1" 200 -
INFO:werkzeug:127.0.0.1 - - [13/Jul/2024 07:03:56] "GET /api/v1/organizations/3/image HTTP/1.1" 200 -
INFO:werkzeug:127.0.0.1 - - [13/Jul/2024 08:03:21] "GET /logo.png HTTP/1.1" 200 -
INFO:werkzeug:127.0.0.1 - - [13/Jul/2024 08:03:21] "GET /api/v1/organizations HTTP/1.1" 200 -
INFO:werkzeug:127.0.0.1 - - [13/Jul/2024 08:03:21] "GET /api/v1/organizations HTTP/1.1" 200 -
INFO:werkzeug:127.0.0.1 - - [13/Jul/2024 08:03:21] "GET /api/v1/events HTTP/1.1" 200 -
INFO:werkzeug:127.0.0.1 - - [13/Jul/2024 08:03:21] "GET /api/v1/events HTTP/1.1" 200 -
INFO:werkzeug:127.0.0.1 - - [13/Jul/2024 08:03:22] "GET /api/v1/organizations/3/image HTTP/1.1" 200 -
INFO:werkzeug:127.0.0.1 - - [13/Jul/2024 08:03:22] "GET /api/v1/organizations/3/image HTTP/1.1" 200 -
INFO:werkzeug:127.0.0.1 - - [13/Jul/2024 08:03:50] "GET /api/v1/organizations HTTP/1.1" 200 -
INFO:werkzeug:127.0.0.1 - - [13/Jul/2024 08:03:50] "GET /api/v1/events HTTP/1.1" 200 -
INFO:werkzeug:127.0.0.1 - - [13/Jul/2024 08:03:50] "GET /api/v1/organizations/3/image HTTP/1.1" 200 -
INFO:werkzeug:127.0.0.1 - - [13/Jul/2024 08:03:50] "GET /api/v1/organizations/3/image HTTP/1.1" 200 -
INFO:werkzeug:127.0.0.1 - - [13/Jul/2024 08:03:50] "GET /api/v1/organizations/3/image HTTP/1.1" 200 -
INFO:werkzeug:127.0.0.1 - - [13/Jul/2024 08:03:50] "GET /api/v1/organizations/3/image HTTP/1.1" 200 -
INFO:werkzeug:127.0.0.1 - - [13/Jul/2024 08:03:50] "GET /api/v1/organizations/3/image HTTP/1.1" 200 -
INFO:werkzeug:127.0.0.1 - - [13/Jul/2024 08:03:50] "GET /api/v1/organizations/3/image HTTP/1.1" 200 -
INFO:werkzeug:127.0.0.1 - - [13/Jul/2024 08:03:53] "GET /api/v1/organizations HTTP/1.1" 200 -
INFO:werkzeug:127.0.0.1 - - [13/Jul/2024 08:03:53] "GET /api/v1/events HTTP/1.1" 200 -
INFO:werkzeug:127.0.0.1 - - [13/Jul/2024 08:03:54] "GET /api/v1/organizations/3/image HTTP/1.1" 200 -
INFO:werkzeug:127.0.0.1 - - [13/Jul/2024 08:03:54] "GET /api/v1/organizations/3/image HTTP/1.1" 200 -
INFO:werkzeug:127.0.0.1 - - [13/Jul/2024 08:18:49] "GET /logo.png HTTP/1.1" 200 -
INFO:sqlalchemy.engine.Engine:BEGIN (implicit)
INFO:sqlalchemy.engine.Engine:BEGIN (implicit)
INFO:sqlalchemy.engine.Engine:SELECT prayer_times.id AS prayer_times_id, prayer_times.prayer_name AS prayer_times_prayer_name, prayer_times.athan_time AS prayer_times_athan_time, prayer_times.iqama_time AS prayer_times_iqama_time, prayer_times.jumuah_time AS prayer_times_jumuah_time, prayer_times.jumuah_time2 AS prayer_times_jumuah_time2, prayer_times.created_at AS prayer_times_created_at, prayer_times.organization_id AS prayer_times_organization_id, prayer_times.organization_name AS prayer_times_organization_name 
FROM prayer_times 
WHERE prayer_times.created_at >= %(created_at_1)s AND prayer_times.created_at <= %(created_at_2)s
INFO:sqlalchemy.engine.Engine:SELECT prayer_times.id AS prayer_times_id, prayer_times.prayer_name AS prayer_times_prayer_name, prayer_times.athan_time AS prayer_times_athan_time, prayer_times.iqama_time AS prayer_times_iqama_time, prayer_times.jumuah_time AS prayer_times_jumuah_time, prayer_times.jumuah_time2 AS prayer_times_jumuah_time2, prayer_times.created_at AS prayer_times_created_at, prayer_times.organization_id AS prayer_times_organization_id, prayer_times.organization_name AS prayer_times_organization_name 
FROM prayer_times 
WHERE prayer_times.created_at >= %(created_at_1)s AND prayer_times.created_at <= %(created_at_2)s
INFO:sqlalchemy.engine.Engine:[generated in 0.00135s] {'created_at_1': datetime.datetime(2024, 7, 13, 0, 0), 'created_at_2': datetime.datetime(2024, 7, 13, 23, 59, 59)}
INFO:sqlalchemy.engine.Engine:[generated in 0.01104s] {'created_at_1': datetime.datetime(2024, 7, 13, 0, 0), 'created_at_2': datetime.datetime(2024, 7, 13, 23, 59, 59)}
INFO:sqlalchemy.engine.Engine:ROLLBACK
INFO:sqlalchemy.engine.Engine:ROLLBACK
INFO:werkzeug:127.0.0.1 - - [13/Jul/2024 08:18:51] "GET /api/v1/prayer_times HTTP/1.1" 200 -
INFO:werkzeug:127.0.0.1 - - [13/Jul/2024 08:18:51] "GET /api/v1/prayer_times HTTP/1.1" 200 -
INFO:werkzeug:127.0.0.1 - - [13/Jul/2024 08:18:51] "GET /api/v1/organizations HTTP/1.1" 200 -
INFO:werkzeug:127.0.0.1 - - [13/Jul/2024 08:18:51] "GET /api/v1/organizations HTTP/1.1" 200 -
INFO:werkzeug:127.0.0.1 - - [13/Jul/2024 08:21:06] "GET /api/v1/prayer_times HTTP/1.1" 200 -
INFO:werkzeug:127.0.0.1 - - [13/Jul/2024 08:21:09] "GET /favicon.ico HTTP/1.1" 200 -
INFO:werkzeug:127.0.0.1 - - [13/Jul/2024 09:18:05] "GET /api/v1/events/10 HTTP/1.1" 200 -
INFO:werkzeug:127.0.0.1 - - [13/Jul/2024 09:18:05] "GET /api/v1/events/10 HTTP/1.1" 200 -
INFO:werkzeug:127.0.0.1 - - [13/Jul/2024 09:18:05] "GET /logo.png HTTP/1.1" 200 -
INFO:werkzeug:127.0.0.1 - - [13/Jul/2024 09:18:06] "GET /api/v1/events/4 HTTP/1.1" 200 -
INFO:werkzeug:127.0.0.1 - - [13/Jul/2024 09:18:06] "GET /api/v1/events/4 HTTP/1.1" 200 -
INFO:werkzeug:127.0.0.1 - - [13/Jul/2024 09:18:06] "GET /api/v1/events/10 HTTP/1.1" 200 -
INFO:werkzeug:127.0.0.1 - - [13/Jul/2024 09:18:06] "GET /api/v1/events/10 HTTP/1.1" 200 -
INFO:werkzeug:127.0.0.1 - - [13/Jul/2024 09:18:06] "GET /api/v1/events/4 HTTP/1.1" 200 -
INFO:werkzeug:127.0.0.1 - - [13/Jul/2024 09:18:06] "GET /api/v1/events/4 HTTP/1.1" 200 -
INFO:werkzeug:127.0.0.1 - - [14/Jul/2024 18:26:22] "GET /logo.png HTTP/1.1" 200 -
INFO:werkzeug:127.0.0.1 - - [14/Jul/2024 18:26:22] "GET /api/v1/organizations HTTP/1.1" 200 -
INFO:werkzeug:127.0.0.1 - - [14/Jul/2024 18:26:22] "GET /api/v1/organizations HTTP/1.1" 200 -
INFO:sqlalchemy.engine.Engine:BEGIN (implicit)
INFO:sqlalchemy.engine.Engine:BEGIN (implicit)
INFO:sqlalchemy.engine.Engine:SELECT events.id AS events_id, events.title AS events_title, events.link AS events_link, events.sub_links AS events_sub_links, events.image AS events_image, events.date AS events_date, events.start_time AS events_start_time, events.end_time AS events_end_time, events.location AS events_location, events.short_description AS events_short_description, events.full_description AS events_full_description, events.other_info AS events_other_info, events.cost AS events_cost, events.created_at AS events_created_at, events.is_video AS events_is_video, events.is_new AS events_is_new, events.is_active AS events_is_active, events.updated_at AS events_updated_at, events.categories AS events_categories, events.organization_id AS events_organization_id, events.organization_name AS events_organization_name 
FROM events 
WHERE events.is_active = true
INFO:sqlalchemy.engine.Engine:SELECT events.id AS events_id, events.title AS events_title, events.link AS events_link, events.sub_links AS events_sub_links, events.image AS events_image, events.date AS events_date, events.start_time AS events_start_time, events.end_time AS events_end_time, events.location AS events_location, events.short_description AS events_short_description, events.full_description AS events_full_description, events.other_info AS events_other_info, events.cost AS events_cost, events.created_at AS events_created_at, events.is_video AS events_is_video, events.is_new AS events_is_new, events.is_active AS events_is_active, events.updated_at AS events_updated_at, events.categories AS events_categories, events.organization_id AS events_organization_id, events.organization_name AS events_organization_name 
FROM events 
WHERE events.is_active = true
INFO:sqlalchemy.engine.Engine:[cached since 1.281e+05s ago] {}
INFO:sqlalchemy.engine.Engine:[cached since 1.281e+05s ago] {}
INFO:sqlalchemy.engine.Engine:ROLLBACK
INFO:sqlalchemy.engine.Engine:ROLLBACK
INFO:werkzeug:127.0.0.1 - - [14/Jul/2024 18:26:22] "GET /api/v1/events HTTP/1.1" 200 -
INFO:werkzeug:127.0.0.1 - - [14/Jul/2024 18:26:22] "GET /api/v1/events HTTP/1.1" 200 -
INFO:sqlalchemy.engine.Engine:BEGIN (implicit)
INFO:sqlalchemy.engine.Engine:SELECT organizations.id AS organizations_id, organizations.name AS organizations_name, organizations.name_short AS organizations_name_short, organizations.location AS organizations_location, organizations.phone_number AS organizations_phone_number, organizations.email AS organizations_email, organizations.description AS organizations_description, organizations.image AS organizations_image, organizations.website AS organizations_website, organizations.facebook AS organizations_facebook, organizations.twitter AS organizations_twitter, organizations.instagram AS organizations_instagram, organizations.youtube AS organizations_youtube 
FROM organizations 
WHERE organizations.id = %(id_1)s 
 LIMIT %(param_1)s
INFO:sqlalchemy.engine.Engine:BEGIN (implicit)
INFO:sqlalchemy.engine.Engine:[cached since 1.281e+05s ago] {'id_1': 3, 'param_1': 1}
INFO:sqlalchemy.engine.Engine:SELECT organizations.id AS organizations_id, organizations.name AS organizations_name, organizations.name_short AS organizations_name_short, organizations.location AS organizations_location, organizations.phone_number AS organizations_phone_number, organizations.email AS organizations_email, organizations.description AS organizations_description, organizations.image AS organizations_image, organizations.website AS organizations_website, organizations.facebook AS organizations_facebook, organizations.twitter AS organizations_twitter, organizations.instagram AS organizations_instagram, organizations.youtube AS organizations_youtube 
FROM organizations 
WHERE organizations.id = %(id_1)s 
 LIMIT %(param_1)s
INFO:sqlalchemy.engine.Engine:[cached since 1.281e+05s ago] {'id_1': 3, 'param_1': 1}
INFO:sqlalchemy.engine.Engine:ROLLBACK
INFO:sqlalchemy.engine.Engine:ROLLBACK
INFO:sqlalchemy.engine.Engine:BEGIN (implicit)
INFO:sqlalchemy.engine.Engine:BEGIN (implicit)
INFO:werkzeug:127.0.0.1 - - [14/Jul/2024 18:26:23] "GET /api/v1/organizations/3/image HTTP/1.1" 200 -
INFO:werkzeug:127.0.0.1 - - [14/Jul/2024 18:26:23] "GET /api/v1/organizations/3/image HTTP/1.1" 200 -
INFO:sqlalchemy.engine.Engine:SELECT organizations.id AS organizations_id, organizations.name AS organizations_name, organizations.name_short AS organizations_name_short, organizations.location AS organizations_location, organizations.phone_number AS organizations_phone_number, organizations.email AS organizations_email, organizations.description AS organizations_description, organizations.image AS organizations_image, organizations.website AS organizations_website, organizations.facebook AS organizations_facebook, organizations.twitter AS organizations_twitter, organizations.instagram AS organizations_instagram, organizations.youtube AS organizations_youtube 
FROM organizations 
WHERE organizations.id = %(id_1)s 
 LIMIT %(param_1)s
INFO:sqlalchemy.engine.Engine:SELECT organizations.id AS organizations_id, organizations.name AS organizations_name, organizations.name_short AS organizations_name_short, organizations.location AS organizations_location, organizations.phone_number AS organizations_phone_number, organizations.email AS organizations_email, organizations.description AS organizations_description, organizations.image AS organizations_image, organizations.website AS organizations_website, organizations.facebook AS organizations_facebook, organizations.twitter AS organizations_twitter, organizations.instagram AS organizations_instagram, organizations.youtube AS organizations_youtube 
FROM organizations 
WHERE organizations.id = %(id_1)s 
 LIMIT %(param_1)s
INFO:sqlalchemy.engine.Engine:BEGIN (implicit)
INFO:sqlalchemy.engine.Engine:[cached since 1.281e+05s ago] {'id_1': 3, 'param_1': 1}
INFO:sqlalchemy.engine.Engine:BEGIN (implicit)
INFO:sqlalchemy.engine.Engine:[cached since 1.281e+05s ago] {'id_1': 3, 'param_1': 1}
INFO:sqlalchemy.engine.Engine:SELECT organizations.id AS organizations_id, organizations.name AS organizations_name, organizations.name_short AS organizations_name_short, organizations.location AS organizations_location, organizations.phone_number AS organizations_phone_number, organizations.email AS organizations_email, organizations.description AS organizations_description, organizations.image AS organizations_image, organizations.website AS organizations_website, organizations.facebook AS organizations_facebook, organizations.twitter AS organizations_twitter, organizations.instagram AS organizations_instagram, organizations.youtube AS organizations_youtube 
FROM organizations 
WHERE organizations.id = %(id_1)s 
 LIMIT %(param_1)s
INFO:sqlalchemy.engine.Engine:SELECT organizations.id AS organizations_id, organizations.name AS organizations_name, organizations.name_short AS organizations_name_short, organizations.location AS organizations_location, organizations.phone_number AS organizations_phone_number, organizations.email AS organizations_email, organizations.description AS organizations_description, organizations.image AS organizations_image, organizations.website AS organizations_website, organizations.facebook AS organizations_facebook, organizations.twitter AS organizations_twitter, organizations.instagram AS organizations_instagram, organizations.youtube AS organizations_youtube 
FROM organizations 
WHERE organizations.id = %(id_1)s 
 LIMIT %(param_1)s
INFO:werkzeug:127.0.0.1 - - [14/Jul/2024 18:26:23] "GET /api/v1/organizations/3/image HTTP/1.1" 200 -
INFO:sqlalchemy.engine.Engine:ROLLBACK
INFO:sqlalchemy.engine.Engine:[cached since 1.281e+05s ago] {'id_1': 3, 'param_1': 1}
INFO:sqlalchemy.engine.Engine:ROLLBACK
INFO:sqlalchemy.engine.Engine:[cached since 1.281e+05s ago] {'id_1': 3, 'param_1': 1}
INFO:werkzeug:127.0.0.1 - - [14/Jul/2024 18:26:23] "GET /api/v1/organizations/3/image HTTP/1.1" 200 -
INFO:werkzeug:127.0.0.1 - - [14/Jul/2024 18:26:23] "GET /api/v1/organizations/3/image HTTP/1.1" 200 -
INFO:werkzeug:127.0.0.1 - - [14/Jul/2024 18:26:23] "GET /api/v1/organizations/3/image HTTP/1.1" 200 -
INFO:sqlalchemy.engine.Engine:ROLLBACK
INFO:werkzeug:127.0.0.1 - - [14/Jul/2024 18:26:23] "GET /api/v1/organizations/3/image HTTP/1.1" 200 -
INFO:sqlalchemy.engine.Engine:ROLLBACK
INFO:werkzeug:127.0.0.1 - - [14/Jul/2024 18:26:23] "GET /api/v1/organizations/3/image HTTP/1.1" 200 -
INFO:werkzeug:127.0.0.1 - - [14/Jul/2024 18:26:29] "GET /api/v1/organizations HTTP/1.1" 200 -
INFO:werkzeug:127.0.0.1 - - [14/Jul/2024 18:26:29] "GET /api/v1/events HTTP/1.1" 200 -
INFO:werkzeug:127.0.0.1 - - [14/Jul/2024 18:26:29] "GET /api/v1/organizations/3/image HTTP/1.1" 200 -
INFO:werkzeug:127.0.0.1 - - [14/Jul/2024 18:26:29] "GET /api/v1/organizations/3/image HTTP/1.1" 200 -
INFO:werkzeug:127.0.0.1 - - [14/Jul/2024 18:26:32] "GET /api/v1/organizations HTTP/1.1" 200 -
INFO:werkzeug:127.0.0.1 - - [14/Jul/2024 18:26:32] "GET /api/v1/events HTTP/1.1" 200 -
INFO:werkzeug:127.0.0.1 - - [14/Jul/2024 18:26:32] "GET /api/v1/organizations/3/image HTTP/1.1" 200 -
INFO:werkzeug:127.0.0.1 - - [14/Jul/2024 18:26:32] "GET /api/v1/organizations/3/image HTTP/1.1" 200 -
INFO:werkzeug:127.0.0.1 - - [14/Jul/2024 18:26:32] "GET /api/v1/organizations/3/image HTTP/1.1" 200 -
INFO:werkzeug:127.0.0.1 - - [14/Jul/2024 18:26:32] "GET /api/v1/organizations/3/image HTTP/1.1" 200 -
INFO:werkzeug:127.0.0.1 - - [14/Jul/2024 18:26:32] "GET /api/v1/organizations/3/image HTTP/1.1" 200 -
INFO:werkzeug:127.0.0.1 - - [14/Jul/2024 18:26:32] "GET /api/v1/organizations/3/image HTTP/1.1" 200 -
INFO:werkzeug:127.0.0.1 - - [14/Jul/2024 18:26:32] "GET /api/v1/organizations/3/image HTTP/1.1" 200 -
INFO:werkzeug:127.0.0.1 - - [14/Jul/2024 18:26:32] "GET /api/v1/organizations/3/image HTTP/1.1" 200 -
INFO:sqlalchemy.engine.Engine:BEGIN (implicit)
INFO:sqlalchemy.engine.Engine:SELECT events.id AS events_id, events.title AS events_title, events.link AS events_link, events.sub_links AS events_sub_links, events.image AS events_image, events.date AS events_date, events.start_time AS events_start_time, events.end_time AS events_end_time, events.location AS events_location, events.short_description AS events_short_description, events.full_description AS events_full_description, events.other_info AS events_other_info, events.cost AS events_cost, events.created_at AS events_created_at, events.is_video AS events_is_video, events.is_new AS events_is_new, events.is_active AS events_is_active, events.updated_at AS events_updated_at, events.categories AS events_categories, events.organization_id AS events_organization_id, events.organization_name AS events_organization_name 
FROM events 
WHERE events.organization_id = %(organization_id_1)s AND events.is_active = true
INFO:sqlalchemy.engine.Engine:[cached since 1.281e+05s ago] {'organization_id_1': 10}
INFO:sqlalchemy.engine.Engine:BEGIN (implicit)
INFO:sqlalchemy.engine.Engine:SELECT events.id AS events_id, events.title AS events_title, events.link AS events_link, events.sub_links AS events_sub_links, events.image AS events_image, events.date AS events_date, events.start_time AS events_start_time, events.end_time AS events_end_time, events.location AS events_location, events.short_description AS events_short_description, events.full_description AS events_full_description, events.other_info AS events_other_info, events.cost AS events_cost, events.created_at AS events_created_at, events.is_video AS events_is_video, events.is_new AS events_is_new, events.is_active AS events_is_active, events.updated_at AS events_updated_at, events.categories AS events_categories, events.organization_id AS events_organization_id, events.organization_name AS events_organization_name 
FROM events 
WHERE events.organization_id = %(organization_id_1)s AND events.is_active = true
INFO:sqlalchemy.engine.Engine:[cached since 1.281e+05s ago] {'organization_id_1': 10}
INFO:sqlalchemy.engine.Engine:ROLLBACK
INFO:werkzeug:127.0.0.1 - - [14/Jul/2024 18:26:34] "GET /api/v1/events/10 HTTP/1.1" 200 -
INFO:sqlalchemy.engine.Engine:ROLLBACK
INFO:werkzeug:127.0.0.1 - - [14/Jul/2024 18:26:34] "GET /api/v1/events/10 HTTP/1.1" 200 -
INFO:sqlalchemy.engine.Engine:BEGIN (implicit)
INFO:sqlalchemy.engine.Engine:SELECT events.id AS events_id, events.title AS events_title, events.link AS events_link, events.sub_links AS events_sub_links, events.image AS events_image, events.date AS events_date, events.start_time AS events_start_time, events.end_time AS events_end_time, events.location AS events_location, events.short_description AS events_short_description, events.full_description AS events_full_description, events.other_info AS events_other_info, events.cost AS events_cost, events.created_at AS events_created_at, events.is_video AS events_is_video, events.is_new AS events_is_new, events.is_active AS events_is_active, events.updated_at AS events_updated_at, events.categories AS events_categories, events.organization_id AS events_organization_id, events.organization_name AS events_organization_name 
FROM events 
WHERE events.organization_id = %(organization_id_1)s AND events.is_active = true
INFO:sqlalchemy.engine.Engine:BEGIN (implicit)
INFO:sqlalchemy.engine.Engine:[cached since 1.281e+05s ago] {'organization_id_1': 4}
INFO:sqlalchemy.engine.Engine:SELECT events.id AS events_id, events.title AS events_title, events.link AS events_link, events.sub_links AS events_sub_links, events.image AS events_image, events.date AS events_date, events.start_time AS events_start_time, events.end_time AS events_end_time, events.location AS events_location, events.short_description AS events_short_description, events.full_description AS events_full_description, events.other_info AS events_other_info, events.cost AS events_cost, events.created_at AS events_created_at, events.is_video AS events_is_video, events.is_new AS events_is_new, events.is_active AS events_is_active, events.updated_at AS events_updated_at, events.categories AS events_categories, events.organization_id AS events_organization_id, events.organization_name AS events_organization_name 
FROM events 
WHERE events.organization_id = %(organization_id_1)s AND events.is_active = true
INFO:sqlalchemy.engine.Engine:[cached since 1.281e+05s ago] {'organization_id_1': 4}
INFO:sqlalchemy.engine.Engine:ROLLBACK
INFO:sqlalchemy.engine.Engine:ROLLBACK
INFO:werkzeug:127.0.0.1 - - [14/Jul/2024 18:26:35] "GET /api/v1/events/4 HTTP/1.1" 200 -
INFO:werkzeug:127.0.0.1 - - [14/Jul/2024 18:26:35] "GET /api/v1/events/4 HTTP/1.1" 200 -
INFO:werkzeug:127.0.0.1 - - [14/Jul/2024 18:26:35] "GET /api/v1/events/10 HTTP/1.1" 200 -
INFO:werkzeug:127.0.0.1 - - [14/Jul/2024 18:26:35] "GET /api/v1/events/10 HTTP/1.1" 200 -
INFO:werkzeug:127.0.0.1 - - [14/Jul/2024 18:26:35] "GET /api/v1/events/4 HTTP/1.1" 200 -
INFO:werkzeug:127.0.0.1 - - [14/Jul/2024 18:26:35] "GET /api/v1/events/4 HTTP/1.1" 200 -
